=== AETHER dbt-oracle — 6000 block(s) ===
    reference engine: hand-written ARM64 interpreter (independent of DBT)

[SKIP  ] bb_libhwui_200518_c0         reference: unsupported insn 0x2f016622
[SKIP  ] bb_libhwui_200518_c1         reference: unsupported insn 0x2f016622
[SKIP  ] bb_libhwui_200518_c2         reference: unsupported insn 0x2f016622
[SKIP  ] bb_libhwui_200538_c0         reference: unsupported insn 0x0ea22064
[SKIP  ] bb_libhwui_200538_c1         reference: unsupported insn 0x0ea22064
[SKIP  ] bb_libhwui_200538_c2         reference: unsupported insn 0x0ea22064
[SKIP  ] bb_libhwui_200558_c0         reference: unsupported insn 0x9e660088
[SKIP  ] bb_libhwui_200558_c1         reference: unsupported insn 0x9e660088
[SKIP  ] bb_libhwui_200558_c2         reference: unsupported insn 0x9e660088
[SKIP  ] bb_libhwui_200578_c0         reference: unsupported insn 0x2ea13881
[SKIP  ] bb_libhwui_200578_c1         reference: unsupported insn 0x2ea13881
[SKIP  ] bb_libhwui_200578_c2         reference: unsupported insn 0x2ea13881
[SKIP  ] bb_libhwui_200598_c0         reference: unsupported insn 0x2ea13842
[SKIP  ] bb_libhwui_200598_c1         reference: unsupported insn 0x2ea13842
[SKIP  ] bb_libhwui_200598_c2         reference: unsupported insn 0x2ea13842
[SKIP  ] bb_libhwui_200634_c0         reference: unsupported insn 0x6f00e402
[SKIP  ] bb_libhwui_200634_c1         reference: unsupported insn 0x6f00e402
[SKIP  ] bb_libhwui_200634_c2         reference: unsupported insn 0x6f00e402
[SKIP  ] bb_libhwui_20067c_c0         reference: unsupported insn 0x1e26004a
[SKIP  ] bb_libhwui_20067c_c1         reference: unsupported insn 0x1e26004a
[SKIP  ] bb_libhwui_20067c_c2         reference: unsupported insn 0x1e26004a
[PASS  ] bb_libhwui_200690_c0         (405 bytes x86)
[PASS  ] bb_libhwui_200690_c1         (405 bytes x86)
[PASS  ] bb_libhwui_200690_c2         (405 bytes x86)
[SKIP  ] bb_libhwui_200f48_c0         reference: unsupported insn 0x9e660049
[SKIP  ] bb_libhwui_200f48_c1         reference: unsupported insn 0x9e660049
[SKIP  ] bb_libhwui_200f48_c2         reference: unsupported insn 0x9e660049
[SKIP  ] bb_libhwui_201540_c0         reference: unsupported insn 0x1e270103
[SKIP  ] bb_libhwui_201540_c1         reference: unsupported insn 0x1e270103
[SKIP  ] bb_libhwui_201540_c2         reference: unsupported insn 0x1e270103
[PASS  ] bb_libhwui_2016e0_c0         (388 bytes x86)
[PASS  ] bb_libhwui_2016e0_c1         (388 bytes x86)
[PASS  ] bb_libhwui_2016e0_c2         (388 bytes x86)
[SKIP  ] bb_libhwui_201c94_c0         reference: unsupported insn 0x0ea00802
[SKIP  ] bb_libhwui_201c94_c1         reference: unsupported insn 0x0ea00802
[SKIP  ] bb_libhwui_201c94_c2         reference: unsupported insn 0x0ea00802
[SKIP  ] bb_libhwui_201cb4_c0         reference: unsupported insn 0x1e260029
[SKIP  ] bb_libhwui_201cb4_c1         reference: unsupported insn 0x1e260029
[SKIP  ] bb_libhwui_201cb4_c2         reference: unsupported insn 0x1e260029
[SKIP  ] bb_libhwui_201ce8_c0         reference: unsupported insn 0x0ea1b821
[SKIP  ] bb_libhwui_201ce8_c1         reference: unsupported insn 0x0ea1b821
[SKIP  ] bb_libhwui_201ce8_c2         reference: unsupported insn 0x0ea1b821
[SKIP  ] bb_libhwui_201d30_c0         reference: unsupported insn 0x2f00e400
[SKIP  ] bb_libhwui_201d30_c1         reference: unsupported insn 0x2f00e400
[SKIP  ] bb_libhwui_201d30_c2         reference: unsupported insn 0x2f00e400
[SKIP  ] bb_libhwui_201e58_c0         reference: unsupported insn 0x0ea02022
[SKIP  ] bb_libhwui_201e58_c1         reference: unsupported insn 0x0ea02022
[SKIP  ] bb_libhwui_201e58_c2         reference: unsupported insn 0x0ea02022
[PASS  ] bb_libhwui_201eb8_c0         (139 bytes x86)
[PASS  ] bb_libhwui_201eb8_c1         (139 bytes x86)
[PASS  ] bb_libhwui_201eb8_c2         (139 bytes x86)
[SKIP  ] bb_libhwui_202638_c0         reference: unsupported insn 0x2f00e409
[SKIP  ] bb_libhwui_202638_c1         reference: unsupported insn 0x2f00e409
[SKIP  ] bb_libhwui_202638_c2         reference: unsupported insn 0x2f00e409
[PASS  ] bb_libhwui_202778_c0         (179 bytes x86)
[PASS  ] bb_libhwui_202778_c1         (179 bytes x86)
[PASS  ] bb_libhwui_202778_c2         (179 bytes x86)
[SKIP  ] bb_libhwui_202854_c0         reference: unsupported insn 0x0f839000
[SKIP  ] bb_libhwui_202854_c1         reference: unsupported insn 0x0f839000
[SKIP  ] bb_libhwui_202854_c2         reference: unsupported insn 0x0f839000
[SKIP  ] bb_libhwui_202874_c0         reference: unsupported insn 0x7e30d800
[SKIP  ] bb_libhwui_202874_c1         reference: unsupported insn 0x7e30d800
[SKIP  ] bb_libhwui_202874_c2         reference: unsupported insn 0x7e30d800
[SKIP  ] bb_libhwui_2029b4_c0         reference: unsupported insn 0x1e21100a
[SKIP  ] bb_libhwui_2029b4_c1         reference: unsupported insn 0x1e21100a
[SKIP  ] bb_libhwui_2029b4_c2         reference: unsupported insn 0x1e21100a
[SKIP  ] bb_libhwui_202a5c_c0         reference: unsupported insn 0x2f00e400
[SKIP  ] bb_libhwui_202a5c_c1         reference: unsupported insn 0x2f00e400
[SKIP  ] bb_libhwui_202a5c_c2         reference: unsupported insn 0x2f00e400
[SKIP  ] bb_libhwui_202a68_c0         reference: unsupported insn 0x2f00e400
[SKIP  ] bb_libhwui_202a68_c1         reference: unsupported insn 0x2f00e400
[SKIP  ] bb_libhwui_202a68_c2         reference: unsupported insn 0x2f00e400
[SKIP  ] bb_libhwui_202d24_c0         reference: unsupported insn 0x1e2600a9
[SKIP  ] bb_libhwui_202d24_c1         reference: unsupported insn 0x1e2600a9
[SKIP  ] bb_libhwui_202d24_c2         reference: unsupported insn 0x1e2600a9
[SKIP  ] bb_libhwui_202d58_c0         reference: unsupported insn 0x2e205864
[SKIP  ] bb_libhwui_202d58_c1         reference: unsupported insn 0x2e205864
[SKIP  ] bb_libhwui_202d58_c2         reference: unsupported insn 0x2e205864
[SKIP  ] bb_libhwui_202d78_c0         reference: unsupported insn 0x1e260068
[SKIP  ] bb_libhwui_202d78_c1         reference: unsupported insn 0x1e260068
[SKIP  ] bb_libhwui_202d78_c2         reference: unsupported insn 0x1e260068
[SKIP  ] bb_libhwui_202d8c_c0         reference: unsupported insn 0x5e0c0442
[SKIP  ] bb_libhwui_202d8c_c1         reference: unsupported insn 0x5e0c0442
[SKIP  ] bb_libhwui_202d8c_c2         reference: unsupported insn 0x5e0c0442
[SKIP  ] bb_libhwui_202db0_c0         reference: unsupported insn 0x1e2600a9
[SKIP  ] bb_libhwui_202db0_c1         reference: unsupported insn 0x1e2600a9
[SKIP  ] bb_libhwui_202db0_c2         reference: unsupported insn 0x1e2600a9
[PASS  ] bb_libhwui_202f60_c0         (233 bytes x86)
[PASS  ] bb_libhwui_202f60_c1         (233 bytes x86)
[PASS  ] bb_libhwui_202f60_c2         (233 bytes x86)
[PASS  ] bb_libhwui_202f70_c0         (769 bytes x86)
[PASS  ] bb_libhwui_202f70_c1         (769 bytes x86)
[PASS  ] bb_libhwui_202f70_c2         (769 bytes x86)
[PASS  ] bb_libhwui_202fa8_c0         (228 bytes x86)
[PASS  ] bb_libhwui_202fa8_c1         (228 bytes x86)
[PASS  ] bb_libhwui_202fa8_c2         (228 bytes x86)
[SKIP  ] bb_libhwui_203004_c0         reference: unsupported insn 0x2f00e401
[SKIP  ] bb_libhwui_203004_c1         reference: unsupported insn 0x2f00e401
[SKIP  ] bb_libhwui_203004_c2         reference: unsupported insn 0x2f00e401
[SKIP  ] bb_libhwui_203024_c0         reference: unsupported insn 0x2f00e403
[SKIP  ] bb_libhwui_203024_c1         reference: unsupported insn 0x2f00e403
[SKIP  ] bb_libhwui_203024_c2         reference: unsupported insn 0x2f00e403
[PASS  ] bb_libhwui_203114_c0         (282 bytes x86)
[PASS  ] bb_libhwui_203114_c1         (282 bytes x86)
[PASS  ] bb_libhwui_203114_c2         (282 bytes x86)
[SKIP  ] bb_libhwui_2031a8_c0         reference: unsupported insn 0x1e2602a0
[SKIP  ] bb_libhwui_2031a8_c1         reference: unsupported insn 0x1e2602a0
[SKIP  ] bb_libhwui_2031a8_c2         reference: unsupported insn 0x1e2602a0
[PASS  ] bb_libhwui_2031c8_c0         (282 bytes x86)
[PASS  ] bb_libhwui_2031c8_c1         (282 bytes x86)
[PASS  ] bb_libhwui_2031c8_c2         (282 bytes x86)
[SKIP  ] bb_libhwui_203214_c0         reference: unsupported insn 0x2f00e402
[SKIP  ] bb_libhwui_203214_c1         reference: unsupported insn 0x2f00e402
[SKIP  ] bb_libhwui_203214_c2         reference: unsupported insn 0x2f00e402
[PASS  ] bb_libhwui_203228_c0         (769 bytes x86)
[PASS  ] bb_libhwui_203228_c1         (769 bytes x86)
[PASS  ] bb_libhwui_203228_c2         (769 bytes x86)
[PASS  ] bb_libhwui_203378_c0         (345 bytes x86)
[PASS  ] bb_libhwui_203378_c1         (345 bytes x86)
[PASS  ] bb_libhwui_203378_c2         (345 bytes x86)
[PASS  ] bb_libhwui_203534_c0         (88 bytes x86)
[PASS  ] bb_libhwui_203534_c1         (88 bytes x86)
[PASS  ] bb_libhwui_203534_c2         (88 bytes x86)
[PASS  ] bb_libhwui_203584_c0         (282 bytes x86)
[PASS  ] bb_libhwui_203584_c1         (282 bytes x86)
[PASS  ] bb_libhwui_203584_c2         (282 bytes x86)
[PASS  ] bb_libhwui_203720_c0         (572 bytes x86)
[PASS  ] bb_libhwui_203720_c1         (572 bytes x86)
[PASS  ] bb_libhwui_203720_c2         (572 bytes x86)
[PASS  ] bb_libhwui_203744_c0         (167 bytes x86)
[PASS  ] bb_libhwui_203744_c1         (167 bytes x86)
[PASS  ] bb_libhwui_203744_c2         (167 bytes x86)
[SKIP  ] bb_libhwui_203804_c0         reference: unsupported insn 0x1e260080
[SKIP  ] bb_libhwui_203804_c1         reference: unsupported insn 0x1e260080
[SKIP  ] bb_libhwui_203804_c2         reference: unsupported insn 0x1e260080
[SKIP  ] bb_libhwui_203868_c0         reference: unsupported insn 0x1e270004
[SKIP  ] bb_libhwui_203868_c1         reference: unsupported insn 0x1e270004
[SKIP  ] bb_libhwui_203868_c2         reference: unsupported insn 0x1e270004
[SKIP  ] bb_libhwui_20399c_c0         reference: unsupported insn 0x1e270163
[SKIP  ] bb_libhwui_20399c_c1         reference: unsupported insn 0x1e270163
[SKIP  ] bb_libhwui_20399c_c2         reference: unsupported insn 0x1e270163
[PASS  ] bb_libhwui_203a04_c0         (282 bytes x86)
[PASS  ] bb_libhwui_203a04_c1         (282 bytes x86)
[PASS  ] bb_libhwui_203a04_c2         (282 bytes x86)
[PASS  ] bb_libhwui_203a7c_c0         (390 bytes x86)
[PASS  ] bb_libhwui_203a7c_c1         (390 bytes x86)
[PASS  ] bb_libhwui_203a7c_c2         (390 bytes x86)
[SKIP  ] bb_libhwui_203a98_c0         reference: unsupported insn 0x1e721004
[SKIP  ] bb_libhwui_203a98_c1         reference: unsupported insn 0x1e721004
[SKIP  ] bb_libhwui_203a98_c2         reference: unsupported insn 0x1e721004
[PASS  ] bb_libhwui_203c74_c0         (83 bytes x86)
[PASS  ] bb_libhwui_203c74_c1         (83 bytes x86)
[PASS  ] bb_libhwui_203c74_c2         (83 bytes x86)
[PASS  ] bb_libhwui_203d48_c0         (640 bytes x86)
[PASS  ] bb_libhwui_203d48_c1         (640 bytes x86)
[PASS  ] bb_libhwui_203d48_c2         (640 bytes x86)
[PASS  ] bb_libhwui_203d7c_c0         (174 bytes x86)
[PASS  ] bb_libhwui_203d7c_c1         (174 bytes x86)
[PASS  ] bb_libhwui_203d7c_c2         (174 bytes x86)
[SKIP  ] bb_libhwui_203dd0_c0         reference: unsupported insn 0x0f839042
[SKIP  ] bb_libhwui_203dd0_c1         reference: unsupported insn 0x0f839042
[SKIP  ] bb_libhwui_203dd0_c2         reference: unsupported insn 0x0f839042
[PASS  ] bb_libhwui_203e04_c0         (138 bytes x86)
[PASS  ] bb_libhwui_203e04_c1         (138 bytes x86)
[PASS  ] bb_libhwui_203e04_c2         (138 bytes x86)
[PASS  ] bb_libhwui_203e30_c0         (166 bytes x86)
[PASS  ] bb_libhwui_203e30_c1         (166 bytes x86)
[PASS  ] bb_libhwui_203e30_c2         (166 bytes x86)
[PASS  ] bb_libhwui_203ef0_c0         (325 bytes x86)
[PASS  ] bb_libhwui_203ef0_c1         (325 bytes x86)
[PASS  ] bb_libhwui_203ef0_c2         (325 bytes x86)
[PASS  ] bb_libhwui_204070_c0         (608 bytes x86)
[PASS  ] bb_libhwui_204070_c1         (608 bytes x86)
[PASS  ] bb_libhwui_204070_c2         (608 bytes x86)
[PASS  ] bb_libhwui_20409c_c0         (174 bytes x86)
[PASS  ] bb_libhwui_20409c_c1         (174 bytes x86)
[PASS  ] bb_libhwui_20409c_c2         (174 bytes x86)
[SKIP  ] bb_libhwui_2041dc_c0         reference: unsupported insn 0x1e260049
[SKIP  ] bb_libhwui_2041dc_c1         reference: unsupported insn 0x1e260049
[SKIP  ] bb_libhwui_2041dc_c2         reference: unsupported insn 0x1e260049
[SKIP  ] bb_libhwui_2041f4_c0         reference: unsupported insn 0x1e3c1004
[SKIP  ] bb_libhwui_2041f4_c1         reference: unsupported insn 0x1e3c1004
[SKIP  ] bb_libhwui_2041f4_c2         reference: unsupported insn 0x1e3c1004
[PASS  ] bb_libhwui_204214_c0         (489 bytes x86)
[PASS  ] bb_libhwui_204214_c1         (489 bytes x86)
[PASS  ] bb_libhwui_204214_c2         (489 bytes x86)
[PASS  ] bb_libhwui_20423c_c0         (619 bytes x86)
[PASS  ] bb_libhwui_20423c_c1         (619 bytes x86)
[PASS  ] bb_libhwui_20423c_c2         (619 bytes x86)
[PASS  ] bb_libhwui_204270_c0         (213 bytes x86)
[PASS  ] bb_libhwui_204270_c1         (213 bytes x86)
[PASS  ] bb_libhwui_204270_c2         (213 bytes x86)
[SKIP  ] bb_libhwui_20434c_c0         reference: unsupported insn 0x0f8190c6
[SKIP  ] bb_libhwui_20434c_c1         reference: unsupported insn 0x0f8190c6
[SKIP  ] bb_libhwui_20434c_c2         reference: unsupported insn 0x0f8190c6
[PASS  ] bb_libhwui_2043cc_c0         (213 bytes x86)
[PASS  ] bb_libhwui_2043cc_c1         (213 bytes x86)
[PASS  ] bb_libhwui_2043cc_c2         (213 bytes x86)
[SKIP  ] bb_libhwui_20441c_c0         reference: unsupported insn 0x2f00e401
[SKIP  ] bb_libhwui_20441c_c1         reference: unsupported insn 0x2f00e401
[SKIP  ] bb_libhwui_20441c_c2         reference: unsupported insn 0x2f00e401
[SKIP  ] bb_libhwui_2044b4_c0         reference: unsupported insn 0x5e0c0401
[SKIP  ] bb_libhwui_2044b4_c1         reference: unsupported insn 0x5e0c0401
[SKIP  ] bb_libhwui_2044b4_c2         reference: unsupported insn 0x5e0c0401
[SKIP  ] bb_libhwui_20466c_c0         reference: unsupported insn 0x1e270143
[SKIP  ] bb_libhwui_20466c_c1         reference: unsupported insn 0x1e270143
[SKIP  ] bb_libhwui_20466c_c2         reference: unsupported insn 0x1e270143
[PASS  ] bb_libhwui_20467c_c0         (478 bytes x86)
[PASS  ] bb_libhwui_20467c_c1         (478 bytes x86)
[PASS  ] bb_libhwui_20467c_c2         (478 bytes x86)
[PASS  ] bb_libhwui_20469c_c0         (518 bytes x86)
[PASS  ] bb_libhwui_20469c_c1         (518 bytes x86)
[PASS  ] bb_libhwui_20469c_c2         (518 bytes x86)
[PASS  ] bb_libhwui_2046bc_c0         (167 bytes x86)
[PASS  ] bb_libhwui_2046bc_c1         (167 bytes x86)
[PASS  ] bb_libhwui_2046bc_c2         (167 bytes x86)
[SKIP  ] bb_libhwui_2047d8_c0         reference: unsupported insn 0x1e260049
[SKIP  ] bb_libhwui_2047d8_c1         reference: unsupported insn 0x1e260049
[SKIP  ] bb_libhwui_2047d8_c2         reference: unsupported insn 0x1e260049
[SKIP  ] bb_libhwui_2047e4_c0         reference: unsupported insn 0x4ea00824
[SKIP  ] bb_libhwui_2047e4_c1         reference: unsupported insn 0x4ea00824
[SKIP  ] bb_libhwui_2047e4_c2         reference: unsupported insn 0x4ea00824
[PASS  ] bb_libhwui_204824_c0         (168 bytes x86)
[PASS  ] bb_libhwui_204824_c1         (168 bytes x86)
[PASS  ] bb_libhwui_204824_c2         (168 bytes x86)
[PASS  ] bb_libhwui_2048ac_c0         (336 bytes x86)
[PASS  ] bb_libhwui_2048ac_c1         (336 bytes x86)
[PASS  ] bb_libhwui_2048ac_c2         (336 bytes x86)
[PASS  ] bb_libhwui_2048c4_c0         (484 bytes x86)
[PASS  ] bb_libhwui_2048c4_c1         (484 bytes x86)
[PASS  ] bb_libhwui_2048c4_c2         (484 bytes x86)
[PASS  ] bb_libhwui_204928_c0         (433 bytes x86)
[PASS  ] bb_libhwui_204928_c1         (433 bytes x86)
[PASS  ] bb_libhwui_204928_c2         (433 bytes x86)
[SKIP  ] bb_libhwui_204cf4_c0         reference: unsupported insn 0x2f00e400
[SKIP  ] bb_libhwui_204cf4_c1         reference: unsupported insn 0x2f00e400
[SKIP  ] bb_libhwui_204cf4_c2         reference: unsupported insn 0x2f00e400
[SKIP  ] bb_libhwui_204e7c_c0         reference: unsupported insn 0x1e270185
[SKIP  ] bb_libhwui_204e7c_c1         reference: unsupported insn 0x1e270185
[SKIP  ] bb_libhwui_204e7c_c2         reference: unsupported insn 0x1e270185
[PASS  ] bb_libhwui_204e8c_c0         (478 bytes x86)
[PASS  ] bb_libhwui_204e8c_c1         (478 bytes x86)
[PASS  ] bb_libhwui_204e8c_c2         (478 bytes x86)
[PASS  ] bb_libhwui_204eac_c0         (518 bytes x86)
[PASS  ] bb_libhwui_204eac_c1         (518 bytes x86)
[PASS  ] bb_libhwui_204eac_c2         (518 bytes x86)
[PASS  ] bb_libhwui_204ecc_c0         (167 bytes x86)
[PASS  ] bb_libhwui_204ecc_c1         (167 bytes x86)
[PASS  ] bb_libhwui_204ecc_c2         (167 bytes x86)
[PASS  ] bb_libhwui_204fd8_c0         (88 bytes x86)
[PASS  ] bb_libhwui_204fd8_c1         (88 bytes x86)
[PASS  ] bb_libhwui_204fd8_c2         (88 bytes x86)
[SKIP  ] bb_libhwui_20512c_c0         reference: unsupported insn 0x1e260048
[SKIP  ] bb_libhwui_20512c_c1         reference: unsupported insn 0x1e260048
[SKIP  ] bb_libhwui_20512c_c2         reference: unsupported insn 0x1e260048
[SKIP  ] bb_libhwui_205144_c0         reference: unsupported insn 0x1e3c1004
[SKIP  ] bb_libhwui_205144_c1         reference: unsupported insn 0x1e3c1004
[SKIP  ] bb_libhwui_205144_c2         reference: unsupported insn 0x1e3c1004
[PASS  ] bb_libhwui_20518c_c0         (619 bytes x86)
[PASS  ] bb_libhwui_20518c_c1         (619 bytes x86)
[PASS  ] bb_libhwui_20518c_c2         (619 bytes x86)
[PASS  ] bb_libhwui_2051c0_c0         (213 bytes x86)
[PASS  ] bb_libhwui_2051c0_c1         (213 bytes x86)
[PASS  ] bb_libhwui_2051c0_c2         (213 bytes x86)
[SKIP  ] bb_libhwui_205268_c0         reference: unsupported insn 0x2f00e401
[SKIP  ] bb_libhwui_205268_c1         reference: unsupported insn 0x2f00e401
[SKIP  ] bb_libhwui_205268_c2         reference: unsupported insn 0x2f00e401
[PASS  ] bb_libhwui_20530c_c0         (619 bytes x86)
[PASS  ] bb_libhwui_20530c_c1         (619 bytes x86)
[PASS  ] bb_libhwui_20530c_c2         (619 bytes x86)
[SKIP  ] bb_libhwui_2053ec_c0         reference: unsupported insn 0x2f00e401
[SKIP  ] bb_libhwui_2053ec_c1         reference: unsupported insn 0x2f00e401
[SKIP  ] bb_libhwui_2053ec_c2         reference: unsupported insn 0x2f00e401
[SKIP  ] bb_libhwui_20540c_c0         reference: unsupported insn 0x1e2c1002
[SKIP  ] bb_libhwui_20540c_c1         reference: unsupported insn 0x1e2c1002
[SKIP  ] bb_libhwui_20540c_c2         reference: unsupported insn 0x1e2c1002
[SKIP  ] bb_libhwui_205630_c0         reference: unsupported insn 0x5e0c0401
[SKIP  ] bb_libhwui_205630_c1         reference: unsupported insn 0x5e0c0401
[SKIP  ] bb_libhwui_205630_c2         reference: unsupported insn 0x5e0c0401
[SKIP  ] bb_libhwui_205660_c0         reference: unsupported insn 0x1e2c1006
[SKIP  ] bb_libhwui_205660_c1         reference: unsupported insn 0x1e2c1006
[SKIP  ] bb_libhwui_205660_c2         reference: unsupported insn 0x1e2c1006
[SKIP  ] bb_libhwui_2056f8_c0         reference: unsupported insn 0x2f00e401
[SKIP  ] bb_libhwui_2056f8_c1         reference: unsupported insn 0x2f00e401
[SKIP  ] bb_libhwui_2056f8_c2         reference: unsupported insn 0x2f00e401
[PASS  ] bb_libhwui_20575c_c0         (213 bytes x86)
[PASS  ] bb_libhwui_20575c_c1         (213 bytes x86)
[PASS  ] bb_libhwui_20575c_c2         (213 bytes x86)
[PASS  ] bb_libhwui_2059d4_c0         (84 bytes x86)
[PASS  ] bb_libhwui_2059d4_c1         (84 bytes x86)
[PASS  ] bb_libhwui_2059d4_c2         (84 bytes x86)
[SKIP  ] bb_libhwui_205c40_c0         reference: unsupported insn 0x1e2600a8
[SKIP  ] bb_libhwui_205c40_c1         reference: unsupported insn 0x1e2600a8
[SKIP  ] bb_libhwui_205c40_c2         reference: unsupported insn 0x1e2600a8
[SKIP  ] bb_libhwui_205c60_c0         reference: unsupported insn 0x5e1c04a4
[SKIP  ] bb_libhwui_205c60_c1         reference: unsupported insn 0x5e1c04a4
[SKIP  ] bb_libhwui_205c60_c2         reference: unsupported insn 0x5e1c04a4
[SKIP  ] bb_libhwui_205dec_c0         reference: unsupported insn 0x1e260118
[SKIP  ] bb_libhwui_205dec_c1         reference: unsupported insn 0x1e260118
[SKIP  ] bb_libhwui_205dec_c2         reference: unsupported insn 0x1e260118
[SKIP  ] bb_libhwui_205e00_c0         reference: unsupported insn 0x1e27030a
[SKIP  ] bb_libhwui_205e00_c1         reference: unsupported insn 0x1e27030a
[SKIP  ] bb_libhwui_205e00_c2         reference: unsupported insn 0x1e27030a
[SKIP  ] bb_libhwui_205e60_c0         reference: unsupported insn 0x1e2702a2
[SKIP  ] bb_libhwui_205e60_c1         reference: unsupported insn 0x1e2702a2
[SKIP  ] bb_libhwui_205e60_c2         reference: unsupported insn 0x1e2702a2
[PASS  ] bb_libhwui_205e98_c0         (166 bytes x86)
[PASS  ] bb_libhwui_205e98_c1         (166 bytes x86)
[PASS  ] bb_libhwui_205e98_c2         (166 bytes x86)
[SKIP  ] bb_libhwui_205f04_c0         reference: unsupported insn 0x1e2702a0
[SKIP  ] bb_libhwui_205f04_c1         reference: unsupported insn 0x1e2702a0
[SKIP  ] bb_libhwui_205f04_c2         reference: unsupported insn 0x1e2702a0
[SKIP  ] bb_libhwui_206034_c0         reference: unsupported insn 0x0f839042
[SKIP  ] bb_libhwui_206034_c1         reference: unsupported insn 0x0f839042
[SKIP  ] bb_libhwui_206034_c2         reference: unsupported insn 0x0f839042
[SKIP  ] bb_libhwui_2060f0_c0         reference: unsupported insn 0x0f839021
[SKIP  ] bb_libhwui_2060f0_c1         reference: unsupported insn 0x0f839021
[SKIP  ] bb_libhwui_2060f0_c2         reference: unsupported insn 0x0f839021
[SKIP  ] bb_libhwui_2062a8_c0         reference: unsupported insn 0x0f8390e3
[SKIP  ] bb_libhwui_2062a8_c1         reference: unsupported insn 0x0f8390e3
[SKIP  ] bb_libhwui_2062a8_c2         reference: unsupported insn 0x0f8390e3
[SKIP  ] bb_libhwui_2064d0_c0         reference: unsupported insn 0x1e260018
[SKIP  ] bb_libhwui_2064d0_c1         reference: unsupported insn 0x1e260018
[SKIP  ] bb_libhwui_2064d0_c2         reference: unsupported insn 0x1e260018
[SKIP  ] bb_libhwui_206598_c0         reference: unsupported insn 0x2f00e404
[SKIP  ] bb_libhwui_206598_c1         reference: unsupported insn 0x2f00e404
[SKIP  ] bb_libhwui_206598_c2         reference: unsupported insn 0x2f00e404
[PASS  ] bb_libhwui_2065a4_c0         (640 bytes x86)
[PASS  ] bb_libhwui_2065a4_c1         (640 bytes x86)
[PASS  ] bb_libhwui_2065a4_c2         (640 bytes x86)
[PASS  ] bb_libhwui_2065d8_c0         (174 bytes x86)
[PASS  ] bb_libhwui_2065d8_c1         (174 bytes x86)
[PASS  ] bb_libhwui_2065d8_c2         (174 bytes x86)
[SKIP  ] bb_libhwui_206624_c0         reference: unsupported insn 0x0f879084
[SKIP  ] bb_libhwui_206624_c1         reference: unsupported insn 0x0f879084
[SKIP  ] bb_libhwui_206624_c2         reference: unsupported insn 0x0f879084
[PASS  ] bb_libhwui_206820_c0         (433 bytes x86)
[PASS  ] bb_libhwui_206820_c1         (433 bytes x86)
[PASS  ] bb_libhwui_206820_c2         (433 bytes x86)
[PASS  ] bb_libhwui_206840_c0         (372 bytes x86)
[PASS  ] bb_libhwui_206840_c1         (372 bytes x86)
[PASS  ] bb_libhwui_206840_c2         (372 bytes x86)
[PASS  ] bb_libhwui_20698c_c0         (286 bytes x86)
[PASS  ] bb_libhwui_20698c_c1         (286 bytes x86)
[PASS  ] bb_libhwui_20698c_c2         (286 bytes x86)
[PASS  ] bb_libhwui_2069ec_c0         (207 bytes x86)
[PASS  ] bb_libhwui_2069ec_c1         (207 bytes x86)
[PASS  ] bb_libhwui_2069ec_c2         (207 bytes x86)
[PASS  ] bb_libhwui_206a2c_c0         (186 bytes x86)
[PASS  ] bb_libhwui_206a2c_c1         (186 bytes x86)
[PASS  ] bb_libhwui_206a2c_c2         (186 bytes x86)
[SKIP  ] bb_libhwui_206b18_c0         reference: unsupported insn 0x9e670145
[SKIP  ] bb_libhwui_206b18_c1         reference: unsupported insn 0x9e670145
[SKIP  ] bb_libhwui_206b18_c2         reference: unsupported insn 0x9e670145
[SKIP  ] bb_libhwui_206b78_c0         reference: unsupported insn 0x2f00e403
[SKIP  ] bb_libhwui_206b78_c1         reference: unsupported insn 0x2f00e403
[SKIP  ] bb_libhwui_206b78_c2         reference: unsupported insn 0x2f00e403
[SKIP  ] bb_libhwui_206b90_c0         reference: unsupported insn 0x9e670165
[SKIP  ] bb_libhwui_206b90_c1         reference: unsupported insn 0x9e670165
[SKIP  ] bb_libhwui_206b90_c2         reference: unsupported insn 0x9e670165
[SKIP  ] bb_libhwui_206bb8_c0         reference: unsupported insn 0x9e670165
[SKIP  ] bb_libhwui_206bb8_c1         reference: unsupported insn 0x9e670165
[SKIP  ] bb_libhwui_206bb8_c2         reference: unsupported insn 0x9e670165
[SKIP  ] bb_libhwui_206be4_c0         reference: unsupported insn 0x9e66006b
[SKIP  ] bb_libhwui_206be4_c1         reference: unsupported insn 0x9e66006b
[SKIP  ] bb_libhwui_206be4_c2         reference: unsupported insn 0x9e66006b
[SKIP  ] bb_libhwui_206c04_c0         reference: unsupported insn 0x9e670166
[SKIP  ] bb_libhwui_206c04_c1         reference: unsupported insn 0x9e670166
[SKIP  ] bb_libhwui_206c04_c2         reference: unsupported insn 0x9e670166
[SKIP  ] bb_libhwui_206c20_c0         reference: unsupported insn 0x1e6e1003
[SKIP  ] bb_libhwui_206c20_c1         reference: unsupported insn 0x1e6e1003
[SKIP  ] bb_libhwui_206c20_c2         reference: unsupported insn 0x1e6e1003
[SKIP  ] bb_libhwui_206c38_c0         reference: unsupported insn 0x9e66008b
[SKIP  ] bb_libhwui_206c38_c1         reference: unsupported insn 0x9e66008b
[SKIP  ] bb_libhwui_206c38_c2         reference: unsupported insn 0x9e66008b
[SKIP  ] bb_libhwui_206c58_c0         reference: unsupported insn 0x9e670166
[SKIP  ] bb_libhwui_206c58_c1         reference: unsupported insn 0x9e670166
[SKIP  ] bb_libhwui_206c58_c2         reference: unsupported insn 0x9e670166
[SKIP  ] bb_libhwui_206c88_c0         reference: unsupported insn 0x1e721004
[SKIP  ] bb_libhwui_206c88_c1         reference: unsupported insn 0x1e721004
[SKIP  ] bb_libhwui_206c88_c2         reference: unsupported insn 0x1e721004
[PASS  ] bb_libhwui_206cbc_c0         (650 bytes x86)
[PASS  ] bb_libhwui_206cbc_c1         (650 bytes x86)
[PASS  ] bb_libhwui_206cbc_c2         (650 bytes x86)
[PASS  ] bb_libhwui_206cec_c0         (216 bytes x86)
[PASS  ] bb_libhwui_206cec_c1         (216 bytes x86)
[PASS  ] bb_libhwui_206cec_c2         (216 bytes x86)
[SKIP  ] bb_libhwui_206d0c_c0         reference: unsupported insn 0x1e260068
[SKIP  ] bb_libhwui_206d0c_c1         reference: unsupported insn 0x1e260068
[SKIP  ] bb_libhwui_206d0c_c2         reference: unsupported insn 0x1e260068
[SKIP  ] bb_libhwui_206d24_c0         reference: unsupported insn 0x1e3c1004
[SKIP  ] bb_libhwui_206d24_c1         reference: unsupported insn 0x1e3c1004
[SKIP  ] bb_libhwui_206d24_c2         reference: unsupported insn 0x1e3c1004
[PASS  ] bb_libhwui_206d44_c0         (489 bytes x86)
[PASS  ] bb_libhwui_206d44_c1         (489 bytes x86)
[PASS  ] bb_libhwui_206d44_c2         (489 bytes x86)
[PASS  ] bb_libhwui_206d6c_c0         (571 bytes x86)
[PASS  ] bb_libhwui_206d6c_c1         (571 bytes x86)
[PASS  ] bb_libhwui_206d6c_c2         (571 bytes x86)
[PASS  ] bb_libhwui_206d9c_c0         (213 bytes x86)
[PASS  ] bb_libhwui_206d9c_c1         (213 bytes x86)
[PASS  ] bb_libhwui_206d9c_c2         (213 bytes x86)
[PASS  ] bb_libhwui_206dd0_c0         (213 bytes x86)
[PASS  ] bb_libhwui_206dd0_c1         (213 bytes x86)
[PASS  ] bb_libhwui_206dd0_c2         (213 bytes x86)
[PASS  ] bb_libhwui_206e5c_c0         (320 bytes x86)
[PASS  ] bb_libhwui_206e5c_c1         (320 bytes x86)
[PASS  ] bb_libhwui_206e5c_c2         (320 bytes x86)
[SKIP  ] bb_libhwui_206eb8_c0         reference: unsupported insn 0x9e670105
[SKIP  ] bb_libhwui_206eb8_c1         reference: unsupported insn 0x9e670105
[SKIP  ] bb_libhwui_206eb8_c2         reference: unsupported insn 0x9e670105
[SKIP  ] bb_libhwui_206eec_c0         reference: unsupported insn 0x9e670105
[SKIP  ] bb_libhwui_206eec_c1         reference: unsupported insn 0x9e670105
[SKIP  ] bb_libhwui_206eec_c2         reference: unsupported insn 0x9e670105
[PASS  ] bb_libhwui_206f00_c0         (283 bytes x86)
[PASS  ] bb_libhwui_206f00_c1         (283 bytes x86)
[PASS  ] bb_libhwui_206f00_c2         (283 bytes x86)
[SKIP  ] bb_libhwui_206f14_c0         reference: unsupported insn 0x9e670106
[SKIP  ] bb_libhwui_206f14_c1         reference: unsupported insn 0x9e670106
[SKIP  ] bb_libhwui_206f14_c2         reference: unsupported insn 0x9e670106
[SKIP  ] bb_libhwui_206f24_c0         reference: unsupported insn 0x1e6e1004
[SKIP  ] bb_libhwui_206f24_c1         reference: unsupported insn 0x1e6e1004
[SKIP  ] bb_libhwui_206f24_c2         reference: unsupported insn 0x1e6e1004
[PASS  ] bb_libhwui_206f44_c0         (433 bytes x86)
[PASS  ] bb_libhwui_206f44_c1         (433 bytes x86)
[PASS  ] bb_libhwui_206f44_c2         (433 bytes x86)
[SKIP  ] bb_libhwui_206f64_c0         reference: unsupported insn 0x1e677002
[SKIP  ] bb_libhwui_206f64_c1         reference: unsupported insn 0x1e677002
[SKIP  ] bb_libhwui_206f64_c2         reference: unsupported insn 0x1e677002
[SKIP  ] bb_libhwui_206f84_c0         reference: unsupported insn 0x9e670102
[SKIP  ] bb_libhwui_206f84_c1         reference: unsupported insn 0x9e670102
[SKIP  ] bb_libhwui_206f84_c2         reference: unsupported insn 0x9e670102
[SKIP  ] bb_libhwui_206fa4_c0         reference: unsupported insn 0x1e61100c
[SKIP  ] bb_libhwui_206fa4_c1         reference: unsupported insn 0x1e61100c
[SKIP  ] bb_libhwui_206fa4_c2         reference: unsupported insn 0x1e61100c
[SKIP  ] bb_libhwui_206fb8_c0         reference: unsupported insn 0x1e6e1001
[SKIP  ] bb_libhwui_206fb8_c1         reference: unsupported insn 0x1e6e1001
[SKIP  ] bb_libhwui_206fb8_c2         reference: unsupported insn 0x1e6e1001
[SKIP  ] bb_libhwui_206fd8_c0         reference: unsupported insn 0x1e701002
[SKIP  ] bb_libhwui_206fd8_c1         reference: unsupported insn 0x1e701002
[SKIP  ] bb_libhwui_206fd8_c2         reference: unsupported insn 0x1e701002
[SKIP  ] bb_libhwui_207018_c0         reference: unsupported insn 0x7ee9d581
[SKIP  ] bb_libhwui_207018_c1         reference: unsupported insn 0x7ee9d581
[SKIP  ] bb_libhwui_207018_c2         reference: unsupported insn 0x7ee9d581
[SKIP  ] bb_libhwui_20704c_c0         reference: unsupported insn 0x9e670102
[SKIP  ] bb_libhwui_20704c_c1         reference: unsupported insn 0x9e670102
[SKIP  ] bb_libhwui_20704c_c2         reference: unsupported insn 0x9e670102
[PASS  ] bb_libhwui_207080_c0         (109 bytes x86)
[PASS  ] bb_libhwui_207080_c1         (109 bytes x86)
[PASS  ] bb_libhwui_207080_c2         (109 bytes x86)
[SKIP  ] bb_libhwui_207094_c0         reference: unsupported insn 0x9e670102
[SKIP  ] bb_libhwui_207094_c1         reference: unsupported insn 0x9e670102
[SKIP  ] bb_libhwui_207094_c2         reference: unsupported insn 0x9e670102
[SKIP  ] bb_libhwui_2070c0_c0         reference: unsupported insn 0x9e670103
[SKIP  ] bb_libhwui_2070c0_c1         reference: unsupported insn 0x9e670103
[SKIP  ] bb_libhwui_2070c0_c2         reference: unsupported insn 0x9e670103
[PASS  ] bb_libhwui_207118_c0         (160 bytes x86)
[PASS  ] bb_libhwui_207118_c1         (160 bytes x86)
[PASS  ] bb_libhwui_207118_c2         (160 bytes x86)
[PASS  ] bb_libhwui_207128_c0         (427 bytes x86)
[PASS  ] bb_libhwui_207128_c1         (427 bytes x86)
[PASS  ] bb_libhwui_207128_c2         (427 bytes x86)
[SKIP  ] bb_libhwui_20713c_c0         reference: unsupported insn 0x9e670102
[SKIP  ] bb_libhwui_20713c_c1         reference: unsupported insn 0x9e670102
[SKIP  ] bb_libhwui_20713c_c2         reference: unsupported insn 0x9e670102
[SKIP  ] bb_libhwui_20716c_c0         reference: unsupported insn 0x9e670103
[SKIP  ] bb_libhwui_20716c_c1         reference: unsupported insn 0x9e670103
[SKIP  ] bb_libhwui_20716c_c2         reference: unsupported insn 0x9e670103
[SKIP  ] bb_libhwui_207188_c0         reference: unsupported insn 0x9e660148
[SKIP  ] bb_libhwui_207188_c1         reference: unsupported insn 0x9e660148
[SKIP  ] bb_libhwui_207188_c2         reference: unsupported insn 0x9e660148
[SKIP  ] bb_libhwui_2071a8_c0         reference: unsupported insn 0x9e670103
[SKIP  ] bb_libhwui_2071a8_c1         reference: unsupported insn 0x9e670103
[SKIP  ] bb_libhwui_2071a8_c2         reference: unsupported insn 0x9e670103
[SKIP  ] bb_libhwui_2071d0_c0         reference: unsupported insn 0x1e7c1002
[SKIP  ] bb_libhwui_2071d0_c1         reference: unsupported insn 0x1e7c1002
[SKIP  ] bb_libhwui_2071d0_c2         reference: unsupported insn 0x1e7c1002
[SKIP  ] bb_libhwui_2071fc_c0         reference: unsupported insn 0x9e670105
[SKIP  ] bb_libhwui_2071fc_c1         reference: unsupported insn 0x9e670105
[SKIP  ] bb_libhwui_2071fc_c2         reference: unsupported insn 0x9e670105
[PASS  ] bb_libhwui_207288_c0         (144 bytes x86)
[PASS  ] bb_libhwui_207288_c1         (144 bytes x86)
[PASS  ] bb_libhwui_207288_c2         (144 bytes x86)
[SKIP  ] bb_libhwui_2072c0_c0         reference: unsupported insn 0x9e66002c
[SKIP  ] bb_libhwui_2072c0_c1         reference: unsupported insn 0x9e66002c
[SKIP  ] bb_libhwui_2072c0_c2         reference: unsupported insn 0x9e66002c
[PASS  ] bb_libhwui_2072e0_c0         (393 bytes x86)
[PASS  ] bb_libhwui_2072e0_c1         (393 bytes x86)
[PASS  ] bb_libhwui_2072e0_c2         (393 bytes x86)
[SKIP  ] bb_libhwui_207318_c0         reference: unsupported insn 0x9e660148
[SKIP  ] bb_libhwui_207318_c1         reference: unsupported insn 0x9e660148
[SKIP  ] bb_libhwui_207318_c2         reference: unsupported insn 0x9e660148
[SKIP  ] bb_libhwui_207338_c0         reference: unsupported insn 0x9e670102
[SKIP  ] bb_libhwui_207338_c1         reference: unsupported insn 0x9e670102
[SKIP  ] bb_libhwui_207338_c2         reference: unsupported insn 0x9e670102
[PASS  ] bb_libhwui_207378_c0         (280 bytes x86)
[PASS  ] bb_libhwui_207378_c1         (280 bytes x86)
[PASS  ] bb_libhwui_207378_c2         (280 bytes x86)
[SKIP  ] bb_libhwui_20738c_c0         reference: unsupported insn 0x9e660148
[SKIP  ] bb_libhwui_20738c_c1         reference: unsupported insn 0x9e660148
[SKIP  ] bb_libhwui_20738c_c2         reference: unsupported insn 0x9e660148
[SKIP  ] bb_libhwui_2073ac_c0         reference: unsupported insn 0x9e670102
[SKIP  ] bb_libhwui_2073ac_c1         reference: unsupported insn 0x9e670102
[SKIP  ] bb_libhwui_2073ac_c2         reference: unsupported insn 0x9e670102
[PASS  ] bb_libhwui_2073f0_c0         (155 bytes x86)
[PASS  ] bb_libhwui_2073f0_c1         (155 bytes x86)
[PASS  ] bb_libhwui_2073f0_c2         (155 bytes x86)
[SKIP  ] bb_libhwui_207408_c0         reference: unsupported insn 0x9e660028
[SKIP  ] bb_libhwui_207408_c1         reference: unsupported insn 0x9e660028
[SKIP  ] bb_libhwui_207408_c2         reference: unsupported insn 0x9e660028
[SKIP  ] bb_libhwui_207428_c0         reference: unsupported insn 0x9e670103
[SKIP  ] bb_libhwui_207428_c1         reference: unsupported insn 0x9e670103
[SKIP  ] bb_libhwui_207428_c2         reference: unsupported insn 0x9e670103
[PASS  ] bb_libhwui_20a5e0_c0         (393 bytes x86)
[PASS  ] bb_libhwui_20a5e0_c1         (393 bytes x86)
[PASS  ] bb_libhwui_20a5e0_c2         (393 bytes x86)
[PASS  ] bb_libhwui_20a63c_c0         (190 bytes x86)
[PASS  ] bb_libhwui_20a63c_c1         (190 bytes x86)
[PASS  ] bb_libhwui_20a63c_c2         (190 bytes x86)
[PASS  ] bb_libhwui_20a68c_c0         (190 bytes x86)
[PASS  ] bb_libhwui_20a68c_c1         (190 bytes x86)
[PASS  ] bb_libhwui_20a68c_c2         (190 bytes x86)
[PASS  ] bb_libhwui_20a6dc_c0         (232 bytes x86)
[PASS  ] bb_libhwui_20a6dc_c1         (232 bytes x86)
[PASS  ] bb_libhwui_20a6dc_c2         (232 bytes x86)
[PASS  ] bb_libhwui_20a72c_c0         (245 bytes x86)
[PASS  ] bb_libhwui_20a72c_c1         (245 bytes x86)
[PASS  ] bb_libhwui_20a72c_c2         (245 bytes x86)
[PASS  ] bb_libhwui_20a7cc_c0         (190 bytes x86)
[PASS  ] bb_libhwui_20a7cc_c1         (190 bytes x86)
[PASS  ] bb_libhwui_20a7cc_c2         (190 bytes x86)
[PASS  ] bb_libhwui_20a8fc_c0         (380 bytes x86)
[PASS  ] bb_libhwui_20a8fc_c1         (380 bytes x86)
[PASS  ] bb_libhwui_20a8fc_c2         (380 bytes x86)
[PASS  ] bb_libhwui_20a954_c0         (339 bytes x86)
[PASS  ] bb_libhwui_20a954_c1         (339 bytes x86)
[PASS  ] bb_libhwui_20a954_c2         (339 bytes x86)
[PASS  ] bb_libhwui_20a9b4_c0         (245 bytes x86)
[PASS  ] bb_libhwui_20a9b4_c1         (245 bytes x86)
[PASS  ] bb_libhwui_20a9b4_c2         (245 bytes x86)
[PASS  ] bb_libhwui_20aa0c_c0         (258 bytes x86)
[PASS  ] bb_libhwui_20aa0c_c1         (258 bytes x86)
[PASS  ] bb_libhwui_20aa0c_c2         (258 bytes x86)
[PASS  ] bb_libhwui_20aa68_c0         (232 bytes x86)
[PASS  ] bb_libhwui_20aa68_c1         (232 bytes x86)
[PASS  ] bb_libhwui_20aa68_c2         (232 bytes x86)
[PASS  ] bb_libhwui_20aabc_c0         (245 bytes x86)
[PASS  ] bb_libhwui_20aabc_c1         (245 bytes x86)
[PASS  ] bb_libhwui_20aabc_c2         (245 bytes x86)
[PASS  ] bb_libhwui_20ab18_c0         (339 bytes x86)
[PASS  ] bb_libhwui_20ab18_c1         (339 bytes x86)
[PASS  ] bb_libhwui_20ab18_c2         (339 bytes x86)
[PASS  ] bb_libhwui_20ab70_c0         (258 bytes x86)
[PASS  ] bb_libhwui_20ab70_c1         (258 bytes x86)
[PASS  ] bb_libhwui_20ab70_c2         (258 bytes x86)
[SKIP  ] bb_libhwui_20ad7c_c0         reference: unsupported insn 0x00000000
[SKIP  ] bb_libhwui_20ad7c_c1         reference: unsupported insn 0x00000000
[SKIP  ] bb_libhwui_20ad7c_c2         reference: unsupported insn 0x00000000
[SKIP  ] bb_libhwui_20ae30_c0         reference: unsupported insn 0xd53bd055
[SKIP  ] bb_libhwui_20ae30_c1         reference: unsupported insn 0xd53bd055
[SKIP  ] bb_libhwui_20ae30_c2         reference: unsupported insn 0xd53bd055
[SKIP  ] bb_libhwui_20ae64_c0         reference: unsupported insn 0x9e670101
[SKIP  ] bb_libhwui_20ae64_c1         reference: unsupported insn 0x9e670101
[SKIP  ] bb_libhwui_20ae64_c2         reference: unsupported insn 0x9e670101
[SKIP  ] bb_libhwui_20ae7c_c0         reference: unsupported insn 0x9e670101
[SKIP  ] bb_libhwui_20ae7c_c1         reference: unsupported insn 0x9e670101
[SKIP  ] bb_libhwui_20ae7c_c2         reference: unsupported insn 0x9e670101
[SKIP  ] bb_libhwui_20ae94_c0         reference: unsupported insn 0x9e670101
[SKIP  ] bb_libhwui_20ae94_c1         reference: unsupported insn 0x9e670101
[SKIP  ] bb_libhwui_20ae94_c2         reference: unsupported insn 0x9e670101
[PASS  ] bb_libhwui_20aecc_c0         (83 bytes x86)
[PASS  ] bb_libhwui_20aecc_c1         (83 bytes x86)
[PASS  ] bb_libhwui_20aecc_c2         (83 bytes x86)
[PASS  ] bb_libhwui_20b070_c0         (409 bytes x86)
[PASS  ] bb_libhwui_20b070_c1         (409 bytes x86)
[PASS  ] bb_libhwui_20b070_c2         (409 bytes x86)
[SKIP  ] bb_libhwui_20b090_c0         reference: unsupported insn 0x9e6600e9
[SKIP  ] bb_libhwui_20b090_c1         reference: unsupported insn 0x9e6600e9
[SKIP  ] bb_libhwui_20b090_c2         reference: unsupported insn 0x9e6600e9
[PASS  ] bb_libhwui_20b174_c0         (88 bytes x86)
[PASS  ] bb_libhwui_20b174_c1         (88 bytes x86)
[PASS  ] bb_libhwui_20b174_c2         (88 bytes x86)
[SKIP  ] bb_libhwui_20b1c0_c0         reference: unsupported insn 0x2f00e400
[SKIP  ] bb_libhwui_20b1c0_c1         reference: unsupported insn 0x2f00e400
[SKIP  ] bb_libhwui_20b1c0_c2         reference: unsupported insn 0x2f00e400
[SKIP  ] bb_libhwui_20b1e0_c0         reference: unsupported insn 0x1e2a1002
[SKIP  ] bb_libhwui_20b1e0_c1         reference: unsupported insn 0x1e2a1002
[SKIP  ] bb_libhwui_20b1e0_c2         reference: unsupported insn 0x1e2a1002
[SKIP  ] bb_libhwui_20b200_c0         reference: unsupported insn 0x7ea1d653
[SKIP  ] bb_libhwui_20b200_c1         reference: unsupported insn 0x7ea1d653
[SKIP  ] bb_libhwui_20b200_c2         reference: unsupported insn 0x7ea1d653
[SKIP  ] bb_libhwui_20b220_c0         reference: unsupported insn 0x1e32c604
[SKIP  ] bb_libhwui_20b220_c1         reference: unsupported insn 0x1e32c604
[SKIP  ] bb_libhwui_20b220_c2         reference: unsupported insn 0x1e32c604
[SKIP  ] bb_libhwui_20b338_c0         reference: unsupported insn 0x9e670103
[SKIP  ] bb_libhwui_20b338_c1         reference: unsupported insn 0x9e670103
[SKIP  ] bb_libhwui_20b338_c2         reference: unsupported insn 0x9e670103
[SKIP  ] bb_libhwui_20b354_c0         reference: unsupported insn 0x9e660008
[SKIP  ] bb_libhwui_20b354_c1         reference: unsupported insn 0x9e660008
[SKIP  ] bb_libhwui_20b354_c2         reference: unsupported insn 0x9e660008
[PASS  ] bb_libhwui_20b394_c0         (208 bytes x86)
[PASS  ] bb_libhwui_20b394_c1         (208 bytes x86)
[PASS  ] bb_libhwui_20b394_c2         (208 bytes x86)
[SKIP  ] bb_libhwui_20b3a0_c0         reference: unsupported insn 0x9e670101
[SKIP  ] bb_libhwui_20b3a0_c1         reference: unsupported insn 0x9e670101
[SKIP  ] bb_libhwui_20b3a0_c2         reference: unsupported insn 0x9e670101
[SKIP  ] bb_libhwui_20b400_c0         reference: unsupported insn 0x1e7c1003
[SKIP  ] bb_libhwui_20b400_c1         reference: unsupported insn 0x1e7c1003
[SKIP  ] bb_libhwui_20b400_c2         reference: unsupported insn 0x1e7c1003
[SKIP  ] bb_libhwui_20b40c_c0         reference: unsupported insn 0x9e660009
[SKIP  ] bb_libhwui_20b40c_c1         reference: unsupported insn 0x9e660009
[SKIP  ] bb_libhwui_20b40c_c2         reference: unsupported insn 0x9e660009
[SKIP  ] bb_libhwui_20b440_c0         reference: unsupported insn 0x2f00e403
[SKIP  ] bb_libhwui_20b440_c1         reference: unsupported insn 0x2f00e403
[SKIP  ] bb_libhwui_20b440_c2         reference: unsupported insn 0x2f00e403
[SKIP  ] bb_libhwui_20b460_c0         reference: unsupported insn 0x1e635424
[SKIP  ] bb_libhwui_20b460_c1         reference: unsupported insn 0x1e635424
[SKIP  ] bb_libhwui_20b460_c2         reference: unsupported insn 0x1e635424
[SKIP  ] bb_libhwui_20b498_c0         reference: unsupported insn 0x9e670103
[SKIP  ] bb_libhwui_20b498_c1         reference: unsupported insn 0x9e670103
[SKIP  ] bb_libhwui_20b498_c2         reference: unsupported insn 0x9e670103
[SKIP  ] bb_libhwui_20b52c_c0         reference: unsupported insn 0x9e670103
[SKIP  ] bb_libhwui_20b52c_c1         reference: unsupported insn 0x9e670103
[SKIP  ] bb_libhwui_20b52c_c2         reference: unsupported insn 0x9e670103
[SKIP  ] bb_libhwui_20b540_c0         reference: unsupported insn 0x9e670102
[SKIP  ] bb_libhwui_20b540_c1         reference: unsupported insn 0x9e670102
[SKIP  ] bb_libhwui_20b540_c2         reference: unsupported insn 0x9e670102
[SKIP  ] bb_libhwui_20b564_c0         reference: unsupported insn 0x9e670101
[SKIP  ] bb_libhwui_20b564_c1         reference: unsupported insn 0x9e670101
[SKIP  ] bb_libhwui_20b564_c2         reference: unsupported insn 0x9e670101
[PASS  ] bb_libhwui_20b6d8_c0         (282 bytes x86)
[PASS  ] bb_libhwui_20b6d8_c1         (282 bytes x86)
[PASS  ] bb_libhwui_20b6d8_c2         (282 bytes x86)
[SKIP  ] bb_libhwui_20b9b0_c0         reference: unsupported insn 0x2f016621
[SKIP  ] bb_libhwui_20b9b0_c1         reference: unsupported insn 0x2f016621
[SKIP  ] bb_libhwui_20b9b0_c2         reference: unsupported insn 0x2f016621
[SKIP  ] bb_libhwui_20b9ec_c0         reference: unsupported insn 0x1e270102
[SKIP  ] bb_libhwui_20b9ec_c1         reference: unsupported insn 0x1e270102
[SKIP  ] bb_libhwui_20b9ec_c2         reference: unsupported insn 0x1e270102
[SKIP  ] bb_libhwui_20babc_c0         reference: unsupported insn 0x1e270104
[SKIP  ] bb_libhwui_20babc_c1         reference: unsupported insn 0x1e270104
[SKIP  ] bb_libhwui_20babc_c2         reference: unsupported insn 0x1e270104
[PASS  ] bb_libhwui_20badc_c0         (766 bytes x86)
[PASS  ] bb_libhwui_20badc_c1         (766 bytes x86)
[PASS  ] bb_libhwui_20badc_c2         (766 bytes x86)
[PASS  ] bb_libhwui_20bb4c_c0         (678 bytes x86)
[PASS  ] bb_libhwui_20bb4c_c1         (678 bytes x86)
[PASS  ] bb_libhwui_20bb4c_c2         (678 bytes x86)
[SKIP  ] bb_libhwui_20bba4_c0         reference: unsupported insn 0x1e270102
[SKIP  ] bb_libhwui_20bba4_c1         reference: unsupported insn 0x1e270102
[SKIP  ] bb_libhwui_20bba4_c2         reference: unsupported insn 0x1e270102
[PASS  ] bb_libhwui_20bbc4_c0         (753 bytes x86)
[PASS  ] bb_libhwui_20bbc4_c1         (753 bytes x86)
[PASS  ] bb_libhwui_20bbc4_c2         (753 bytes x86)
[PASS  ] bb_libhwui_20e47c_c0         (109 bytes x86)
[PASS  ] bb_libhwui_20e47c_c1         (109 bytes x86)
[PASS  ] bb_libhwui_20e47c_c2         (109 bytes x86)
[PASS  ] bb_libhwui_20e4cc_c0         (109 bytes x86)
[PASS  ] bb_libhwui_20e4cc_c1         (109 bytes x86)
[PASS  ] bb_libhwui_20e4cc_c2         (109 bytes x86)
[PASS  ] bb_libhwui_20e518_c0         (109 bytes x86)
[PASS  ] bb_libhwui_20e518_c1         (109 bytes x86)
[PASS  ] bb_libhwui_20e518_c2         (109 bytes x86)
[PASS  ] bb_libhwui_20e56c_c0         (177 bytes x86)
[PASS  ] bb_libhwui_20e56c_c1         (177 bytes x86)
[PASS  ] bb_libhwui_20e56c_c2         (177 bytes x86)
[PASS  ] bb_libhwui_20e610_c0         (190 bytes x86)
[PASS  ] bb_libhwui_20e610_c1         (190 bytes x86)
[PASS  ] bb_libhwui_20e610_c2         (190 bytes x86)
[PASS  ] bb_libhwui_20e660_c0         (190 bytes x86)
[PASS  ] bb_libhwui_20e660_c1         (190 bytes x86)
[PASS  ] bb_libhwui_20e660_c2         (190 bytes x86)
[PASS  ] bb_libhwui_20e7d8_c0         (109 bytes x86)
[PASS  ] bb_libhwui_20e7d8_c1         (109 bytes x86)
[PASS  ] bb_libhwui_20e7d8_c2         (109 bytes x86)
[PASS  ] bb_libhwui_20e82c_c0         (174 bytes x86)
[PASS  ] bb_libhwui_20e82c_c1         (174 bytes x86)
[PASS  ] bb_libhwui_20e82c_c2         (174 bytes x86)
[PASS  ] bb_libhwui_20e85c_c0         (106 bytes x86)
[PASS  ] bb_libhwui_20e85c_c1         (106 bytes x86)
[PASS  ] bb_libhwui_20e85c_c2         (106 bytes x86)
[PASS  ] bb_libhwui_20e888_c0         (187 bytes x86)
[PASS  ] bb_libhwui_20e888_c1         (187 bytes x86)
[PASS  ] bb_libhwui_20e888_c2         (187 bytes x86)
[PASS  ] bb_libhwui_20e8dc_c0         (187 bytes x86)
[PASS  ] bb_libhwui_20e8dc_c1         (187 bytes x86)
[PASS  ] bb_libhwui_20e8dc_c2         (187 bytes x86)
[PASS  ] bb_libhwui_20e90c_c0         (106 bytes x86)
[PASS  ] bb_libhwui_20e90c_c1         (106 bytes x86)
[PASS  ] bb_libhwui_20e90c_c2         (106 bytes x86)
[PASS  ] bb_libhwui_20e938_c0         (106 bytes x86)
[PASS  ] bb_libhwui_20e938_c1         (106 bytes x86)
[PASS  ] bb_libhwui_20e938_c2         (106 bytes x86)
[PASS  ] bb_libhwui_20e9e4_c0         (242 bytes x86)
[PASS  ] bb_libhwui_20e9e4_c1         (242 bytes x86)
[PASS  ] bb_libhwui_20e9e4_c2         (242 bytes x86)
[PASS  ] bb_libhwui_20ea40_c0         (255 bytes x86)
[PASS  ] bb_libhwui_20ea40_c1         (255 bytes x86)
[PASS  ] bb_libhwui_20ea40_c2         (255 bytes x86)
[PASS  ] bb_libhwui_20ea74_c0         (106 bytes x86)
[PASS  ] bb_libhwui_20ea74_c1         (106 bytes x86)
[PASS  ] bb_libhwui_20ea74_c2         (106 bytes x86)
[SKIP  ] bb_libhwui_20f2c0_c0         reference: unsupported insn 0x1e260027
[SKIP  ] bb_libhwui_20f2c0_c1         reference: unsupported insn 0x1e260027
[SKIP  ] bb_libhwui_20f2c0_c2         reference: unsupported insn 0x1e260027
[SKIP  ] bb_libhwui_212248_c0         reference: unsupported insn 0x1e6e1000
[SKIP  ] bb_libhwui_212248_c1         reference: unsupported insn 0x1e6e1000
[SKIP  ] bb_libhwui_212248_c2         reference: unsupported insn 0x1e6e1000
[SKIP  ] bb_libhwui_2175bc_c0         reference: unsupported insn 0x1e6f1000
[SKIP  ] bb_libhwui_2175bc_c1         reference: unsupported insn 0x1e6f1000
[SKIP  ] bb_libhwui_2175bc_c2         reference: unsupported insn 0x1e6f1000
[SKIP  ] bb_libhwui_218fec_c0         reference: unsupported insn 0x1e6f1000
[SKIP  ] bb_libhwui_218fec_c1         reference: unsupported insn 0x1e6f1000
[SKIP  ] bb_libhwui_218fec_c2         reference: unsupported insn 0x1e6f1000
[SKIP  ] bb_libhwui_2192c4_c0         reference: unsupported insn 0x1e6e1001
[SKIP  ] bb_libhwui_2192c4_c1         reference: unsupported insn 0x1e6e1001
[SKIP  ] bb_libhwui_2192c4_c2         reference: unsupported insn 0x1e6e1001
[PASS  ] bb_libhwui_2192d0_c0         (548 bytes x86)
[PASS  ] bb_libhwui_2192d0_c1         (548 bytes x86)
[PASS  ] bb_libhwui_2192d0_c2         (548 bytes x86)
[SKIP  ] bb_libhwui_219b94_c0         reference: unsupported insn 0x1e6f1000
[SKIP  ] bb_libhwui_219b94_c1         reference: unsupported insn 0x1e6f1000
[SKIP  ] bb_libhwui_219b94_c2         reference: unsupported insn 0x1e6f1000
[SKIP  ] bb_libhwui_219bc8_c0         reference: unsupported insn 0x1e6f1000
[SKIP  ] bb_libhwui_219bc8_c1         reference: unsupported insn 0x1e6f1000
[SKIP  ] bb_libhwui_219bc8_c2         reference: unsupported insn 0x1e6f1000
[SKIP  ] bb_libhwui_21a78c_c0         reference: unsupported insn 0x1e2e1001
[SKIP  ] bb_libhwui_21a78c_c1         reference: unsupported insn 0x1e2e1001
[SKIP  ] bb_libhwui_21a78c_c2         reference: unsupported insn 0x1e2e1001
[SKIP  ] bb_libhwui_21ab9c_c0         reference: unsupported insn 0x2f00e408
[SKIP  ] bb_libhwui_21ab9c_c1         reference: unsupported insn 0x2f00e408
[SKIP  ] bb_libhwui_21ab9c_c2         reference: unsupported insn 0x2f00e408
[SKIP  ] bb_libhwui_21ad28_c0         reference: unsupported insn 0x0f8493a4
[SKIP  ] bb_libhwui_21ad28_c1         reference: unsupported insn 0x0f8493a4
[SKIP  ] bb_libhwui_21ad28_c2         reference: unsupported insn 0x0f8493a4
[SKIP  ] bb_libhwui_21ad48_c0         reference: unsupported insn 0x0f949214
[SKIP  ] bb_libhwui_21ad48_c1         reference: unsupported insn 0x0f949214
[SKIP  ] bb_libhwui_21ad48_c2         reference: unsupported insn 0x0f949214
[SKIP  ] bb_libhwui_21ad68_c0         reference: unsupported insn 0x0f8290c2
[SKIP  ] bb_libhwui_21ad68_c1         reference: unsupported insn 0x0f8290c2
[SKIP  ] bb_libhwui_21ad68_c2         reference: unsupported insn 0x0f8290c2
[SKIP  ] bb_libhwui_21ade8_c0         reference: unsupported insn 0x5fa79886
[SKIP  ] bb_libhwui_21ade8_c1         reference: unsupported insn 0x5fa79886
[SKIP  ] bb_libhwui_21ade8_c2         reference: unsupported insn 0x5fa79886
[PASS  ] bb_libhwui_21ae08_c0         (418 bytes x86)
[PASS  ] bb_libhwui_21ae08_c1         (418 bytes x86)
[PASS  ] bb_libhwui_21ae08_c2         (418 bytes x86)
[PASS  ] bb_libhwui_21ae28_c0         (463 bytes x86)
[PASS  ] bb_libhwui_21ae28_c1         (463 bytes x86)
[PASS  ] bb_libhwui_21ae28_c2         (463 bytes x86)
[SKIP  ] bb_libhwui_21ae88_c0         reference: unsupported insn 0x1e260009
[SKIP  ] bb_libhwui_21ae88_c1         reference: unsupported insn 0x1e260009
[SKIP  ] bb_libhwui_21ae88_c2         reference: unsupported insn 0x1e260009
[PASS  ] bb_libhwui_21aeb4_c0         (325 bytes x86)
[PASS  ] bb_libhwui_21aeb4_c1         (325 bytes x86)
[PASS  ] bb_libhwui_21aeb4_c2         (325 bytes x86)
[SKIP  ] bb_libhwui_21afbc_c0         reference: unsupported insn 0x1e204440
[SKIP  ] bb_libhwui_21afbc_c1         reference: unsupported insn 0x1e204440
[SKIP  ] bb_libhwui_21afbc_c2         reference: unsupported insn 0x1e204440
[SKIP  ] bb_libhwui_21b118_c0         reference: unsupported insn 0x2f00e401
[SKIP  ] bb_libhwui_21b118_c1         reference: unsupported insn 0x2f00e401
[SKIP  ] bb_libhwui_21b118_c2         reference: unsupported insn 0x2f00e401
[SKIP  ] bb_libhwui_21b29c_c0         reference: unsupported insn 0x1e26002a
[SKIP  ] bb_libhwui_21b29c_c1         reference: unsupported insn 0x1e26002a
[SKIP  ] bb_libhwui_21b29c_c2         reference: unsupported insn 0x1e26002a
[PASS  ] bb_libhwui_21b920_c0         (179 bytes x86)
[PASS  ] bb_libhwui_21b920_c1         (179 bytes x86)
[PASS  ] bb_libhwui_21b920_c2         (179 bytes x86)
[SKIP  ] bb_libhwui_21baa0_c0         reference: unsupported insn 0x1e2e1002
[SKIP  ] bb_libhwui_21baa0_c1         reference: unsupported insn 0x1e2e1002
[SKIP  ] bb_libhwui_21baa0_c2         reference: unsupported insn 0x1e2e1002
[SKIP  ] bb_libhwui_21bb00_c0         reference: unsupported insn 0x1e26006b
[SKIP  ] bb_libhwui_21bb00_c1         reference: unsupported insn 0x1e26006b
[SKIP  ] bb_libhwui_21bb00_c2         reference: unsupported insn 0x1e26006b
[SKIP  ] bb_libhwui_21be90_c0         reference: unsupported insn 0x1e260049
[SKIP  ] bb_libhwui_21be90_c1         reference: unsupported insn 0x1e260049
[SKIP  ] bb_libhwui_21be90_c2         reference: unsupported insn 0x1e260049
[SKIP  ] bb_libhwui_21bea0_c0         reference: unsupported insn 0x2e205800
[SKIP  ] bb_libhwui_21bea0_c1         reference: unsupported insn 0x2e205800
[SKIP  ] bb_libhwui_21bea0_c2         reference: unsupported insn 0x2e205800
[SKIP  ] bb_libhwui_21c478_c0         reference: unsupported insn 0x0e21d842
[SKIP  ] bb_libhwui_21c478_c1         reference: unsupported insn 0x0e21d842
[SKIP  ] bb_libhwui_21c478_c2         reference: unsupported insn 0x0e21d842
[SKIP  ] bb_libhwui_21c498_c0         reference: unsupported insn 0x1e2600cd
[SKIP  ] bb_libhwui_21c498_c1         reference: unsupported insn 0x1e2600cd
[SKIP  ] bb_libhwui_21c498_c2         reference: unsupported insn 0x1e2600cd
[DBTERR] bb_libhwui_21c4b0_c0         dbt: decode word[3]=0x2ee41c60 failed: Reserved
[DBTERR] bb_libhwui_21c4b0_c1         dbt: decode word[3]=0x2ee41c60 failed: Reserved
[DBTERR] bb_libhwui_21c4b0_c2         dbt: decode word[3]=0x2ee41c60 failed: Reserved
[SKIP  ] bb_libhwui_21c4d0_c0         reference: unsupported insn 0x6e205884
[SKIP  ] bb_libhwui_21c4d0_c1         reference: unsupported insn 0x6e205884
[SKIP  ] bb_libhwui_21c4d0_c2         reference: unsupported insn 0x6e205884
[SKIP  ] bb_libhwui_21c4f0_c0         reference: unsupported insn 0x1e26008c
[SKIP  ] bb_libhwui_21c4f0_c1         reference: unsupported insn 0x1e26008c
[SKIP  ] bb_libhwui_21c4f0_c2         reference: unsupported insn 0x1e26008c
[PASS  ] bb_libhwui_21cff0_c0         (636 bytes x86)
[PASS  ] bb_libhwui_21cff0_c1         (636 bytes x86)
[PASS  ] bb_libhwui_21cff0_c2         (636 bytes x86)
[SKIP  ] bb_libhwui_21d514_c0         reference: unsupported insn 0x9e03fd00
[SKIP  ] bb_libhwui_21d514_c1         reference: unsupported insn 0x9e03fd00
[SKIP  ] bb_libhwui_21d514_c2         reference: unsupported insn 0x9e03fd00
[SKIP  ] bb_libhwui_21d6a8_c0         reference: unsupported insn 0x4f939072
[SKIP  ] bb_libhwui_21d6a8_c1         reference: unsupported insn 0x4f939072
[SKIP  ] bb_libhwui_21d6a8_c2         reference: unsupported insn 0x4f939072
[SKIP  ] bb_libhwui_21d700_c0         reference: unsupported insn 0x0e21d800
[SKIP  ] bb_libhwui_21d700_c1         reference: unsupported insn 0x0e21d800
[SKIP  ] bb_libhwui_21d700_c2         reference: unsupported insn 0x0e21d800
[SKIP  ] bb_libhwui_21d87c_c0         reference: unsupported insn 0x1e230420
[SKIP  ] bb_libhwui_21d87c_c1         reference: unsupported insn 0x1e230420
[SKIP  ] bb_libhwui_21d87c_c2         reference: unsupported insn 0x1e230420
[PASS  ] bb_libhwui_21d9fc_c0         (636 bytes x86)
[PASS  ] bb_libhwui_21d9fc_c1         (636 bytes x86)
[PASS  ] bb_libhwui_21d9fc_c2         (636 bytes x86)
[PASS  ] bb_libhwui_21dbec_c0         (636 bytes x86)
[PASS  ] bb_libhwui_21dbec_c1         (636 bytes x86)
[PASS  ] bb_libhwui_21dbec_c2         (636 bytes x86)
[PASS  ] bb_libhwui_21dd98_c0         (442 bytes x86)
[PASS  ] bb_libhwui_21dd98_c1         (442 bytes x86)
[PASS  ] bb_libhwui_21dd98_c2         (442 bytes x86)
[PASS  ] bb_libhwui_21e028_c0         (213 bytes x86)
[PASS  ] bb_libhwui_21e028_c1         (213 bytes x86)
[PASS  ] bb_libhwui_21e028_c2         (213 bytes x86)
[PASS  ] bb_libhwui_21e034_c0         (265 bytes x86)
[PASS  ] bb_libhwui_21e034_c1         (265 bytes x86)
[PASS  ] bb_libhwui_21e034_c2         (265 bytes x86)
[SKIP  ] bb_libhwui_21e0c4_c0         reference: unsupported insn 0x0ea00821
[SKIP  ] bb_libhwui_21e0c4_c1         reference: unsupported insn 0x0ea00821
[SKIP  ] bb_libhwui_21e0c4_c2         reference: unsupported insn 0x0ea00821
[SKIP  ] bb_libhwui_21e100_c0         reference: unsupported insn 0x1e26004a
[SKIP  ] bb_libhwui_21e100_c1         reference: unsupported insn 0x1e26004a
[SKIP  ] bb_libhwui_21e100_c2         reference: unsupported insn 0x1e26004a
[PASS  ] bb_libhwui_21e3dc_c0         (460 bytes x86)
[PASS  ] bb_libhwui_21e3dc_c1         (460 bytes x86)
[PASS  ] bb_libhwui_21e3dc_c2         (460 bytes x86)
[PASS  ] bb_libhwui_21e4b4_c0         (636 bytes x86)
[PASS  ] bb_libhwui_21e4b4_c1         (636 bytes x86)
[PASS  ] bb_libhwui_21e4b4_c2         (636 bytes x86)
[PASS  ] bb_libhwui_21e8d0_c0         (512 bytes x86)
[PASS  ] bb_libhwui_21e8d0_c1         (512 bytes x86)
[PASS  ] bb_libhwui_21e8d0_c2         (512 bytes x86)
[PASS  ] bb_libhwui_21ea00_c0         (747 bytes x86)
[PASS  ] bb_libhwui_21ea00_c1         (747 bytes x86)
[PASS  ] bb_libhwui_21ea00_c2         (747 bytes x86)
[PASS  ] bb_libhwui_21eac0_c0         (555 bytes x86)
[PASS  ] bb_libhwui_21eac0_c1         (555 bytes x86)
[PASS  ] bb_libhwui_21eac0_c2         (555 bytes x86)
[PASS  ] bb_libhwui_21ead8_c0         (83 bytes x86)
[PASS  ] bb_libhwui_21ead8_c1         (83 bytes x86)
[PASS  ] bb_libhwui_21ead8_c2         (83 bytes x86)
[SKIP  ] bb_libhwui_21eb6c_c0         reference: unsupported insn 0x0f0665a2
[SKIP  ] bb_libhwui_21eb6c_c1         reference: unsupported insn 0x0f0665a2
[SKIP  ] bb_libhwui_21eb6c_c2         reference: unsupported insn 0x0f0665a2
[PASS  ] bb_libhwui_21ebfc_c0         (207 bytes x86)
[PASS  ] bb_libhwui_21ebfc_c1         (207 bytes x86)
[PASS  ] bb_libhwui_21ebfc_c2         (207 bytes x86)
[PASS  ] bb_libhwui_21ec0c_c0         (83 bytes x86)
[PASS  ] bb_libhwui_21ec0c_c1         (83 bytes x86)
[PASS  ] bb_libhwui_21ec0c_c2         (83 bytes x86)
[PASS  ] bb_libhwui_21ec90_c0         (433 bytes x86)
[PASS  ] bb_libhwui_21ec90_c1         (433 bytes x86)
[PASS  ] bb_libhwui_21ec90_c2         (433 bytes x86)
[PASS  ] bb_libhwui_21ecf0_c0         (574 bytes x86)
[PASS  ] bb_libhwui_21ecf0_c1         (574 bytes x86)
[PASS  ] bb_libhwui_21ecf0_c2         (574 bytes x86)
[PASS  ] bb_libhwui_21ed78_c0         (179 bytes x86)
[PASS  ] bb_libhwui_21ed78_c1         (179 bytes x86)
[PASS  ] bb_libhwui_21ed78_c2         (179 bytes x86)
[PASS  ] bb_libhwui_21eda4_c0         (179 bytes x86)
[PASS  ] bb_libhwui_21eda4_c1         (179 bytes x86)
[PASS  ] bb_libhwui_21eda4_c2         (179 bytes x86)
[PASS  ] bb_libhwui_21ee98_c0         (89 bytes x86)
[PASS  ] bb_libhwui_21ee98_c1         (89 bytes x86)
[PASS  ] bb_libhwui_21ee98_c2         (89 bytes x86)
[PASS  ] bb_libhwui_21eea8_c0         (89 bytes x86)
[PASS  ] bb_libhwui_21eea8_c1         (89 bytes x86)
[PASS  ] bb_libhwui_21eea8_c2         (89 bytes x86)
[PASS  ] bb_libhwui_21eebc_c0         (89 bytes x86)
[PASS  ] bb_libhwui_21eebc_c1         (89 bytes x86)
[PASS  ] bb_libhwui_21eebc_c2         (89 bytes x86)
[PASS  ] bb_libhwui_21eed0_c0         (89 bytes x86)
[PASS  ] bb_libhwui_21eed0_c1         (89 bytes x86)
[PASS  ] bb_libhwui_21eed0_c2         (89 bytes x86)
[PASS  ] bb_libhwui_21f004_c0         (433 bytes x86)
[PASS  ] bb_libhwui_21f004_c1         (433 bytes x86)
[PASS  ] bb_libhwui_21f004_c2         (433 bytes x86)
[PASS  ] bb_libhwui_21f024_c0         (498 bytes x86)
[PASS  ] bb_libhwui_21f024_c1         (498 bytes x86)
[PASS  ] bb_libhwui_21f024_c2         (498 bytes x86)
[PASS  ] bb_libhwui_21f0c4_c0         (233 bytes x86)
[PASS  ] bb_libhwui_21f0c4_c1         (233 bytes x86)
[PASS  ] bb_libhwui_21f0c4_c2         (233 bytes x86)
[PASS  ] bb_libhwui_21f0f4_c0         (233 bytes x86)
[PASS  ] bb_libhwui_21f0f4_c1         (233 bytes x86)
[PASS  ] bb_libhwui_21f0f4_c2         (233 bytes x86)
[PASS  ] bb_libhwui_21f288_c0         (93 bytes x86)
[PASS  ] bb_libhwui_21f288_c1         (93 bytes x86)
[PASS  ] bb_libhwui_21f288_c2         (93 bytes x86)
[PASS  ] bb_libhwui_21f298_c0         (89 bytes x86)
[PASS  ] bb_libhwui_21f298_c1         (89 bytes x86)
[PASS  ] bb_libhwui_21f298_c2         (89 bytes x86)
[PASS  ] bb_libhwui_21f2a8_c0         (89 bytes x86)
[PASS  ] bb_libhwui_21f2a8_c1         (89 bytes x86)
[PASS  ] bb_libhwui_21f2a8_c2         (89 bytes x86)
[PASS  ] bb_libhwui_21f2bc_c0         (89 bytes x86)
[PASS  ] bb_libhwui_21f2bc_c1         (89 bytes x86)
[PASS  ] bb_libhwui_21f2bc_c2         (89 bytes x86)
[PASS  ] bb_libhwui_21f2d0_c0         (89 bytes x86)
[PASS  ] bb_libhwui_21f2d0_c1         (89 bytes x86)
[PASS  ] bb_libhwui_21f2d0_c2         (89 bytes x86)
[PASS  ] bb_libhwui_21f414_c0         (783 bytes x86)
[PASS  ] bb_libhwui_21f414_c1         (783 bytes x86)
[PASS  ] bb_libhwui_21f414_c2         (783 bytes x86)
[PASS  ] bb_libhwui_21f434_c0         (512 bytes x86)
[PASS  ] bb_libhwui_21f434_c1         (512 bytes x86)
[PASS  ] bb_libhwui_21f434_c2         (512 bytes x86)
[SKIP  ] bb_libhwui_2207ec_c0         reference: unsupported insn 0x6f00e400
[SKIP  ] bb_libhwui_2207ec_c1         reference: unsupported insn 0x6f00e400
[SKIP  ] bb_libhwui_2207ec_c2         reference: unsupported insn 0x6f00e400
[SKIP  ] bb_libhwui_220948_c0         reference: unsupported insn 0x1e6f1000
[SKIP  ] bb_libhwui_220948_c1         reference: unsupported insn 0x1e6f1000
[SKIP  ] bb_libhwui_220948_c2         reference: unsupported insn 0x1e6f1000
[SKIP  ] bb_libhwui_220cd4_c0         reference: unsupported insn 0x1e6e1000
[SKIP  ] bb_libhwui_220cd4_c1         reference: unsupported insn 0x1e6e1000
[SKIP  ] bb_libhwui_220cd4_c2         reference: unsupported insn 0x1e6e1000
[SKIP  ] bb_libhwui_221df0_c0         reference: unsupported insn 0x5e0c0401
[SKIP  ] bb_libhwui_221df0_c1         reference: unsupported insn 0x5e0c0401
[SKIP  ] bb_libhwui_221df0_c2         reference: unsupported insn 0x5e0c0401
[SKIP  ] bb_libhwui_221e80_c0         reference: unsupported insn 0x1e260089
[SKIP  ] bb_libhwui_221e80_c1         reference: unsupported insn 0x1e260089
[SKIP  ] bb_libhwui_221e80_c2         reference: unsupported insn 0x1e260089
[SKIP  ] bb_libhwui_221ea8_c0         reference: unsupported insn 0x1e2e1008
[SKIP  ] bb_libhwui_221ea8_c1         reference: unsupported insn 0x1e2e1008
[SKIP  ] bb_libhwui_221ea8_c2         reference: unsupported insn 0x1e2e1008
[PASS  ] bb_libhwui_221eec_c0         (433 bytes x86)
[PASS  ] bb_libhwui_221eec_c1         (433 bytes x86)
[PASS  ] bb_libhwui_221eec_c2         (433 bytes x86)
[PASS  ] bb_libhwui_2221d0_c0         (412 bytes x86)
[PASS  ] bb_libhwui_2221d0_c1         (412 bytes x86)
[PASS  ] bb_libhwui_2221d0_c2         (412 bytes x86)
[SKIP  ] bb_libhwui_2227bc_c0         reference: unsupported insn 0x5e0c04c6
[SKIP  ] bb_libhwui_2227bc_c1         reference: unsupported insn 0x5e0c04c6
[SKIP  ] bb_libhwui_2227bc_c2         reference: unsupported insn 0x5e0c04c6
[SKIP  ] bb_libhwui_2227dc_c0         reference: unsupported insn 0x0f809063
[SKIP  ] bb_libhwui_2227dc_c1         reference: unsupported insn 0x0f809063
[SKIP  ] bb_libhwui_2227dc_c2         reference: unsupported insn 0x0f809063
[SKIP  ] bb_libhwui_2227fc_c0         reference: unsupported insn 0x0fb19050
[SKIP  ] bb_libhwui_2227fc_c1         reference: unsupported insn 0x0fb19050
[SKIP  ] bb_libhwui_2227fc_c2         reference: unsupported insn 0x0fb19050
[SKIP  ] bb_libhwui_2232d0_c0         reference: unsupported insn 0xd53bd058
[SKIP  ] bb_libhwui_2232d0_c1         reference: unsupported insn 0xd53bd058
[SKIP  ] bb_libhwui_2232d0_c2         reference: unsupported insn 0xd53bd058
[PASS  ] bb_libhwui_223e14_c0         (335 bytes x86)
[PASS  ] bb_libhwui_223e14_c1         (335 bytes x86)
[PASS  ] bb_libhwui_223e14_c2         (335 bytes x86)
[SKIP  ] bb_libhwui_2240d8_c0         reference: unsupported insn 0x4f0167e1
[SKIP  ] bb_libhwui_2240d8_c1         reference: unsupported insn 0x4f0167e1
[SKIP  ] bb_libhwui_2240d8_c2         reference: unsupported insn 0x4f0167e1
[SKIP  ] bb_libhwui_2240f8_c0         reference: unsupported insn 0x4ea1b800
[SKIP  ] bb_libhwui_2240f8_c1         reference: unsupported insn 0x4ea1b800
[SKIP  ] bb_libhwui_2240f8_c2         reference: unsupported insn 0x4ea1b800
[SKIP  ] bb_libhwui_2241a0_c0         reference: unsupported insn 0x0e617821
[SKIP  ] bb_libhwui_2241a0_c1         reference: unsupported insn 0x0e617821
[SKIP  ] bb_libhwui_2241a0_c2         reference: unsupported insn 0x0e617821
[PASS  ] bb_libhwui_2242ac_c0         (238 bytes x86)
[PASS  ] bb_libhwui_2242ac_c1         (238 bytes x86)
[PASS  ] bb_libhwui_2242ac_c2         (238 bytes x86)
[SKIP  ] bb_libhwui_2242f0_c0         reference: unsupported insn 0x1e2b0404
[SKIP  ] bb_libhwui_2242f0_c1         reference: unsupported insn 0x1e2b0404
[SKIP  ] bb_libhwui_2242f0_c2         reference: unsupported insn 0x1e2b0404
[PASS  ] bb_libhwui_224360_c0         (100 bytes x86)
[PASS  ] bb_libhwui_224360_c1         (100 bytes x86)
[PASS  ] bb_libhwui_224360_c2         (100 bytes x86)
[SKIP  ] bb_libhwui_2244e0_c0         reference: unsupported insn 0x2f00e409
[SKIP  ] bb_libhwui_2244e0_c1         reference: unsupported insn 0x2f00e409
[SKIP  ] bb_libhwui_2244e0_c2         reference: unsupported insn 0x2f00e409
[SKIP  ] bb_libhwui_224944_c0         reference: unsupported insn 0x2f00e400
[SKIP  ] bb_libhwui_224944_c1         reference: unsupported insn 0x2f00e400
[SKIP  ] bb_libhwui_224944_c2         reference: unsupported insn 0x2f00e400
[SKIP  ] bb_libhwui_224990_c0         reference: unsupported insn 0x2f00e400
[SKIP  ] bb_libhwui_224990_c1         reference: unsupported insn 0x2f00e400
[SKIP  ] bb_libhwui_224990_c2         reference: unsupported insn 0x2f00e400
[SKIP  ] bb_libhwui_224e2c_c0         reference: unsupported insn 0x2f00e409
[SKIP  ] bb_libhwui_224e2c_c1         reference: unsupported insn 0x2f00e409
[SKIP  ] bb_libhwui_224e2c_c2         reference: unsupported insn 0x2f00e409
[PASS  ] bb_libhwui_2259b0_c0         (125 bytes x86)
[PASS  ] bb_libhwui_2259b0_c1         (125 bytes x86)
[PASS  ] bb_libhwui_2259b0_c2         (125 bytes x86)
[PASS  ] bb_libhwui_225a08_c0         (172 bytes x86)
[PASS  ] bb_libhwui_225a08_c1         (172 bytes x86)
[PASS  ] bb_libhwui_225a08_c2         (172 bytes x86)
[PASS  ] bb_libhwui_225a14_c0         (309 bytes x86)
[PASS  ] bb_libhwui_225a14_c1         (309 bytes x86)
[PASS  ] bb_libhwui_225a14_c2         (309 bytes x86)
[SKIP  ] bb_libhwui_225c60_c0         reference: unsupported insn 0x1e270100
[SKIP  ] bb_libhwui_225c60_c1         reference: unsupported insn 0x1e270100
[SKIP  ] bb_libhwui_225c60_c2         reference: unsupported insn 0x1e270100
[SKIP  ] bb_libhwui_225cb0_c0         reference: unsupported insn 0x1e6e1002
[SKIP  ] bb_libhwui_225cb0_c1         reference: unsupported insn 0x1e6e1002
[SKIP  ] bb_libhwui_225cb0_c2         reference: unsupported insn 0x1e6e1002
[SKIP  ] bb_libhwui_225d48_c0         reference: unsupported insn 0x1e270105
[SKIP  ] bb_libhwui_225d48_c1         reference: unsupported insn 0x1e270105
[SKIP  ] bb_libhwui_225d48_c2         reference: unsupported insn 0x1e270105
[SKIP  ] bb_libhwui_225d68_c0         reference: unsupported insn 0x2f00e402
[SKIP  ] bb_libhwui_225d68_c1         reference: unsupported insn 0x2f00e402
[SKIP  ] bb_libhwui_225d68_c2         reference: unsupported insn 0x2f00e402
[SKIP  ] bb_libhwui_225e70_c0         reference: unsupported insn 0x1e221005
[SKIP  ] bb_libhwui_225e70_c1         reference: unsupported insn 0x1e221005
[SKIP  ] bb_libhwui_225e70_c2         reference: unsupported insn 0x1e221005
[PASS  ] bb_libhwui_225e90_c0         (154 bytes x86)
[PASS  ] bb_libhwui_225e90_c1         (154 bytes x86)
[PASS  ] bb_libhwui_225e90_c2         (154 bytes x86)
[SKIP  ] bb_libhwui_226b98_c0         reference: unsupported insn 0x1e6f1000
[SKIP  ] bb_libhwui_226b98_c1         reference: unsupported insn 0x1e6f1000
[SKIP  ] bb_libhwui_226b98_c2         reference: unsupported insn 0x1e6f1000
[SKIP  ] bb_libhwui_226bcc_c0         reference: unsupported insn 0x1e6e1000
[SKIP  ] bb_libhwui_226bcc_c1         reference: unsupported insn 0x1e6e1000
[SKIP  ] bb_libhwui_226bcc_c2         reference: unsupported insn 0x1e6e1000
[SKIP  ] bb_libhwui_226c48_c0         reference: unsupported insn 0x1e6f1000
[SKIP  ] bb_libhwui_226c48_c1         reference: unsupported insn 0x1e6f1000
[SKIP  ] bb_libhwui_226c48_c2         reference: unsupported insn 0x1e6f1000
[SKIP  ] bb_libhwui_226cc8_c0         reference: unsupported insn 0x1e6f1000
[SKIP  ] bb_libhwui_226cc8_c1         reference: unsupported insn 0x1e6f1000
[SKIP  ] bb_libhwui_226cc8_c2         reference: unsupported insn 0x1e6f1000
[SKIP  ] bb_libhwui_226e64_c0         reference: unsupported insn 0x1e6f1000
[SKIP  ] bb_libhwui_226e64_c1         reference: unsupported insn 0x1e6f1000
[SKIP  ] bb_libhwui_226e64_c2         reference: unsupported insn 0x1e6f1000
[SKIP  ] bb_libhwui_227028_c0         reference: unsupported insn 0x1e270106
[SKIP  ] bb_libhwui_227028_c1         reference: unsupported insn 0x1e270106
[SKIP  ] bb_libhwui_227028_c2         reference: unsupported insn 0x1e270106
[SKIP  ] bb_libhwui_227048_c0         reference: unsupported insn 0x1e260048
[SKIP  ] bb_libhwui_227048_c1         reference: unsupported insn 0x1e260048
[SKIP  ] bb_libhwui_227048_c2         reference: unsupported insn 0x1e260048
[PASS  ] bb_libhwui_2271dc_c0         (747 bytes x86)
[PASS  ] bb_libhwui_2271dc_c1         (747 bytes x86)
[PASS  ] bb_libhwui_2271dc_c2         (747 bytes x86)
[SKIP  ] bb_libhwui_227290_c0         reference: unsupported insn 0x1e260008
[SKIP  ] bb_libhwui_227290_c1         reference: unsupported insn 0x1e260008
[SKIP  ] bb_libhwui_227290_c2         reference: unsupported insn 0x1e260008
[PASS  ] bb_libhwui_2272e8_c0         (238 bytes x86)
[PASS  ] bb_libhwui_2272e8_c1         (238 bytes x86)
[PASS  ] bb_libhwui_2272e8_c2         (238 bytes x86)
[SKIP  ] bb_libhwui_2277dc_c0         reference: unsupported insn 0x1e270101
[SKIP  ] bb_libhwui_2277dc_c1         reference: unsupported insn 0x1e270101
[SKIP  ] bb_libhwui_2277dc_c2         reference: unsupported insn 0x1e270101
[SKIP  ] bb_libhwui_227878_c0         reference: unsupported insn 0x1e270103
[SKIP  ] bb_libhwui_227878_c1         reference: unsupported insn 0x1e270103
[SKIP  ] bb_libhwui_227878_c2         reference: unsupported insn 0x1e270103
[SKIP  ] bb_libhwui_227898_c0         reference: unsupported insn 0x1e231440
[SKIP  ] bb_libhwui_227898_c1         reference: unsupported insn 0x1e231440
[SKIP  ] bb_libhwui_227898_c2         reference: unsupported insn 0x1e231440
[SKIP  ] bb_libhwui_2278fc_c0         reference: unsupported insn 0x1e270101
[SKIP  ] bb_libhwui_2278fc_c1         reference: unsupported insn 0x1e270101
[SKIP  ] bb_libhwui_2278fc_c2         reference: unsupported insn 0x1e270101
[SKIP  ] bb_libhwui_22790c_c0         reference: unsupported insn 0x1e270101
[SKIP  ] bb_libhwui_22790c_c1         reference: unsupported insn 0x1e270101
[SKIP  ] bb_libhwui_22790c_c2         reference: unsupported insn 0x1e270101
[SKIP  ] bb_libhwui_227980_c0         reference: unsupported insn 0x4f0167e5
[SKIP  ] bb_libhwui_227980_c1         reference: unsupported insn 0x4f0167e5
[SKIP  ] bb_libhwui_227980_c2         reference: unsupported insn 0x4f0167e5
[SKIP  ] bb_libhwui_2279c0_c0         reference: unsupported insn 0x6f00e402
[SKIP  ] bb_libhwui_2279c0_c1         reference: unsupported insn 0x6f00e402
[SKIP  ] bb_libhwui_2279c0_c2         reference: unsupported insn 0x6f00e402
[SKIP  ] bb_libhwui_2279e0_c0         reference: unsupported insn 0x2f056623
[SKIP  ] bb_libhwui_2279e0_c1         reference: unsupported insn 0x2f056623
[SKIP  ] bb_libhwui_2279e0_c2         reference: unsupported insn 0x2f056623
[SKIP  ] bb_libhwui_228158_c0         reference: unsupported insn 0x1e270101
[SKIP  ] bb_libhwui_228158_c1         reference: unsupported insn 0x1e270101
[SKIP  ] bb_libhwui_228158_c2         reference: unsupported insn 0x1e270101
[SKIP  ] bb_libhwui_228228_c0         reference: unsupported insn 0x1e221006
[SKIP  ] bb_libhwui_228228_c1         reference: unsupported insn 0x1e221006
[SKIP  ] bb_libhwui_228228_c2         reference: unsupported insn 0x1e221006
[PASS  ] bb_libhwui_228248_c0         (154 bytes x86)
[PASS  ] bb_libhwui_228248_c1         (154 bytes x86)
[PASS  ] bb_libhwui_228248_c2         (154 bytes x86)
[SKIP  ] bb_libhwui_228424_c0         reference: unsupported insn 0x0e617800
[SKIP  ] bb_libhwui_228424_c1         reference: unsupported insn 0x0e617800
[SKIP  ] bb_libhwui_228424_c2         reference: unsupported insn 0x0e617800
[SKIP  ] bb_libhwui_228464_c0         reference: unsupported insn 0x0e617821
[SKIP  ] bb_libhwui_228464_c1         reference: unsupported insn 0x0e617821
[SKIP  ] bb_libhwui_228464_c2         reference: unsupported insn 0x0e617821
[PASS  ] bb_libhwui_2288c0_c0         (484 bytes x86)
[PASS  ] bb_libhwui_2288c0_c1         (484 bytes x86)
[PASS  ] bb_libhwui_2288c0_c2         (484 bytes x86)
[PASS  ] bb_libhwui_22903c_c0         (455 bytes x86)
[PASS  ] bb_libhwui_22903c_c1         (455 bytes x86)
[PASS  ] bb_libhwui_22903c_c2         (455 bytes x86)
[PASS  ] bb_libhwui_22907c_c0         (365 bytes x86)
[PASS  ] bb_libhwui_22907c_c1         (365 bytes x86)
[PASS  ] bb_libhwui_22907c_c2         (365 bytes x86)
[SKIP  ] bb_libhwui_2291bc_c0         reference: unsupported insn 0x1e6e1000
[SKIP  ] bb_libhwui_2291bc_c1         reference: unsupported insn 0x1e6e1000
[SKIP  ] bb_libhwui_2291bc_c2         reference: unsupported insn 0x1e6e1000
[SKIP  ] bb_libhwui_2293f0_c0         reference: unsupported insn 0x1e6e1000
[SKIP  ] bb_libhwui_2293f0_c1         reference: unsupported insn 0x1e6e1000
[SKIP  ] bb_libhwui_2293f0_c2         reference: unsupported insn 0x1e6e1000
[SKIP  ] bb_libhwui_22a67c_c0         reference: unsupported insn 0x1e6e1001
[SKIP  ] bb_libhwui_22a67c_c1         reference: unsupported insn 0x1e6e1001
[SKIP  ] bb_libhwui_22a67c_c2         reference: unsupported insn 0x1e6e1001
[PASS  ] bb_libhwui_22a698_c0         (396 bytes x86)
[PASS  ] bb_libhwui_22a698_c1         (396 bytes x86)
[PASS  ] bb_libhwui_22a698_c2         (396 bytes x86)
[SKIP  ] bb_libhwui_22a84c_c0         reference: unsupported insn 0x1e270060
[SKIP  ] bb_libhwui_22a84c_c1         reference: unsupported insn 0x1e270060
[SKIP  ] bb_libhwui_22a84c_c2         reference: unsupported insn 0x1e270060
[SKIP  ] bb_libhwui_22b748_c0         reference: unsupported insn 0x4f839005
[SKIP  ] bb_libhwui_22b748_c1         reference: unsupported insn 0x4f839005
[SKIP  ] bb_libhwui_22b748_c2         reference: unsupported insn 0x4f839005
[SKIP  ] bb_libhwui_22b788_c0         reference: unsupported insn 0x5e0c0401
[SKIP  ] bb_libhwui_22b788_c1         reference: unsupported insn 0x5e0c0401
[SKIP  ] bb_libhwui_22b788_c2         reference: unsupported insn 0x5e0c0401
[SKIP  ] bb_libhwui_22b810_c0         reference: unsupported insn 0x1e270101
[SKIP  ] bb_libhwui_22b810_c1         reference: unsupported insn 0x1e270101
[SKIP  ] bb_libhwui_22b810_c2         reference: unsupported insn 0x1e270101
[SKIP  ] bb_libhwui_22b920_c0         reference: unsupported insn 0x5e0c0401
[SKIP  ] bb_libhwui_22b920_c1         reference: unsupported insn 0x5e0c0401
[SKIP  ] bb_libhwui_22b920_c2         reference: unsupported insn 0x5e0c0401
[PASS  ] bb_libhwui_22c000_c0         (287 bytes x86)
[PASS  ] bb_libhwui_22c000_c1         (287 bytes x86)
[PASS  ] bb_libhwui_22c000_c2         (287 bytes x86)
[SKIP  ] bb_libhwui_22c34c_c0         reference: unsupported insn 0x1e260168
[SKIP  ] bb_libhwui_22c34c_c1         reference: unsupported insn 0x1e260168
[SKIP  ] bb_libhwui_22c34c_c2         reference: unsupported insn 0x1e260168
[SKIP  ] bb_libhwui_22c4d8_c0         reference: unsupported insn 0x1e270101
[SKIP  ] bb_libhwui_22c4d8_c1         reference: unsupported insn 0x1e270101
[SKIP  ] bb_libhwui_22c4d8_c2         reference: unsupported insn 0x1e270101
[PASS  ] bb_libhwui_22c538_c0         (213 bytes x86)
[PASS  ] bb_libhwui_22c538_c1         (213 bytes x86)
[PASS  ] bb_libhwui_22c538_c2         (213 bytes x86)
[SKIP  ] bb_libhwui_22c93c_c0         reference: unsupported insn 0x6f00e403
[SKIP  ] bb_libhwui_22c93c_c1         reference: unsupported insn 0x6f00e403
[SKIP  ] bb_libhwui_22c93c_c2         reference: unsupported insn 0x6f00e403
[SKIP  ] bb_libhwui_22c984_c0         reference: unsupported insn 0x1e260069
[SKIP  ] bb_libhwui_22c984_c1         reference: unsupported insn 0x1e260069
[SKIP  ] bb_libhwui_22c984_c2         reference: unsupported insn 0x1e260069
[SKIP  ] bb_libhwui_22c998_c0         reference: unsupported insn 0x5e140420
[SKIP  ] bb_libhwui_22c998_c1         reference: unsupported insn 0x5e140420
[SKIP  ] bb_libhwui_22c998_c2         reference: unsupported insn 0x5e140420
[PASS  ] bb_libhwui_22cabc_c0         (197 bytes x86)
[PASS  ] bb_libhwui_22cabc_c1         (197 bytes x86)
[PASS  ] bb_libhwui_22cabc_c2         (197 bytes x86)
[SKIP  ] bb_libhwui_22cd9c_c0         reference: unsupported insn 0xd503201f
[SKIP  ] bb_libhwui_22cd9c_c1         reference: unsupported insn 0xd503201f
[SKIP  ] bb_libhwui_22cd9c_c2         reference: unsupported insn 0xd503201f
[SKIP  ] bb_libhwui_22cdf4_c0         reference: unsupported insn 0x2e205821
[SKIP  ] bb_libhwui_22cdf4_c1         reference: unsupported insn 0x2e205821
[SKIP  ] bb_libhwui_22cdf4_c2         reference: unsupported insn 0x2e205821
[SKIP  ] bb_libhwui_22ce0c_c0         reference: unsupported insn 0x0ea00862
[SKIP  ] bb_libhwui_22ce0c_c1         reference: unsupported insn 0x0ea00862
[SKIP  ] bb_libhwui_22ce0c_c2         reference: unsupported insn 0x0ea00862
[SKIP  ] bb_libhwui_22d20c_c0         reference: unsupported insn 0x4f809062
[SKIP  ] bb_libhwui_22d20c_c1         reference: unsupported insn 0x4f809062
[SKIP  ] bb_libhwui_22d20c_c2         reference: unsupported insn 0x4f809062
[SKIP  ] bb_libhwui_22dda0_c0         reference: unsupported insn 0x0f0664e3
[SKIP  ] bb_libhwui_22dda0_c1         reference: unsupported insn 0x0f0664e3
[SKIP  ] bb_libhwui_22dda0_c2         reference: unsupported insn 0x0f0664e3
[SKIP  ] bb_libhwui_22ddc8_c0         reference: unsupported insn 0x0f0664e2
[SKIP  ] bb_libhwui_22ddc8_c1         reference: unsupported insn 0x0f0664e2
[SKIP  ] bb_libhwui_22ddc8_c2         reference: unsupported insn 0x0f0664e2
[PASS  ] bb_libhwui_22ddfc_c0         (161 bytes x86)
[PASS  ] bb_libhwui_22ddfc_c1         (161 bytes x86)
[PASS  ] bb_libhwui_22ddfc_c2         (161 bytes x86)
[PASS  ] bb_libhwui_22de20_c0         (161 bytes x86)
[PASS  ] bb_libhwui_22de20_c1         (161 bytes x86)
[PASS  ] bb_libhwui_22de20_c2         (161 bytes x86)
[PASS  ] bb_libhwui_22e9a0_c0         (166 bytes x86)
[PASS  ] bb_libhwui_22e9a0_c1         (166 bytes x86)
[PASS  ] bb_libhwui_22e9a0_c2         (166 bytes x86)
[SKIP  ] bb_libhwui_22e9c4_c0         reference: unsupported insn 0x2f00e401
[SKIP  ] bb_libhwui_22e9c4_c1         reference: unsupported insn 0x2f00e401
[SKIP  ] bb_libhwui_22e9c4_c2         reference: unsupported insn 0x2f00e401
[SKIP  ] bb_libhwui_231690_c0         reference: unsupported insn 0x4f000504
[SKIP  ] bb_libhwui_231690_c1         reference: unsupported insn 0x4f000504
[SKIP  ] bb_libhwui_231690_c2         reference: unsupported insn 0x4f000504
[PASS  ] bb_libhwui_2316b0_c0         (317 bytes x86)
[PASS  ] bb_libhwui_2316b0_c1         (317 bytes x86)
[PASS  ] bb_libhwui_2316b0_c2         (317 bytes x86)
[SKIP  ] bb_libhwui_2316cc_c0         reference: unsupported insn 0x9e66000b
[SKIP  ] bb_libhwui_2316cc_c1         reference: unsupported insn 0x9e66000b
[SKIP  ] bb_libhwui_2316cc_c2         reference: unsupported insn 0x9e66000b
[SKIP  ] bb_libhwui_23229c_c0         reference: unsupported insn 0x6f00e401
[SKIP  ] bb_libhwui_23229c_c1         reference: unsupported insn 0x6f00e401
[SKIP  ] bb_libhwui_23229c_c2         reference: unsupported insn 0x6f00e401
[SKIP  ] bb_libhwui_232830_c0         reference: unsupported insn 0x0f809963
[SKIP  ] bb_libhwui_232830_c1         reference: unsupported insn 0x0f809963
[SKIP  ] bb_libhwui_232830_c2         reference: unsupported insn 0x0f809963
[SKIP  ] bb_libhwui_232850_c0         reference: unsupported insn 0x5e0c0401
[SKIP  ] bb_libhwui_232850_c1         reference: unsupported insn 0x5e0c0401
[SKIP  ] bb_libhwui_232850_c2         reference: unsupported insn 0x5e0c0401
[SKIP  ] bb_libhwui_232870_c0         reference: unsupported insn 0x1e260008
[SKIP  ] bb_libhwui_232870_c1         reference: unsupported insn 0x1e260008
[SKIP  ] bb_libhwui_232870_c2         reference: unsupported insn 0x1e260008
[SKIP  ] bb_libhwui_232a00_c0         reference: unsupported insn 0x7e30d800
[SKIP  ] bb_libhwui_232a00_c1         reference: unsupported insn 0x7e30d800
[SKIP  ] bb_libhwui_232a00_c2         reference: unsupported insn 0x7e30d800
[SKIP  ] bb_libhwui_232a70_c0         reference: unsupported insn 0x1e2702c2
[SKIP  ] bb_libhwui_232a70_c1         reference: unsupported insn 0x1e2702c2
[SKIP  ] bb_libhwui_232a70_c2         reference: unsupported insn 0x1e2702c2
[SKIP  ] bb_libhwui_232ad4_c0         reference: unsupported insn 0x1e2702c1
[SKIP  ] bb_libhwui_232ad4_c1         reference: unsupported insn 0x1e2702c1
[SKIP  ] bb_libhwui_232ad4_c2         reference: unsupported insn 0x1e2702c1
[PASS  ] bb_libhwui_232c10_c0         (495 bytes x86)
[PASS  ] bb_libhwui_232c10_c1         (495 bytes x86)
[PASS  ] bb_libhwui_232c10_c2         (495 bytes x86)
[SKIP  ] bb_libhwui_232c30_c0         reference: unsupported insn 0x2f00e402
[SKIP  ] bb_libhwui_232c30_c1         reference: unsupported insn 0x2f00e402
[SKIP  ] bb_libhwui_232c30_c2         reference: unsupported insn 0x2f00e402
[SKIP  ] bb_libhwui_232c54_c0         reference: unsupported insn 0x2f00e404
[SKIP  ] bb_libhwui_232c54_c1         reference: unsupported insn 0x2f00e404
[SKIP  ] bb_libhwui_232c54_c2         reference: unsupported insn 0x2f00e404
[PASS  ] bb_libhwui_232c6c_c0         (766 bytes x86)
[PASS  ] bb_libhwui_232c6c_c1         (766 bytes x86)
[PASS  ] bb_libhwui_232c6c_c2         (766 bytes x86)
[SKIP  ] bb_libhwui_232eb0_c0         reference: unsupported insn 0x1e3e1004
[SKIP  ] bb_libhwui_232eb0_c1         reference: unsupported insn 0x1e3e1004
[SKIP  ] bb_libhwui_232eb0_c2         reference: unsupported insn 0x1e3e1004
[SKIP  ] bb_libhwui_232ed0_c0         reference: unsupported insn 0x0f839000
[SKIP  ] bb_libhwui_232ed0_c1         reference: unsupported insn 0x0f839000
[SKIP  ] bb_libhwui_232ed0_c2         reference: unsupported insn 0x0f839000
[SKIP  ] bb_libhwui_232f08_c0         reference: unsupported insn 0x1e2a1001
[SKIP  ] bb_libhwui_232f08_c1         reference: unsupported insn 0x1e2a1001
[SKIP  ] bb_libhwui_232f08_c2         reference: unsupported insn 0x1e2a1001
[SKIP  ] bb_libhwui_233550_c0         reference: unsupported insn 0x0e616800
[SKIP  ] bb_libhwui_233550_c1         reference: unsupported insn 0x0e616800
[SKIP  ] bb_libhwui_233550_c2         reference: unsupported insn 0x0e616800
[SKIP  ] bb_libhwui_233830_c0         reference: unsupported insn 0x1e3c1001
[SKIP  ] bb_libhwui_233830_c1         reference: unsupported insn 0x1e3c1001
[SKIP  ] bb_libhwui_233830_c2         reference: unsupported insn 0x1e3c1001
[SKIP  ] bb_libhwui_2338d8_c0         reference: unsupported insn 0x1e2e1009
[SKIP  ] bb_libhwui_2338d8_c1         reference: unsupported insn 0x1e2e1009
[SKIP  ] bb_libhwui_2338d8_c2         reference: unsupported insn 0x1e2e1009
[SKIP  ] bb_libhwui_23398c_c0         reference: unsupported insn 0x2f00e401
[SKIP  ] bb_libhwui_23398c_c1         reference: unsupported insn 0x2f00e401
[SKIP  ] bb_libhwui_23398c_c2         reference: unsupported insn 0x2f00e401
[SKIP  ] bb_libhwui_233a70_c0         reference: unsupported insn 0x2f00e400
[SKIP  ] bb_libhwui_233a70_c1         reference: unsupported insn 0x2f00e400
[SKIP  ] bb_libhwui_233a70_c2         reference: unsupported insn 0x2f00e400
[SKIP  ] bb_libhwui_233c10_c0         reference: unsupported insn 0x4fc19000
[SKIP  ] bb_libhwui_233c10_c1         reference: unsupported insn 0x4fc19000
[SKIP  ] bb_libhwui_233c10_c2         reference: unsupported insn 0x4fc19000
[SKIP  ] bb_libhwui_233c2c_c0         reference: unsupported insn 0x5e0c0422
[SKIP  ] bb_libhwui_233c2c_c1         reference: unsupported insn 0x5e0c0422
[SKIP  ] bb_libhwui_233c2c_c2         reference: unsupported insn 0x5e0c0422
[PASS  ] bb_libhwui_233c3c_c0         (659 bytes x86)
[PASS  ] bb_libhwui_233c3c_c1         (659 bytes x86)
[PASS  ] bb_libhwui_233c3c_c2         (659 bytes x86)
[PASS  ] bb_libhwui_233cc0_c0         (336 bytes x86)
[PASS  ] bb_libhwui_233cc0_c1         (336 bytes x86)
[PASS  ] bb_libhwui_233cc0_c2         (336 bytes x86)
[PASS  ] bb_libhwui_233e20_c0         (181 bytes x86)
[PASS  ] bb_libhwui_233e20_c1         (181 bytes x86)
[PASS  ] bb_libhwui_233e20_c2         (181 bytes x86)
[SKIP  ] bb_libhwui_233e4c_c0         reference: unsupported insn 0x7a508184
[SKIP  ] bb_libhwui_233e4c_c1         reference: unsupported insn 0x7a508184
[SKIP  ] bb_libhwui_233e4c_c2         reference: unsupported insn 0x7a508184
[PASS  ] bb_libhwui_233f18_c0         (213 bytes x86)
[PASS  ] bb_libhwui_233f18_c1         (213 bytes x86)
[PASS  ] bb_libhwui_233f18_c2         (213 bytes x86)
[SKIP  ] bb_libhwui_233fd8_c0         reference: unsupported insn 0x1e260008
[SKIP  ] bb_libhwui_233fd8_c1         reference: unsupported insn 0x1e260008
[SKIP  ] bb_libhwui_233fd8_c2         reference: unsupported insn 0x1e260008
[SKIP  ] bb_libhwui_233fe8_c0         reference: unsupported insn 0x1e270122
[SKIP  ] bb_libhwui_233fe8_c1         reference: unsupported insn 0x1e270122
[SKIP  ] bb_libhwui_233fe8_c2         reference: unsupported insn 0x1e270122
[SKIP  ] bb_libhwui_23410c_c0         reference: unsupported insn 0x1e26006a
[SKIP  ] bb_libhwui_23410c_c1         reference: unsupported insn 0x1e26006a
[SKIP  ] bb_libhwui_23410c_c2         reference: unsupported insn 0x1e26006a
[SKIP  ] bb_libhwui_234120_c0         reference: unsupported insn 0x1e2701a5
[SKIP  ] bb_libhwui_234120_c1         reference: unsupported insn 0x1e2701a5
[SKIP  ] bb_libhwui_234120_c2         reference: unsupported insn 0x1e2701a5
[SKIP  ] bb_libhwui_234154_c0         reference: unsupported insn 0x1e270161
[SKIP  ] bb_libhwui_234154_c1         reference: unsupported insn 0x1e270161
[SKIP  ] bb_libhwui_234154_c2         reference: unsupported insn 0x1e270161
[SKIP  ] bb_libhwui_234344_c0         reference: unsupported insn 0x0f8091e0
[SKIP  ] bb_libhwui_234344_c1         reference: unsupported insn 0x0f8091e0
[SKIP  ] bb_libhwui_234344_c2         reference: unsupported insn 0x0f8091e0
[SKIP  ] bb_libhwui_234434_c0         reference: unsupported insn 0x1e260069
[SKIP  ] bb_libhwui_234434_c1         reference: unsupported insn 0x1e260069
[SKIP  ] bb_libhwui_234434_c2         reference: unsupported insn 0x1e260069
[SKIP  ] bb_libhwui_23444c_c0         reference: unsupported insn 0x1e270125
[SKIP  ] bb_libhwui_23444c_c1         reference: unsupported insn 0x1e270125
[SKIP  ] bb_libhwui_23444c_c2         reference: unsupported insn 0x1e270125
[SKIP  ] bb_libhwui_234488_c0         reference: unsupported insn 0x0f839003
[SKIP  ] bb_libhwui_234488_c1         reference: unsupported insn 0x0f839003
[SKIP  ] bb_libhwui_234488_c2         reference: unsupported insn 0x0f839003
[SKIP  ] bb_libhwui_234588_c0         reference: unsupported insn 0x7e30d842
[SKIP  ] bb_libhwui_234588_c1         reference: unsupported insn 0x7e30d842
[SKIP  ] bb_libhwui_234588_c2         reference: unsupported insn 0x7e30d842
[SKIP  ] bb_libhwui_234594_c0         reference: unsupported insn 0x1e270164
[SKIP  ] bb_libhwui_234594_c1         reference: unsupported insn 0x1e270164
[SKIP  ] bb_libhwui_234594_c2         reference: unsupported insn 0x1e270164
[SKIP  ] bb_libhwui_23462c_c0         reference: unsupported insn 0x1e270123
[SKIP  ] bb_libhwui_23462c_c1         reference: unsupported insn 0x1e270123
[SKIP  ] bb_libhwui_23462c_c2         reference: unsupported insn 0x1e270123
[SKIP  ] bb_libhwui_23464c_c0         reference: unsupported insn 0x2f00e401
[SKIP  ] bb_libhwui_23464c_c1         reference: unsupported insn 0x2f00e401
[SKIP  ] bb_libhwui_23464c_c2         reference: unsupported insn 0x2f00e401
[SKIP  ] bb_libhwui_23517c_c0         reference: unsupported insn 0x1e270104
[SKIP  ] bb_libhwui_23517c_c1         reference: unsupported insn 0x1e270104
[SKIP  ] bb_libhwui_23517c_c2         reference: unsupported insn 0x1e270104
[SKIP  ] bb_libhwui_23518c_c0         reference: unsupported insn 0x1e270104
[SKIP  ] bb_libhwui_23518c_c1         reference: unsupported insn 0x1e270104
[SKIP  ] bb_libhwui_23518c_c2         reference: unsupported insn 0x1e270104
[SKIP  ] bb_libhwui_2351b4_c0         reference: unsupported insn 0x1e270104
[SKIP  ] bb_libhwui_2351b4_c1         reference: unsupported insn 0x1e270104
[SKIP  ] bb_libhwui_2351b4_c2         reference: unsupported insn 0x1e270104
[SKIP  ] bb_libhwui_2351c0_c0         reference: unsupported insn 0x1e270103
[SKIP  ] bb_libhwui_2351c0_c1         reference: unsupported insn 0x1e270103
[SKIP  ] bb_libhwui_2351c0_c2         reference: unsupported insn 0x1e270103
[SKIP  ] bb_libhwui_2351cc_c0         reference: unsupported insn 0x1e270101
[SKIP  ] bb_libhwui_2351cc_c1         reference: unsupported insn 0x1e270101
[SKIP  ] bb_libhwui_2351cc_c2         reference: unsupported insn 0x1e270101
[SKIP  ] bb_libhwui_2355d0_c0         reference: unsupported insn 0x7e70d821
[SKIP  ] bb_libhwui_2355d0_c1         reference: unsupported insn 0x7e70d821
[SKIP  ] bb_libhwui_2355d0_c2         reference: unsupported insn 0x7e70d821
[SKIP  ] bb_libhwui_2355f0_c0         reference: unsupported insn 0x1e26002c
[SKIP  ] bb_libhwui_2355f0_c1         reference: unsupported insn 0x1e26002c
[SKIP  ] bb_libhwui_2355f0_c2         reference: unsupported insn 0x1e26002c
[PASS  ] bb_libhwui_2356c0_c0         (607 bytes x86)
[PASS  ] bb_libhwui_2356c0_c1         (607 bytes x86)
[PASS  ] bb_libhwui_2356c0_c2         (607 bytes x86)
[PASS  ] bb_libhwui_235720_c0         (392 bytes x86)
[PASS  ] bb_libhwui_235720_c1         (392 bytes x86)
[PASS  ] bb_libhwui_235720_c2         (392 bytes x86)
[SKIP  ] bb_libhwui_235740_c0         reference: unsupported insn 0x1e260029
[SKIP  ] bb_libhwui_235740_c1         reference: unsupported insn 0x1e260029
[SKIP  ] bb_libhwui_235740_c2         reference: unsupported insn 0x1e260029
[SKIP  ] bb_libhwui_2359cc_c0         reference: unsupported insn 0x7e30d800
[SKIP  ] bb_libhwui_2359cc_c1         reference: unsupported insn 0x7e30d800
[SKIP  ] bb_libhwui_2359cc_c2         reference: unsupported insn 0x7e30d800
[SKIP  ] bb_libhwui_235a6c_c0         reference: unsupported insn 0x7e30d800
[SKIP  ] bb_libhwui_235a6c_c1         reference: unsupported insn 0x7e30d800
[SKIP  ] bb_libhwui_235a6c_c2         reference: unsupported insn 0x7e30d800
[PASS  ] bb_libhwui_23635c_c0         (440 bytes x86)
[PASS  ] bb_libhwui_23635c_c1         (440 bytes x86)
[PASS  ] bb_libhwui_23635c_c2         (440 bytes x86)
[SKIP  ] bb_libhwui_236374_c0         reference: unsupported insn 0x1e270121
[SKIP  ] bb_libhwui_236374_c1         reference: unsupported insn 0x1e270121
[SKIP  ] bb_libhwui_236374_c2         reference: unsupported insn 0x1e270121
[PASS  ] bb_libhwui_236ce0_c0         (131 bytes x86)
[PASS  ] bb_libhwui_236ce0_c1         (131 bytes x86)
[PASS  ] bb_libhwui_236ce0_c2         (131 bytes x86)
[SKIP  ] bb_libhwui_237368_c0         reference: unsupported insn 0x1e2600a8
[SKIP  ] bb_libhwui_237368_c1         reference: unsupported insn 0x1e2600a8
[SKIP  ] bb_libhwui_237368_c2         reference: unsupported insn 0x1e2600a8
[SKIP  ] bb_libhwui_237388_c0         reference: unsupported insn 0x0ea00865
[SKIP  ] bb_libhwui_237388_c1         reference: unsupported insn 0x0ea00865
[SKIP  ] bb_libhwui_237388_c2         reference: unsupported insn 0x0ea00865
[SKIP  ] bb_libhwui_2373b0_c0         reference: unsupported insn 0x7e30d864
[SKIP  ] bb_libhwui_2373b0_c1         reference: unsupported insn 0x7e30d864
[SKIP  ] bb_libhwui_2373b0_c2         reference: unsupported insn 0x7e30d864
[PASS  ] bb_libhwui_2373c0_c0         (371 bytes x86)
[PASS  ] bb_libhwui_2373c0_c1         (371 bytes x86)
[PASS  ] bb_libhwui_2373c0_c2         (371 bytes x86)
[PASS  ] bb_libhwui_237410_c0         (308 bytes x86)
[PASS  ] bb_libhwui_237410_c1         (308 bytes x86)
[PASS  ] bb_libhwui_237410_c2         (308 bytes x86)
[SKIP  ] bb_libhwui_2374a0_c0         reference: unsupported insn 0x1e270166
[SKIP  ] bb_libhwui_2374a0_c1         reference: unsupported insn 0x1e270166
[SKIP  ] bb_libhwui_2374a0_c2         reference: unsupported insn 0x1e270166
[SKIP  ] bb_libhwui_2374dc_c0         reference: unsupported insn 0x1e6e1013
[SKIP  ] bb_libhwui_2374dc_c1         reference: unsupported insn 0x1e6e1013
[SKIP  ] bb_libhwui_2374dc_c2         reference: unsupported insn 0x1e6e1013
[SKIP  ] bb_libhwui_2374fc_c0         reference: unsupported insn 0x2f00e410
[SKIP  ] bb_libhwui_2374fc_c1         reference: unsupported insn 0x2f00e410
[SKIP  ] bb_libhwui_2374fc_c2         reference: unsupported insn 0x2f00e410
[SKIP  ] bb_libhwui_23750c_c0         reference: unsupported insn 0x2f00e413
[SKIP  ] bb_libhwui_23750c_c1         reference: unsupported insn 0x2f00e413
[SKIP  ] bb_libhwui_23750c_c2         reference: unsupported insn 0x2f00e413
[PASS  ] bb_libhwui_237524_c0         (716 bytes x86)
[PASS  ] bb_libhwui_237524_c1         (716 bytes x86)
[PASS  ] bb_libhwui_237524_c2         (716 bytes x86)
[SKIP  ] bb_libhwui_237564_c0         reference: unsupported insn 0x1e270171
[SKIP  ] bb_libhwui_237564_c1         reference: unsupported insn 0x1e270171
[SKIP  ] bb_libhwui_237564_c2         reference: unsupported insn 0x1e270171
[PASS  ] bb_libhwui_2378b0_c0         (390 bytes x86)
[PASS  ] bb_libhwui_2378b0_c1         (390 bytes x86)
[PASS  ] bb_libhwui_2378b0_c2         (390 bytes x86)
[PASS  ] bb_libhwui_2378cc_c0         (282 bytes x86)
[PASS  ] bb_libhwui_2378cc_c1         (282 bytes x86)
[PASS  ] bb_libhwui_2378cc_c2         (282 bytes x86)
[SKIP  ] bb_libhwui_237920_c0         reference: unsupported insn 0x7e30d800
[SKIP  ] bb_libhwui_237920_c1         reference: unsupported insn 0x7e30d800
[SKIP  ] bb_libhwui_237920_c2         reference: unsupported insn 0x7e30d800
[SKIP  ] bb_libhwui_237bac_c0         reference: unsupported insn 0x6f00e400
[SKIP  ] bb_libhwui_237bac_c1         reference: unsupported insn 0x6f00e400
[SKIP  ] bb_libhwui_237bac_c2         reference: unsupported insn 0x6f00e400
[SKIP  ] bb_libhwui_238410_c0         reference: unsupported insn 0x1e6f1000
[SKIP  ] bb_libhwui_238410_c1         reference: unsupported insn 0x1e6f1000
[SKIP  ] bb_libhwui_238410_c2         reference: unsupported insn 0x1e6f1000
[SKIP  ] bb_libhwui_2386a4_c0         reference: unsupported insn 0x1e6f1000
[SKIP  ] bb_libhwui_2386a4_c1         reference: unsupported insn 0x1e6f1000
[SKIP  ] bb_libhwui_2386a4_c2         reference: unsupported insn 0x1e6f1000
[SKIP  ] bb_libhwui_2389fc_c0         reference: unsupported insn 0x1e6f1000
[SKIP  ] bb_libhwui_2389fc_c1         reference: unsupported insn 0x1e6f1000
[SKIP  ] bb_libhwui_2389fc_c2         reference: unsupported insn 0x1e6f1000
[SKIP  ] bb_libhwui_23a524_c0         reference: unsupported insn 0x1e2e1000
[SKIP  ] bb_libhwui_23a524_c1         reference: unsupported insn 0x1e2e1000
[SKIP  ] bb_libhwui_23a524_c2         reference: unsupported insn 0x1e2e1000
[SKIP  ] bb_libhwui_23a66c_c0         reference: unsupported insn 0x1e2e1001
[SKIP  ] bb_libhwui_23a66c_c1         reference: unsupported insn 0x1e2e1001
[SKIP  ] bb_libhwui_23a66c_c2         reference: unsupported insn 0x1e2e1001
[PASS  ] bb_libhwui_23a680_c0         (179 bytes x86)
[PASS  ] bb_libhwui_23a680_c1         (179 bytes x86)
[PASS  ] bb_libhwui_23a680_c2         (179 bytes x86)
[PASS  ] bb_libhwui_23a690_c0         (205 bytes x86)
[PASS  ] bb_libhwui_23a690_c1         (205 bytes x86)
[PASS  ] bb_libhwui_23a690_c2         (205 bytes x86)
[PASS  ] bb_libhwui_23a6ec_c0         (205 bytes x86)
[PASS  ] bb_libhwui_23a6ec_c1         (205 bytes x86)
[PASS  ] bb_libhwui_23a6ec_c2         (205 bytes x86)
[SKIP  ] bb_libhwui_23a974_c0         reference: unsupported insn 0x2f00e408
[SKIP  ] bb_libhwui_23a974_c1         reference: unsupported insn 0x2f00e408
[SKIP  ] bb_libhwui_23a974_c2         reference: unsupported insn 0x2f00e408
[PASS  ] bb_libhwui_23aa40_c0         (166 bytes x86)
[PASS  ] bb_libhwui_23aa40_c1         (166 bytes x86)
[PASS  ] bb_libhwui_23aa40_c2         (166 bytes x86)
[PASS  ] bb_libhwui_23abac_c0         (224 bytes x86)
[PASS  ] bb_libhwui_23abac_c1         (224 bytes x86)
[PASS  ] bb_libhwui_23abac_c2         (224 bytes x86)
[SKIP  ] bb_libhwui_23ac14_c0         reference: unsupported insn 0x0e617800
[SKIP  ] bb_libhwui_23ac14_c1         reference: unsupported insn 0x0e617800
[SKIP  ] bb_libhwui_23ac14_c2         reference: unsupported insn 0x0e617800
[SKIP  ] bb_libhwui_23ac2c_c0         reference: unsupported insn 0x1e260108
[SKIP  ] bb_libhwui_23ac2c_c1         reference: unsupported insn 0x1e260108
[SKIP  ] bb_libhwui_23ac2c_c2         reference: unsupported insn 0x1e260108
[PASS  ] bb_libhwui_23ac50_c0         (78 bytes x86)
[PASS  ] bb_libhwui_23ac50_c1         (78 bytes x86)
[PASS  ] bb_libhwui_23ac50_c2         (78 bytes x86)
[SKIP  ] bb_libhwui_23adb4_c0         reference: unsupported insn 0x2f00e408
[SKIP  ] bb_libhwui_23adb4_c1         reference: unsupported insn 0x2f00e408
[SKIP  ] bb_libhwui_23adb4_c2         reference: unsupported insn 0x2f00e408
[PASS  ] bb_libhwui_23b16c_c0         (363 bytes x86)
[PASS  ] bb_libhwui_23b16c_c1         (363 bytes x86)
[PASS  ] bb_libhwui_23b16c_c2         (363 bytes x86)
[PASS  ] bb_libhwui_23b1d8_c0         (224 bytes x86)
[PASS  ] bb_libhwui_23b1d8_c1         (224 bytes x86)
[PASS  ] bb_libhwui_23b1d8_c2         (224 bytes x86)
[SKIP  ] bb_libhwui_23b2b0_c0         reference: unsupported insn 0x1e028b20
[SKIP  ] bb_libhwui_23b2b0_c1         reference: unsupported insn 0x1e028b20
[SKIP  ] bb_libhwui_23b2b0_c2         reference: unsupported insn 0x1e028b20
[SKIP  ] bb_libhwui_23b384_c0         reference: unsupported insn 0x1e260048
[SKIP  ] bb_libhwui_23b384_c1         reference: unsupported insn 0x1e260048
[SKIP  ] bb_libhwui_23b384_c2         reference: unsupported insn 0x1e260048
[PASS  ] bb_libhwui_23b3a8_c0         (224 bytes x86)
[PASS  ] bb_libhwui_23b3a8_c1         (224 bytes x86)
[PASS  ] bb_libhwui_23b3a8_c2         (224 bytes x86)
[PASS  ] bb_libhwui_23b424_c0         (361 bytes x86)
[PASS  ] bb_libhwui_23b424_c1         (361 bytes x86)
[PASS  ] bb_libhwui_23b424_c2         (361 bytes x86)
[PASS  ] bb_libhwui_23b484_c0         (355 bytes x86)
[PASS  ] bb_libhwui_23b484_c1         (355 bytes x86)
[PASS  ] bb_libhwui_23b484_c2         (355 bytes x86)
[PASS  ] bb_libhwui_23b568_c0         (337 bytes x86)
[PASS  ] bb_libhwui_23b568_c1         (337 bytes x86)
[PASS  ] bb_libhwui_23b568_c2         (337 bytes x86)
[SKIP  ] bb_libhwui_23b5a0_c0         reference: unsupported insn 0x1e260068
[SKIP  ] bb_libhwui_23b5a0_c1         reference: unsupported insn 0x1e260068
[SKIP  ] bb_libhwui_23b5a0_c2         reference: unsupported insn 0x1e260068
[PASS  ] bb_libhwui_23b5ac_c0         (224 bytes x86)
[PASS  ] bb_libhwui_23b5ac_c1         (224 bytes x86)
[PASS  ] bb_libhwui_23b5ac_c2         (224 bytes x86)
[PASS  ] bb_libhwui_23b610_c0         (395 bytes x86)
[PASS  ] bb_libhwui_23b610_c1         (395 bytes x86)
[PASS  ] bb_libhwui_23b610_c2         (395 bytes x86)
[PASS  ] bb_libhwui_23b784_c0         (355 bytes x86)
[PASS  ] bb_libhwui_23b784_c1         (355 bytes x86)
[PASS  ] bb_libhwui_23b784_c2         (355 bytes x86)
[SKIP  ] bb_libhwui_23b870_c0         reference: unsupported insn 0x2f00e405
[SKIP  ] bb_libhwui_23b870_c1         reference: unsupported insn 0x2f00e405
[SKIP  ] bb_libhwui_23b870_c2         reference: unsupported insn 0x2f00e405
[PASS  ] bb_libhwui_23ce8c_c0         (213 bytes x86)
[PASS  ] bb_libhwui_23ce8c_c1         (213 bytes x86)
[PASS  ] bb_libhwui_23ce8c_c2         (213 bytes x86)
[SKIP  ] bb_libhwui_23d374_c0         reference: unsupported insn 0x1e26004a
[SKIP  ] bb_libhwui_23d374_c1         reference: unsupported insn 0x1e26004a
[SKIP  ] bb_libhwui_23d374_c2         reference: unsupported insn 0x1e26004a
[SKIP  ] bb_libhwui_23de64_c0         reference: unsupported insn 0x0f8190a2
[SKIP  ] bb_libhwui_23de64_c1         reference: unsupported insn 0x0f8190a2
[SKIP  ] bb_libhwui_23de64_c2         reference: unsupported insn 0x0f8190a2
[SKIP  ] bb_libhwui_23de84_c0         reference: unsupported insn 0x5e0c04e0
[SKIP  ] bb_libhwui_23de84_c1         reference: unsupported insn 0x5e0c04e0
[SKIP  ] bb_libhwui_23de84_c2         reference: unsupported insn 0x5e0c04e0
[SKIP  ] bb_libhwui_23dec8_c0         reference: unsupported insn 0x5e0c0463
[SKIP  ] bb_libhwui_23dec8_c1         reference: unsupported insn 0x5e0c0463
[SKIP  ] bb_libhwui_23dec8_c2         reference: unsupported insn 0x5e0c0463
[SKIP  ] bb_libhwui_23dee4_c0         reference: unsupported insn 0x5e0c0442
[SKIP  ] bb_libhwui_23dee4_c1         reference: unsupported insn 0x5e0c0442
[SKIP  ] bb_libhwui_23dee4_c2         reference: unsupported insn 0x5e0c0442
[PASS  ] bb_libhwui_23defc_c0         (282 bytes x86)
[PASS  ] bb_libhwui_23defc_c1         (282 bytes x86)
[PASS  ] bb_libhwui_23defc_c2         (282 bytes x86)
[PASS  ] bb_libhwui_23df44_c0         (635 bytes x86)
[PASS  ] bb_libhwui_23df44_c1         (635 bytes x86)
[PASS  ] bb_libhwui_23df44_c2         (635 bytes x86)
[SKIP  ] bb_libhwui_240090_c0         reference: unsupported insn 0x2f00e406
[SKIP  ] bb_libhwui_240090_c1         reference: unsupported insn 0x2f00e406
[SKIP  ] bb_libhwui_240090_c2         reference: unsupported insn 0x2f00e406
[PASS  ] bb_libhwui_2400cc_c0         (104 bytes x86)
[PASS  ] bb_libhwui_2400cc_c1         (104 bytes x86)
[PASS  ] bb_libhwui_2400cc_c2         (104 bytes x86)
[PASS  ] bb_libhwui_2400d8_c0         (209 bytes x86)
[PASS  ] bb_libhwui_2400d8_c1         (209 bytes x86)
[PASS  ] bb_libhwui_2400d8_c2         (209 bytes x86)
[PASS  ] bb_libhwui_24012c_c0         (315 bytes x86)
[PASS  ] bb_libhwui_24012c_c1         (315 bytes x86)
[PASS  ] bb_libhwui_24012c_c2         (315 bytes x86)
[PASS  ] bb_libhwui_240168_c0         (99 bytes x86)
[PASS  ] bb_libhwui_240168_c1         (99 bytes x86)
[PASS  ] bb_libhwui_240168_c2         (99 bytes x86)
[PASS  ] bb_libhwui_2401d4_c0         (315 bytes x86)
[PASS  ] bb_libhwui_2401d4_c1         (315 bytes x86)
[PASS  ] bb_libhwui_2401d4_c2         (315 bytes x86)
[SKIP  ] bb_libhwui_2401f0_c0         reference: unsupported insn 0x2f00e410
[SKIP  ] bb_libhwui_2401f0_c1         reference: unsupported insn 0x2f00e410
[SKIP  ] bb_libhwui_2401f0_c2         reference: unsupported insn 0x2f00e410
[PASS  ] bb_libhwui_240210_c0         (390 bytes x86)
[PASS  ] bb_libhwui_240210_c1         (390 bytes x86)
[PASS  ] bb_libhwui_240210_c2         (390 bytes x86)
[PASS  ] bb_libhwui_240354_c0         (423 bytes x86)
[PASS  ] bb_libhwui_240354_c1         (423 bytes x86)
[PASS  ] bb_libhwui_240354_c2         (423 bytes x86)
[PASS  ] bb_libhwui_2403c4_c0         (207 bytes x86)
[PASS  ] bb_libhwui_2403c4_c1         (207 bytes x86)
[PASS  ] bb_libhwui_2403c4_c2         (207 bytes x86)
[PASS  ] bb_libhwui_2403f8_c0         (207 bytes x86)
[PASS  ] bb_libhwui_2403f8_c1         (207 bytes x86)
[PASS  ] bb_libhwui_2403f8_c2         (207 bytes x86)
[PASS  ] bb_libhwui_24042c_c0         (261 bytes x86)
[PASS  ] bb_libhwui_24042c_c1         (261 bytes x86)
[PASS  ] bb_libhwui_24042c_c2         (261 bytes x86)
[PASS  ] bb_libhwui_240464_c0         (315 bytes x86)
[PASS  ] bb_libhwui_240464_c1         (315 bytes x86)
[PASS  ] bb_libhwui_240464_c2         (315 bytes x86)
[PASS  ] bb_libhwui_2404a0_c0         (315 bytes x86)
[PASS  ] bb_libhwui_2404a0_c1         (315 bytes x86)
[PASS  ] bb_libhwui_2404a0_c2         (315 bytes x86)
[PASS  ] bb_libhwui_2404dc_c0         (207 bytes x86)
[PASS  ] bb_libhwui_2404dc_c1         (207 bytes x86)
[PASS  ] bb_libhwui_2404dc_c2         (207 bytes x86)
[PASS  ] bb_libhwui_240510_c0         (207 bytes x86)
[PASS  ] bb_libhwui_240510_c1         (207 bytes x86)
[PASS  ] bb_libhwui_240510_c2         (207 bytes x86)
[PASS  ] bb_libhwui_240544_c0         (207 bytes x86)
[PASS  ] bb_libhwui_240544_c1         (207 bytes x86)
[PASS  ] bb_libhwui_240544_c2         (207 bytes x86)
[DBTERR] bb_libhwui_240634_c0         dbt: decode word[7]=0x2ee21c24 failed: Reserved
[DBTERR] bb_libhwui_240634_c1         dbt: decode word[7]=0x2ee21c24 failed: Reserved
[DBTERR] bb_libhwui_240634_c2         dbt: decode word[7]=0x2ee21c24 failed: Reserved
[SKIP  ] bb_libhwui_2406c4_c0         reference: unsupported insn 0x5e0c04e2
[SKIP  ] bb_libhwui_2406c4_c1         reference: unsupported insn 0x5e0c04e2
[SKIP  ] bb_libhwui_2406c4_c2         reference: unsupported insn 0x5e0c04e2
[SKIP  ] bb_libhwui_240704_c0         reference: unsupported insn 0x6f03f405
[SKIP  ] bb_libhwui_240704_c1         reference: unsupported insn 0x6f03f405
[SKIP  ] bb_libhwui_240704_c2         reference: unsupported insn 0x6f03f405
[SKIP  ] bb_libhwui_240724_c0         reference: unsupported insn 0x1e270103
[SKIP  ] bb_libhwui_240724_c1         reference: unsupported insn 0x1e270103
[SKIP  ] bb_libhwui_240724_c2         reference: unsupported insn 0x1e270103
[SKIP  ] bb_libhwui_240744_c0         reference: unsupported insn 0x0e616800
[SKIP  ] bb_libhwui_240744_c1         reference: unsupported insn 0x0e616800
[SKIP  ] bb_libhwui_240744_c2         reference: unsupported insn 0x0e616800
[SKIP  ] bb_libhwui_240764_c0         reference: unsupported insn 0x1e270103
[SKIP  ] bb_libhwui_240764_c1         reference: unsupported insn 0x1e270103
[SKIP  ] bb_libhwui_240764_c2         reference: unsupported insn 0x1e270103
[SKIP  ] bb_libhwui_240784_c0         reference: unsupported insn 0x0ea1b821
[SKIP  ] bb_libhwui_240784_c1         reference: unsupported insn 0x0ea1b821
[SKIP  ] bb_libhwui_240784_c2         reference: unsupported insn 0x0ea1b821
[SKIP  ] bb_libhwui_240820_c0         reference: unsupported insn 0x5e0c04e0
[SKIP  ] bb_libhwui_240820_c1         reference: unsupported insn 0x5e0c04e0
[SKIP  ] bb_libhwui_240820_c2         reference: unsupported insn 0x5e0c04e0
[SKIP  ] bb_libhwui_240840_c0         reference: unsupported insn 0x0e617841
[SKIP  ] bb_libhwui_240840_c1         reference: unsupported insn 0x0e617841
[SKIP  ] bb_libhwui_240840_c2         reference: unsupported insn 0x0e617841
[SKIP  ] bb_libhwui_240860_c0         reference: unsupported insn 0x2f016622
[SKIP  ] bb_libhwui_240860_c1         reference: unsupported insn 0x2f016622
[SKIP  ] bb_libhwui_240860_c2         reference: unsupported insn 0x2f016622
[SKIP  ] bb_libhwui_2408a0_c0         reference: unsupported insn 0x9e660009
[SKIP  ] bb_libhwui_2408a0_c1         reference: unsupported insn 0x9e660009
[SKIP  ] bb_libhwui_2408a0_c2         reference: unsupported insn 0x9e660009
[PASS  ] bb_libhwui_2408ac_c0         (139 bytes x86)
[PASS  ] bb_libhwui_2408ac_c1         (139 bytes x86)
[PASS  ] bb_libhwui_2408ac_c2         (139 bytes x86)
[SKIP  ] bb_libhwui_2409c4_c0         reference: unsupported insn 0x0ea00821
[SKIP  ] bb_libhwui_2409c4_c1         reference: unsupported insn 0x0ea00821
[SKIP  ] bb_libhwui_2409c4_c2         reference: unsupported insn 0x0ea00821
[SKIP  ] bb_libhwui_2409dc_c0         reference: unsupported insn 0x9e660029
[SKIP  ] bb_libhwui_2409dc_c1         reference: unsupported insn 0x9e660029
[SKIP  ] bb_libhwui_2409dc_c2         reference: unsupported insn 0x9e660029
[PASS  ] bb_libhwui_240a14_c0         (397 bytes x86)
[PASS  ] bb_libhwui_240a14_c1         (397 bytes x86)
[PASS  ] bb_libhwui_240a14_c2         (397 bytes x86)
[SKIP  ] bb_libhwui_240a34_c0         reference: unsupported insn 0x1e260069
[SKIP  ] bb_libhwui_240a34_c1         reference: unsupported insn 0x1e260069
[SKIP  ] bb_libhwui_240a34_c2         reference: unsupported insn 0x1e260069
[PASS  ] bb_libhwui_240c84_c0         (500 bytes x86)
[PASS  ] bb_libhwui_240c84_c1         (500 bytes x86)
[PASS  ] bb_libhwui_240c84_c2         (500 bytes x86)
[SKIP  ] bb_libhwui_240cac_c0         reference: unsupported insn 0x9e660028
[SKIP  ] bb_libhwui_240cac_c1         reference: unsupported insn 0x9e660028
[SKIP  ] bb_libhwui_240cac_c2         reference: unsupported insn 0x9e660028
[PASS  ] bb_libhwui_240e40_c0         (495 bytes x86)
[PASS  ] bb_libhwui_240e40_c1         (495 bytes x86)
[PASS  ] bb_libhwui_240e40_c2         (495 bytes x86)
[SKIP  ] bb_libhwui_240f00_c0         reference: unsupported insn 0x6f00e410
[SKIP  ] bb_libhwui_240f00_c1         reference: unsupported insn 0x6f00e410
[SKIP  ] bb_libhwui_240f00_c2         reference: unsupported insn 0x6f00e410
[SKIP  ] bb_libhwui_240f2c_c0         reference: unsupported insn 0x1e270104
[SKIP  ] bb_libhwui_240f2c_c1         reference: unsupported insn 0x1e270104
[SKIP  ] bb_libhwui_240f2c_c2         reference: unsupported insn 0x1e270104
[SKIP  ] bb_libhwui_240f4c_c0         reference: unsupported insn 0x1e270105
[SKIP  ] bb_libhwui_240f4c_c1         reference: unsupported insn 0x1e270105
[SKIP  ] bb_libhwui_240f4c_c2         reference: unsupported insn 0x1e270105
[SKIP  ] bb_libhwui_240f6c_c0         reference: unsupported insn 0x1e270103
[SKIP  ] bb_libhwui_240f6c_c1         reference: unsupported insn 0x1e270103
[SKIP  ] bb_libhwui_240f6c_c2         reference: unsupported insn 0x1e270103
[SKIP  ] bb_libhwui_240f8c_c0         reference: unsupported insn 0x0ea1b821
[SKIP  ] bb_libhwui_240f8c_c1         reference: unsupported insn 0x0ea1b821
[SKIP  ] bb_libhwui_240f8c_c2         reference: unsupported insn 0x0ea1b821
[SKIP  ] bb_libhwui_240fac_c0         reference: unsupported insn 0x0ea1b800
[SKIP  ] bb_libhwui_240fac_c1         reference: unsupported insn 0x0ea1b800
[SKIP  ] bb_libhwui_240fac_c2         reference: unsupported insn 0x0ea1b800
[SKIP  ] bb_libhwui_240fec_c0         reference: unsupported insn 0x0ea02022
[SKIP  ] bb_libhwui_240fec_c1         reference: unsupported insn 0x0ea02022
[SKIP  ] bb_libhwui_240fec_c2         reference: unsupported insn 0x0ea02022
[PASS  ] bb_libhwui_241008_c0         (139 bytes x86)
[PASS  ] bb_libhwui_241008_c1         (139 bytes x86)
[PASS  ] bb_libhwui_241008_c2         (139 bytes x86)
[SKIP  ] bb_libhwui_241028_c0         reference: unsupported insn 0x5e0c04e2
[SKIP  ] bb_libhwui_241028_c1         reference: unsupported insn 0x5e0c04e2
[SKIP  ] bb_libhwui_241028_c2         reference: unsupported insn 0x5e0c04e2
[SKIP  ] bb_libhwui_241048_c0         reference: unsupported insn 0x1e270103
[SKIP  ] bb_libhwui_241048_c1         reference: unsupported insn 0x1e270103
[SKIP  ] bb_libhwui_241048_c2         reference: unsupported insn 0x1e270103
[SKIP  ] bb_libhwui_241068_c0         reference: unsupported insn 0x5e0c04c3
[SKIP  ] bb_libhwui_241068_c1         reference: unsupported insn 0x5e0c04c3
[SKIP  ] bb_libhwui_241068_c2         reference: unsupported insn 0x5e0c04c3
[PASS  ] bb_libhwui_241088_c0         (189 bytes x86)
[PASS  ] bb_libhwui_241088_c1         (189 bytes x86)
[PASS  ] bb_libhwui_241088_c2         (189 bytes x86)
[PASS  ] bb_libhwui_2410d4_c0         (433 bytes x86)
[PASS  ] bb_libhwui_2410d4_c1         (433 bytes x86)
[PASS  ] bb_libhwui_2410d4_c2         (433 bytes x86)
[PASS  ] bb_libhwui_2410f4_c0         (341 bytes x86)
[PASS  ] bb_libhwui_2410f4_c1         (341 bytes x86)
[PASS  ] bb_libhwui_2410f4_c2         (341 bytes x86)
[PASS  ] bb_libhwui_241114_c0         (109 bytes x86)
[PASS  ] bb_libhwui_241114_c1         (109 bytes x86)
[PASS  ] bb_libhwui_241114_c2         (109 bytes x86)
[PASS  ] bb_libhwui_2411c8_c0         (109 bytes x86)
[PASS  ] bb_libhwui_2411c8_c1         (109 bytes x86)
[PASS  ] bb_libhwui_2411c8_c2         (109 bytes x86)
[SKIP  ] bb_libhwui_241210_c0         reference: unsupported insn 0x1e260068
[SKIP  ] bb_libhwui_241210_c1         reference: unsupported insn 0x1e260068
[SKIP  ] bb_libhwui_241210_c2         reference: unsupported insn 0x1e260068
[SKIP  ] bb_libhwui_241224_c0         reference: unsupported insn 0x9e660048
[SKIP  ] bb_libhwui_241224_c1         reference: unsupported insn 0x9e660048
[SKIP  ] bb_libhwui_241224_c2         reference: unsupported insn 0x9e660048
[SKIP  ] bb_libhwui_241238_c0         reference: unsupported insn 0x1e260028
[SKIP  ] bb_libhwui_241238_c1         reference: unsupported insn 0x1e260028
[SKIP  ] bb_libhwui_241238_c2         reference: unsupported insn 0x1e260028
[PASS  ] bb_libhwui_24124c_c0         (220 bytes x86)
[PASS  ] bb_libhwui_24124c_c1         (220 bytes x86)
[PASS  ] bb_libhwui_24124c_c2         (220 bytes x86)
[SKIP  ] bb_libhwui_241294_c0         reference: unsupported insn 0x1e260010
[SKIP  ] bb_libhwui_241294_c1         reference: unsupported insn 0x1e260010
[SKIP  ] bb_libhwui_241294_c2         reference: unsupported insn 0x1e260010
[PASS  ] bb_libhwui_2412bc_c0         (139 bytes x86)
[PASS  ] bb_libhwui_2412bc_c1         (139 bytes x86)
[PASS  ] bb_libhwui_2412bc_c2         (139 bytes x86)
[SKIP  ] bb_libhwui_2412cc_c0         reference: unsupported insn 0x6f00e410
[SKIP  ] bb_libhwui_2412cc_c1         reference: unsupported insn 0x6f00e410
[SKIP  ] bb_libhwui_2412cc_c2         reference: unsupported insn 0x6f00e410
[SKIP  ] bb_libhwui_241300_c0         reference: unsupported insn 0x0ea02021
[SKIP  ] bb_libhwui_241300_c1         reference: unsupported insn 0x0ea02021
[SKIP  ] bb_libhwui_241300_c2         reference: unsupported insn 0x0ea02021
[SKIP  ] bb_libhwui_241324_c0         reference: unsupported insn 0x9e660028
[SKIP  ] bb_libhwui_241324_c1         reference: unsupported insn 0x9e660028
[SKIP  ] bb_libhwui_241324_c2         reference: unsupported insn 0x9e660028
[SKIP  ] bb_libhwui_241488_c0         reference: unsupported insn 0x6f03f405
[SKIP  ] bb_libhwui_241488_c1         reference: unsupported insn 0x6f03f405
[SKIP  ] bb_libhwui_241488_c2         reference: unsupported insn 0x6f03f405
[SKIP  ] bb_libhwui_2414a8_c0         reference: unsupported insn 0x1e270103
[SKIP  ] bb_libhwui_2414a8_c1         reference: unsupported insn 0x1e270103
[SKIP  ] bb_libhwui_2414a8_c2         reference: unsupported insn 0x1e270103
[SKIP  ] bb_libhwui_2414c8_c0         reference: unsupported insn 0x0e616842
[SKIP  ] bb_libhwui_2414c8_c1         reference: unsupported insn 0x0e616842
[SKIP  ] bb_libhwui_2414c8_c2         reference: unsupported insn 0x0e616842
[PASS  ] bb_libhwui_241510_c0         (414 bytes x86)
[PASS  ] bb_libhwui_241510_c1         (414 bytes x86)
[PASS  ] bb_libhwui_241510_c2         (414 bytes x86)
[PASS  ] bb_libhwui_241590_c0         (129 bytes x86)
[PASS  ] bb_libhwui_241590_c1         (129 bytes x86)
[PASS  ] bb_libhwui_241590_c2         (129 bytes x86)
[SKIP  ] bb_libhwui_2415c0_c0         reference: unsupported insn 0x6f00e402
[SKIP  ] bb_libhwui_2415c0_c1         reference: unsupported insn 0x6f00e402
[SKIP  ] bb_libhwui_2415c0_c2         reference: unsupported insn 0x6f00e402
[SKIP  ] bb_libhwui_241608_c0         reference: unsupported insn 0x1e26004b
[SKIP  ] bb_libhwui_241608_c1         reference: unsupported insn 0x1e26004b
[SKIP  ] bb_libhwui_241608_c2         reference: unsupported insn 0x1e26004b
[PASS  ] bb_libhwui_24161c_c0         (405 bytes x86)
[PASS  ] bb_libhwui_24161c_c1         (405 bytes x86)
[PASS  ] bb_libhwui_24161c_c2         (405 bytes x86)
[SKIP  ] bb_libhwui_2419b4_c0         reference: unsupported insn 0x1e260029
[SKIP  ] bb_libhwui_2419b4_c1         reference: unsupported insn 0x1e260029
[SKIP  ] bb_libhwui_2419b4_c2         reference: unsupported insn 0x1e260029
[PASS  ] bb_libhwui_2419c8_c0         (220 bytes x86)
[PASS  ] bb_libhwui_2419c8_c1         (220 bytes x86)
[PASS  ] bb_libhwui_2419c8_c2         (220 bytes x86)
[PASS  ] bb_libhwui_241a24_c0         (139 bytes x86)
[PASS  ] bb_libhwui_241a24_c1         (139 bytes x86)
[PASS  ] bb_libhwui_241a24_c2         (139 bytes x86)
[SKIP  ] bb_libhwui_241ed4_c0         reference: unsupported insn 0x1e260009
[SKIP  ] bb_libhwui_241ed4_c1         reference: unsupported insn 0x1e260009
[SKIP  ] bb_libhwui_241ed4_c2         reference: unsupported insn 0x1e260009
[SKIP  ] bb_libhwui_241f14_c0         reference: unsupported insn 0x1e260028
[SKIP  ] bb_libhwui_241f14_c1         reference: unsupported insn 0x1e260028
[SKIP  ] bb_libhwui_241f14_c2         reference: unsupported insn 0x1e260028
[SKIP  ] bb_libhwui_241f28_c0         reference: unsupported insn 0x9e660008
[SKIP  ] bb_libhwui_241f28_c1         reference: unsupported insn 0x9e660008
[SKIP  ] bb_libhwui_241f28_c2         reference: unsupported insn 0x9e660008
[SKIP  ] bb_libhwui_2420d4_c0         reference: unsupported insn 0x1e260009
[SKIP  ] bb_libhwui_2420d4_c1         reference: unsupported insn 0x1e260009
[SKIP  ] bb_libhwui_2420d4_c2         reference: unsupported insn 0x1e260009
[PASS  ] bb_libhwui_242220_c0         (431 bytes x86)
[PASS  ] bb_libhwui_242220_c1         (431 bytes x86)
[PASS  ] bb_libhwui_242220_c2         (431 bytes x86)
[SKIP  ] bb_libhwui_242314_c0         reference: unsupported insn 0x1e260068
[SKIP  ] bb_libhwui_242314_c1         reference: unsupported insn 0x1e260068
[SKIP  ] bb_libhwui_242314_c2         reference: unsupported insn 0x1e260068
[SKIP  ] bb_libhwui_242360_c0         reference: unsupported insn 0x0ea12002
[SKIP  ] bb_libhwui_242360_c1         reference: unsupported insn 0x0ea12002
[SKIP  ] bb_libhwui_242360_c2         reference: unsupported insn 0x0ea12002
[SKIP  ] bb_libhwui_242408_c0         reference: unsupported insn 0x0ea12002
[SKIP  ] bb_libhwui_242408_c1         reference: unsupported insn 0x0ea12002
[SKIP  ] bb_libhwui_242408_c2         reference: unsupported insn 0x0ea12002
[SKIP  ] bb_libhwui_242bc0_c0         reference: unsupported insn 0x1e260009
[SKIP  ] bb_libhwui_242bc0_c1         reference: unsupported insn 0x1e260009
[SKIP  ] bb_libhwui_242bc0_c2         reference: unsupported insn 0x1e260009
[PASS  ] bb_libhwui_242cd8_c0         (729 bytes x86)
[PASS  ] bb_libhwui_242cd8_c1         (729 bytes x86)
[PASS  ] bb_libhwui_242cd8_c2         (729 bytes x86)
[SKIP  ] bb_libhwui_243428_c0         reference: unsupported insn 0x9e660028
[SKIP  ] bb_libhwui_243428_c1         reference: unsupported insn 0x9e660028
[SKIP  ] bb_libhwui_243428_c2         reference: unsupported insn 0x9e660028
[SKIP  ] bb_libhwui_243464_c0         reference: unsupported insn 0x9e660088
[SKIP  ] bb_libhwui_243464_c1         reference: unsupported insn 0x9e660088
[SKIP  ] bb_libhwui_243464_c2         reference: unsupported insn 0x9e660088
[SKIP  ] bb_libhwui_243478_c0         reference: unsupported insn 0x0ea420a4
[SKIP  ] bb_libhwui_243478_c1         reference: unsupported insn 0x0ea420a4
[SKIP  ] bb_libhwui_243478_c2         reference: unsupported insn 0x0ea420a4
[SKIP  ] bb_libhwui_243498_c0         reference: unsupported insn 0x1e2600a8
[SKIP  ] bb_libhwui_243498_c1         reference: unsupported insn 0x1e2600a8
[SKIP  ] bb_libhwui_243498_c2         reference: unsupported insn 0x1e2600a8
[SKIP  ] bb_libhwui_2434b8_c0         reference: unsupported insn 0x1e260048
[SKIP  ] bb_libhwui_2434b8_c1         reference: unsupported insn 0x1e260048
[SKIP  ] bb_libhwui_2434b8_c2         reference: unsupported insn 0x1e260048
[SKIP  ] bb_libhwui_2434d8_c0         reference: unsupported insn 0x2f00e404
[SKIP  ] bb_libhwui_2434d8_c1         reference: unsupported insn 0x2f00e404
[SKIP  ] bb_libhwui_2434d8_c2         reference: unsupported insn 0x2f00e404
[SKIP  ] bb_libhwui_2434f0_c0         reference: unsupported insn 0x2f00e405
[SKIP  ] bb_libhwui_2434f0_c1         reference: unsupported insn 0x2f00e405
[SKIP  ] bb_libhwui_2434f0_c2         reference: unsupported insn 0x2f00e405
[SKIP  ] bb_libhwui_243508_c0         reference: unsupported insn 0x1e26004b
[SKIP  ] bb_libhwui_243508_c1         reference: unsupported insn 0x1e26004b
[SKIP  ] bb_libhwui_243508_c2         reference: unsupported insn 0x1e26004b
[PASS  ] bb_libhwui_24352c_c0         (386 bytes x86)
[PASS  ] bb_libhwui_24352c_c1         (386 bytes x86)
[PASS  ] bb_libhwui_24352c_c2         (386 bytes x86)
[PASS  ] bb_libhwui_2435bc_c0         (137 bytes x86)
[PASS  ] bb_libhwui_2435bc_c1         (137 bytes x86)
[PASS  ] bb_libhwui_2435bc_c2         (137 bytes x86)
[PASS  ] bb_libhwui_2435d8_c0         (146 bytes x86)
[PASS  ] bb_libhwui_2435d8_c1         (146 bytes x86)
[PASS  ] bb_libhwui_2435d8_c2         (146 bytes x86)
[SKIP  ] bb_libhwui_24372c_c0         reference: unsupported insn 0x4ea00823
[SKIP  ] bb_libhwui_24372c_c1         reference: unsupported insn 0x4ea00823
[SKIP  ] bb_libhwui_24372c_c2         reference: unsupported insn 0x4ea00823
[SKIP  ] bb_libhwui_243904_c0         reference: unsupported insn 0x1e270101
[SKIP  ] bb_libhwui_243904_c1         reference: unsupported insn 0x1e270101
[SKIP  ] bb_libhwui_243904_c2         reference: unsupported insn 0x1e270101
[SKIP  ] bb_libhwui_243b40_c0         reference: unsupported insn 0x1e260068
[SKIP  ] bb_libhwui_243b40_c1         reference: unsupported insn 0x1e260068
[SKIP  ] bb_libhwui_243b40_c2         reference: unsupported insn 0x1e260068
[SKIP  ] bb_libhwui_243b5c_c0         reference: unsupported insn 0x5e0c0485
[SKIP  ] bb_libhwui_243b5c_c1         reference: unsupported insn 0x5e0c0485
[SKIP  ] bb_libhwui_243b5c_c2         reference: unsupported insn 0x5e0c0485
[SKIP  ] bb_libhwui_243ca8_c0         reference: unsupported insn 0x5e0c0421
[SKIP  ] bb_libhwui_243ca8_c1         reference: unsupported insn 0x5e0c0421
[SKIP  ] bb_libhwui_243ca8_c2         reference: unsupported insn 0x5e0c0421
[SKIP  ] bb_libhwui_243cfc_c0         reference: unsupported insn 0x1e20a488
[SKIP  ] bb_libhwui_243cfc_c1         reference: unsupported insn 0x1e20a488
[SKIP  ] bb_libhwui_243cfc_c2         reference: unsupported insn 0x1e20a488
[PASS  ] bb_libhwui_244028_c0         (433 bytes x86)
[PASS  ] bb_libhwui_244028_c1         (433 bytes x86)
[PASS  ] bb_libhwui_244028_c2         (433 bytes x86)
[PASS  ] bb_libhwui_2440e0_c0         (503 bytes x86)
[PASS  ] bb_libhwui_2440e0_c1         (503 bytes x86)
[PASS  ] bb_libhwui_2440e0_c2         (503 bytes x86)
[SKIP  ] bb_libhwui_2444f0_c0         reference: unsupported insn 0x1e6c1010
[SKIP  ] bb_libhwui_2444f0_c1         reference: unsupported insn 0x1e6c1010
[SKIP  ] bb_libhwui_2444f0_c2         reference: unsupported insn 0x1e6c1010
[PASS  ] bb_libhwui_244624_c0         (261 bytes x86)
[PASS  ] bb_libhwui_244624_c1         (261 bytes x86)
[PASS  ] bb_libhwui_244624_c2         (261 bytes x86)
[SKIP  ] bb_libhwui_2449bc_c0         reference: unsupported insn 0x4f03f601
[SKIP  ] bb_libhwui_2449bc_c1         reference: unsupported insn 0x4f03f601
[SKIP  ] bb_libhwui_2449bc_c2         reference: unsupported insn 0x4f03f601
[PASS  ] bb_libhwui_2449d4_c0         (107 bytes x86)
[PASS  ] bb_libhwui_2449d4_c1         (107 bytes x86)
[PASS  ] bb_libhwui_2449d4_c2         (107 bytes x86)
[SKIP  ] bb_libhwui_244a80_c0         reference: unsupported insn 0x1e2600ea
[SKIP  ] bb_libhwui_244a80_c1         reference: unsupported insn 0x1e2600ea
[SKIP  ] bb_libhwui_244a80_c2         reference: unsupported insn 0x1e2600ea
[PASS  ] bb_libhwui_244bc8_c0         (161 bytes x86)
[PASS  ] bb_libhwui_244bc8_c1         (161 bytes x86)
[PASS  ] bb_libhwui_244bc8_c2         (161 bytes x86)
[SKIP  ] bb_libhwui_244d24_c0         reference: unsupported insn 0x1e2702c8
[SKIP  ] bb_libhwui_244d24_c1         reference: unsupported insn 0x1e2702c8
[SKIP  ] bb_libhwui_244d24_c2         reference: unsupported insn 0x1e2702c8
[SKIP  ] bb_libhwui_245030_c0         reference: unsupported insn 0x2e205843
[SKIP  ] bb_libhwui_245030_c1         reference: unsupported insn 0x2e205843
[SKIP  ] bb_libhwui_245030_c2         reference: unsupported insn 0x2e205843
[SKIP  ] bb_libhwui_245064_c0         reference: unsupported insn 0x0e617821
[SKIP  ] bb_libhwui_245064_c1         reference: unsupported insn 0x0e617821
[SKIP  ] bb_libhwui_245064_c2         reference: unsupported insn 0x0e617821
[SKIP  ] bb_libhwui_245084_c0         reference: unsupported insn 0x5e0c0401
[SKIP  ] bb_libhwui_245084_c1         reference: unsupported insn 0x5e0c0401
[SKIP  ] bb_libhwui_245084_c2         reference: unsupported insn 0x5e0c0401
[SKIP  ] bb_libhwui_2451dc_c0         reference: unsupported insn 0x6e2058a6
[SKIP  ] bb_libhwui_2451dc_c1         reference: unsupported insn 0x6e2058a6
[SKIP  ] bb_libhwui_2451dc_c2         reference: unsupported insn 0x6e2058a6
[SKIP  ] bb_libhwui_2451fc_c0         reference: unsupported insn 0x1e2600a8
[SKIP  ] bb_libhwui_2451fc_c1         reference: unsupported insn 0x1e2600a8
[SKIP  ] bb_libhwui_2451fc_c2         reference: unsupported insn 0x1e2600a8
[SKIP  ] bb_libhwui_2454a8_c0         reference: unsupported insn 0x6f00e402
[SKIP  ] bb_libhwui_2454a8_c1         reference: unsupported insn 0x6f00e402
[SKIP  ] bb_libhwui_2454a8_c2         reference: unsupported insn 0x6f00e402
[SKIP  ] bb_libhwui_2454f0_c0         reference: unsupported insn 0x1e260049
[SKIP  ] bb_libhwui_2454f0_c1         reference: unsupported insn 0x1e260049
[SKIP  ] bb_libhwui_2454f0_c2         reference: unsupported insn 0x1e260049
[PASS  ] bb_libhwui_245504_c0         (405 bytes x86)
[PASS  ] bb_libhwui_245504_c1         (405 bytes x86)
[PASS  ] bb_libhwui_245504_c2         (405 bytes x86)
[SKIP  ] bb_libhwui_245558_c0         reference: unsupported insn 0x2f00e400
[SKIP  ] bb_libhwui_245558_c1         reference: unsupported insn 0x2f00e400
[SKIP  ] bb_libhwui_245558_c2         reference: unsupported insn 0x2f00e400
[PASS  ] bb_libhwui_2455f0_c0         (678 bytes x86)
[PASS  ] bb_libhwui_2455f0_c1         (678 bytes x86)
[PASS  ] bb_libhwui_2455f0_c2         (678 bytes x86)
[SKIP  ] bb_libhwui_2456ec_c0         reference: unsupported insn 0x2f00e412
[SKIP  ] bb_libhwui_2456ec_c1         reference: unsupported insn 0x2f00e412
[SKIP  ] bb_libhwui_2456ec_c2         reference: unsupported insn 0x2f00e412
[PASS  ] bb_libhwui_245700_c0         (184 bytes x86)
[PASS  ] bb_libhwui_245700_c1         (184 bytes x86)
[PASS  ] bb_libhwui_245700_c2         (184 bytes x86)
[PASS  ] bb_libhwui_245714_c0         (652 bytes x86)
[PASS  ] bb_libhwui_245714_c1         (652 bytes x86)
[PASS  ] bb_libhwui_245714_c2         (652 bytes x86)
[PASS  ] bb_libhwui_24577c_c0         (120 bytes x86)
[PASS  ] bb_libhwui_24577c_c1         (120 bytes x86)
[PASS  ] bb_libhwui_24577c_c2         (120 bytes x86)
[PASS  ] bb_libhwui_2457e0_c0         (165 bytes x86)
[PASS  ] bb_libhwui_2457e0_c1         (165 bytes x86)
[PASS  ] bb_libhwui_2457e0_c2         (165 bytes x86)
[PASS  ] bb_libhwui_2457fc_c0         (120 bytes x86)
[PASS  ] bb_libhwui_2457fc_c1         (120 bytes x86)
[PASS  ] bb_libhwui_2457fc_c2         (120 bytes x86)
[PASS  ] bb_libhwui_245aa8_c0         (781 bytes x86)
[PASS  ] bb_libhwui_245aa8_c1         (781 bytes x86)
[PASS  ] bb_libhwui_245aa8_c2         (781 bytes x86)
[PASS  ] bb_libhwui_245ae0_c0         (228 bytes x86)
[PASS  ] bb_libhwui_245ae0_c1         (228 bytes x86)
[PASS  ] bb_libhwui_245ae0_c2         (228 bytes x86)
[SKIP  ] bb_libhwui_245b1c_c0         reference: unsupported insn 0x2f00e400
[SKIP  ] bb_libhwui_245b1c_c1         reference: unsupported insn 0x2f00e400
[SKIP  ] bb_libhwui_245b1c_c2         reference: unsupported insn 0x2f00e400
[SKIP  ] bb_libhwui_245b3c_c0         reference: unsupported insn 0x2f00e411
[SKIP  ] bb_libhwui_245b3c_c1         reference: unsupported insn 0x2f00e411
[SKIP  ] bb_libhwui_245b3c_c2         reference: unsupported insn 0x2f00e411
[SKIP  ] bb_libhwui_245be0_c0         reference: unsupported insn 0x1e270033
[SKIP  ] bb_libhwui_245be0_c1         reference: unsupported insn 0x1e270033
[SKIP  ] bb_libhwui_245be0_c2         reference: unsupported insn 0x1e270033
[PASS  ] bb_libhwui_245c40_c0         (282 bytes x86)
[PASS  ] bb_libhwui_245c40_c1         (282 bytes x86)
[PASS  ] bb_libhwui_245c40_c2         (282 bytes x86)
[SKIP  ] bb_libhwui_245ca0_c0         reference: unsupported insn 0x1e270035
[SKIP  ] bb_libhwui_245ca0_c1         reference: unsupported insn 0x1e270035
[SKIP  ] bb_libhwui_245ca0_c2         reference: unsupported insn 0x1e270035
[SKIP  ] bb_libhwui_245cb4_c0         reference: unsupported insn 0x1e260247
[SKIP  ] bb_libhwui_245cb4_c1         reference: unsupported insn 0x1e260247
[SKIP  ] bb_libhwui_245cb4_c2         reference: unsupported insn 0x1e260247
[PASS  ] bb_libhwui_245cd4_c0         (282 bytes x86)
[PASS  ] bb_libhwui_245cd4_c1         (282 bytes x86)
[PASS  ] bb_libhwui_245cd4_c2         (282 bytes x86)
[PASS  ] bb_libhwui_245ce8_c0         (312 bytes x86)
[PASS  ] bb_libhwui_245ce8_c1         (312 bytes x86)
[PASS  ] bb_libhwui_245ce8_c2         (312 bytes x86)
[SKIP  ] bb_libhwui_245d38_c0         reference: unsupported insn 0x2f00e401
[SKIP  ] bb_libhwui_245d38_c1         reference: unsupported insn 0x2f00e401
[SKIP  ] bb_libhwui_245d38_c2         reference: unsupported insn 0x2f00e401
[PASS  ] bb_libhwui_245d4c_c0         (769 bytes x86)
[PASS  ] bb_libhwui_245d4c_c1         (769 bytes x86)
[PASS  ] bb_libhwui_245d4c_c2         (769 bytes x86)
[PASS  ] bb_libhwui_245e54_c0         (227 bytes x86)
[PASS  ] bb_libhwui_245e54_c1         (227 bytes x86)
[PASS  ] bb_libhwui_245e54_c2         (227 bytes x86)
[SKIP  ] bb_libhwui_245e6c_c0         reference: unsupported insn 0x1e260221
[SKIP  ] bb_libhwui_245e6c_c1         reference: unsupported insn 0x1e260221
[SKIP  ] bb_libhwui_245e6c_c2         reference: unsupported insn 0x1e260221
[PASS  ] bb_libhwui_245ebc_c0         (164 bytes x86)
[PASS  ] bb_libhwui_245ebc_c1         (164 bytes x86)
[PASS  ] bb_libhwui_245ebc_c2         (164 bytes x86)
[SKIP  ] bb_libhwui_245f18_c0         reference: unsupported insn 0x1e260087
[SKIP  ] bb_libhwui_245f18_c1         reference: unsupported insn 0x1e260087
[SKIP  ] bb_libhwui_245f18_c2         reference: unsupported insn 0x1e260087
[SKIP  ] bb_libhwui_245f54_c0         reference: unsupported insn 0x1e260241
[SKIP  ] bb_libhwui_245f54_c1         reference: unsupported insn 0x1e260241
[SKIP  ] bb_libhwui_245f54_c2         reference: unsupported insn 0x1e260241
[PASS  ] bb_libhwui_245f74_c0         (124 bytes x86)
[PASS  ] bb_libhwui_245f74_c1         (124 bytes x86)
[PASS  ] bb_libhwui_245f74_c2         (124 bytes x86)
[SKIP  ] bb_libhwui_245f98_c0         reference: unsupported insn 0x1e2700a3
[SKIP  ] bb_libhwui_245f98_c1         reference: unsupported insn 0x1e2700a3
[SKIP  ] bb_libhwui_245f98_c2         reference: unsupported insn 0x1e2700a3
[PASS  ] bb_libhwui_245fb8_c0         (124 bytes x86)
[PASS  ] bb_libhwui_245fb8_c1         (124 bytes x86)
[PASS  ] bb_libhwui_245fb8_c2         (124 bytes x86)
[SKIP  ] bb_libhwui_245fd0_c0         reference: unsupported insn 0x1e260221
[SKIP  ] bb_libhwui_245fd0_c1         reference: unsupported insn 0x1e260221
[SKIP  ] bb_libhwui_245fd0_c2         reference: unsupported insn 0x1e260221
[PASS  ] bb_libhwui_245fe0_c0         (282 bytes x86)
[PASS  ] bb_libhwui_245fe0_c1         (282 bytes x86)
[PASS  ] bb_libhwui_245fe0_c2         (282 bytes x86)
[SKIP  ] bb_libhwui_245ffc_c0         reference: unsupported insn 0x1e260241
[SKIP  ] bb_libhwui_245ffc_c1         reference: unsupported insn 0x1e260241
[SKIP  ] bb_libhwui_245ffc_c2         reference: unsupported insn 0x1e260241
[SKIP  ] bb_libhwui_246024_c0         reference: unsupported insn 0x6f00e402
[SKIP  ] bb_libhwui_246024_c1         reference: unsupported insn 0x6f00e402
[SKIP  ] bb_libhwui_246024_c2         reference: unsupported insn 0x6f00e402
[SKIP  ] bb_libhwui_24606c_c0         reference: unsupported insn 0x1e26004c
[SKIP  ] bb_libhwui_24606c_c1         reference: unsupported insn 0x1e26004c
[SKIP  ] bb_libhwui_24606c_c2         reference: unsupported insn 0x1e26004c
[PASS  ] bb_libhwui_246080_c0         (405 bytes x86)
[PASS  ] bb_libhwui_246080_c1         (405 bytes x86)
[PASS  ] bb_libhwui_246080_c2         (405 bytes x86)
[PASS  ] bb_libhwui_2460b0_c0         (83 bytes x86)
[PASS  ] bb_libhwui_2460b0_c1         (83 bytes x86)
[PASS  ] bb_libhwui_2460b0_c2         (83 bytes x86)
[SKIP  ] bb_libhwui_2460d8_c0         reference: unsupported insn 0x1e270025
[SKIP  ] bb_libhwui_2460d8_c1         reference: unsupported insn 0x1e270025
[SKIP  ] bb_libhwui_2460d8_c2         reference: unsupported insn 0x1e270025
[SKIP  ] bb_libhwui_2460f8_c0         reference: unsupported insn 0x1e26008a
[SKIP  ] bb_libhwui_2460f8_c1         reference: unsupported insn 0x1e26008a
[SKIP  ] bb_libhwui_2460f8_c2         reference: unsupported insn 0x1e26008a
[SKIP  ] bb_libhwui_246124_c0         reference: unsupported insn 0x1e260061
[SKIP  ] bb_libhwui_246124_c1         reference: unsupported insn 0x1e260061
[SKIP  ] bb_libhwui_246124_c2         reference: unsupported insn 0x1e260061
[SKIP  ] bb_libhwui_246144_c0         reference: unsupported insn 0x1e26004a
[SKIP  ] bb_libhwui_246144_c1         reference: unsupported insn 0x1e26004a
[SKIP  ] bb_libhwui_246144_c2         reference: unsupported insn 0x1e26004a
[PASS  ] bb_libhwui_246158_c0         (282 bytes x86)
[PASS  ] bb_libhwui_246158_c1         (282 bytes x86)
[PASS  ] bb_libhwui_246158_c2         (282 bytes x86)
[SKIP  ] bb_libhwui_246194_c0         reference: unsupported insn 0x1e270223
[SKIP  ] bb_libhwui_246194_c1         reference: unsupported insn 0x1e270223
[SKIP  ] bb_libhwui_246194_c2         reference: unsupported insn 0x1e270223
[PASS  ] bb_libhwui_2461b4_c0         (85 bytes x86)
[PASS  ] bb_libhwui_2461b4_c1         (85 bytes x86)
[PASS  ] bb_libhwui_2461b4_c2         (85 bytes x86)
[PASS  ] bb_libhwui_2461c8_c0         (376 bytes x86)
[PASS  ] bb_libhwui_2461c8_c1         (376 bytes x86)
[PASS  ] bb_libhwui_2461c8_c2         (376 bytes x86)
[PASS  ] bb_libhwui_246238_c0         (282 bytes x86)
[PASS  ] bb_libhwui_246238_c1         (282 bytes x86)
[PASS  ] bb_libhwui_246238_c2         (282 bytes x86)
[SKIP  ] bb_libhwui_246254_c0         reference: unsupported insn 0x1e260061
[SKIP  ] bb_libhwui_246254_c1         reference: unsupported insn 0x1e260061
[SKIP  ] bb_libhwui_246254_c2         reference: unsupported insn 0x1e260061
[PASS  ] bb_libhwui_246264_c0         (280 bytes x86)
[PASS  ] bb_libhwui_246264_c1         (280 bytes x86)
[PASS  ] bb_libhwui_246264_c2         (280 bytes x86)
[PASS  ] bb_libhwui_246274_c0         (280 bytes x86)
[PASS  ] bb_libhwui_246274_c1         (280 bytes x86)
[PASS  ] bb_libhwui_246274_c2         (280 bytes x86)
[PASS  ] bb_libhwui_246284_c0         (280 bytes x86)
[PASS  ] bb_libhwui_246284_c1         (280 bytes x86)
[PASS  ] bb_libhwui_246284_c2         (280 bytes x86)
[PASS  ] bb_libhwui_2462a8_c0         (237 bytes x86)
[PASS  ] bb_libhwui_2462a8_c1         (237 bytes x86)
[PASS  ] bb_libhwui_2462a8_c2         (237 bytes x86)
[SKIP  ] bb_libhwui_2462dc_c0         reference: unsupported insn 0x1e260028
[SKIP  ] bb_libhwui_2462dc_c1         reference: unsupported insn 0x1e260028
[SKIP  ] bb_libhwui_2462dc_c2         reference: unsupported insn 0x1e260028
[SKIP  ] bb_libhwui_246d00_c0         reference: unsupported insn 0x1e260008
[SKIP  ] bb_libhwui_246d00_c1         reference: unsupported insn 0x1e260008
[SKIP  ] bb_libhwui_246d00_c2         reference: unsupported insn 0x1e260008
[SKIP  ] bb_libhwui_246f94_c0         reference: unsupported insn 0x0ea00842
[SKIP  ] bb_libhwui_246f94_c1         reference: unsupported insn 0x0ea00842
[SKIP  ] bb_libhwui_246f94_c2         reference: unsupported insn 0x0ea00842
[SKIP  ] bb_libhwui_2470e0_c0         reference: unsupported insn 0x1e2600ce
[SKIP  ] bb_libhwui_2470e0_c1         reference: unsupported insn 0x1e2600ce
[SKIP  ] bb_libhwui_2470e0_c2         reference: unsupported insn 0x1e2600ce
[SKIP  ] bb_libhwui_2470ec_c0         reference: unsupported insn 0x0e6178b5
[SKIP  ] bb_libhwui_2470ec_c1         reference: unsupported insn 0x0e6178b5
[SKIP  ] bb_libhwui_2470ec_c2         reference: unsupported insn 0x0e6178b5
[SKIP  ] bb_libhwui_24718c_c0         reference: unsupported insn 0x5e0c04e8
[SKIP  ] bb_libhwui_24718c_c1         reference: unsupported insn 0x5e0c04e8
[SKIP  ] bb_libhwui_24718c_c2         reference: unsupported insn 0x5e0c04e8
[PASS  ] bb_libhwui_2471ec_c0         (433 bytes x86)
[PASS  ] bb_libhwui_2471ec_c1         (433 bytes x86)
[PASS  ] bb_libhwui_2471ec_c2         (433 bytes x86)
[PASS  ] bb_libhwui_247250_c0         (217 bytes x86)
[PASS  ] bb_libhwui_247250_c1         (217 bytes x86)
[PASS  ] bb_libhwui_247250_c2         (217 bytes x86)
[PASS  ] bb_libhwui_247268_c0         (214 bytes x86)
[PASS  ] bb_libhwui_247268_c1         (214 bytes x86)
[PASS  ] bb_libhwui_247268_c2         (214 bytes x86)
[PASS  ] bb_libhwui_247324_c0         (120 bytes x86)
[PASS  ] bb_libhwui_247324_c1         (120 bytes x86)
[PASS  ] bb_libhwui_247324_c2         (120 bytes x86)
[PASS  ] bb_libhwui_247378_c0         (287 bytes x86)
[PASS  ] bb_libhwui_247378_c1         (287 bytes x86)
[PASS  ] bb_libhwui_247378_c2         (287 bytes x86)
[PASS  ] bb_libhwui_2473cc_c0         (120 bytes x86)
[PASS  ] bb_libhwui_2473cc_c1         (120 bytes x86)
[PASS  ] bb_libhwui_2473cc_c2         (120 bytes x86)
[PASS  ] bb_libhwui_2473dc_c0         (182 bytes x86)
[PASS  ] bb_libhwui_2473dc_c1         (182 bytes x86)
[PASS  ] bb_libhwui_2473dc_c2         (182 bytes x86)
[SKIP  ] bb_libhwui_2473e8_c0         reference: unsupported insn 0x5e0c07eb
[SKIP  ] bb_libhwui_2473e8_c1         reference: unsupported insn 0x5e0c07eb
[SKIP  ] bb_libhwui_2473e8_c2         reference: unsupported insn 0x5e0c07eb
[SKIP  ] bb_libhwui_24740c_c0         reference: unsupported insn 0x1e2603f5
[SKIP  ] bb_libhwui_24740c_c1         reference: unsupported insn 0x1e2603f5
[SKIP  ] bb_libhwui_24740c_c2         reference: unsupported insn 0x1e2603f5
[SKIP  ] bb_libhwui_247440_c0         reference: unsupported insn 0x0ea0098c
[SKIP  ] bb_libhwui_247440_c1         reference: unsupported insn 0x0ea0098c
[SKIP  ] bb_libhwui_247440_c2         reference: unsupported insn 0x0ea0098c
[SKIP  ] bb_libhwui_24746c_c0         reference: unsupported insn 0x1e2603f5
[SKIP  ] bb_libhwui_24746c_c1         reference: unsupported insn 0x1e2603f5
[SKIP  ] bb_libhwui_24746c_c2         reference: unsupported insn 0x1e2603f5
[SKIP  ] bb_libhwui_2474a0_c0         reference: unsupported insn 0x0ea0096b
[SKIP  ] bb_libhwui_2474a0_c1         reference: unsupported insn 0x0ea0096b
[SKIP  ] bb_libhwui_2474a0_c2         reference: unsupported insn 0x0ea0096b
[PASS  ] bb_libhwui_2474dc_c0         (182 bytes x86)
[PASS  ] bb_libhwui_2474dc_c1         (182 bytes x86)
[PASS  ] bb_libhwui_2474dc_c2         (182 bytes x86)
[SKIP  ] bb_libhwui_2474e8_c0         reference: unsupported insn 0x5e0c07ec
[SKIP  ] bb_libhwui_2474e8_c1         reference: unsupported insn 0x5e0c07ec
[SKIP  ] bb_libhwui_2474e8_c2         reference: unsupported insn 0x5e0c07ec
[PASS  ] bb_libhwui_247530_c0         (182 bytes x86)
[PASS  ] bb_libhwui_247530_c1         (182 bytes x86)
[PASS  ] bb_libhwui_247530_c2         (182 bytes x86)
[SKIP  ] bb_libhwui_24753c_c0         reference: unsupported insn 0x5e0c054b
[SKIP  ] bb_libhwui_24753c_c1         reference: unsupported insn 0x5e0c054b
[SKIP  ] bb_libhwui_24753c_c2         reference: unsupported insn 0x5e0c054b
[SKIP  ] bb_libhwui_247550_c0         reference: unsupported insn 0x1e2603e7
[SKIP  ] bb_libhwui_247550_c1         reference: unsupported insn 0x1e2603e7
[SKIP  ] bb_libhwui_247550_c2         reference: unsupported insn 0x1e2603e7
[SKIP  ] bb_libhwui_247574_c0         reference: unsupported insn 0x1e2603e7
[SKIP  ] bb_libhwui_247574_c1         reference: unsupported insn 0x1e2603e7
[SKIP  ] bb_libhwui_247574_c2         reference: unsupported insn 0x1e2603e7
[PASS  ] bb_libhwui_247594_c0         (182 bytes x86)
[PASS  ] bb_libhwui_247594_c1         (182 bytes x86)
[PASS  ] bb_libhwui_247594_c2         (182 bytes x86)
[SKIP  ] bb_libhwui_2475a0_c0         reference: unsupported insn 0x5e0c054c
[SKIP  ] bb_libhwui_2475a0_c1         reference: unsupported insn 0x5e0c054c
[SKIP  ] bb_libhwui_2475a0_c2         reference: unsupported insn 0x5e0c054c
[SKIP  ] bb_libhwui_2475e0_c0         reference: unsupported insn 0x1e2603e7
[SKIP  ] bb_libhwui_2475e0_c1         reference: unsupported insn 0x1e2603e7
[SKIP  ] bb_libhwui_2475e0_c2         reference: unsupported insn 0x1e2603e7
[SKIP  ] bb_libhwui_247600_c0         reference: unsupported insn 0x5e0c059f
[SKIP  ] bb_libhwui_247600_c1         reference: unsupported insn 0x5e0c059f
[SKIP  ] bb_libhwui_247600_c2         reference: unsupported insn 0x5e0c059f
[SKIP  ] bb_libhwui_24761c_c0         reference: unsupported insn 0x1e2603e7
[SKIP  ] bb_libhwui_24761c_c1         reference: unsupported insn 0x1e2603e7
[SKIP  ] bb_libhwui_24761c_c2         reference: unsupported insn 0x1e2603e7
[SKIP  ] bb_libhwui_247700_c0         reference: unsupported insn 0x1e2603f5
[SKIP  ] bb_libhwui_247700_c1         reference: unsupported insn 0x1e2603f5
[SKIP  ] bb_libhwui_247700_c2         reference: unsupported insn 0x1e2603f5
[SKIP  ] bb_libhwui_247720_c0         reference: unsupported insn 0x1e2603f5
[SKIP  ] bb_libhwui_247720_c1         reference: unsupported insn 0x1e2603f5
[SKIP  ] bb_libhwui_247720_c2         reference: unsupported insn 0x1e2603f5
[PASS  ] bb_libhwui_247740_c0         (81 bytes x86)
[PASS  ] bb_libhwui_247740_c1         (81 bytes x86)
[PASS  ] bb_libhwui_247740_c2         (81 bytes x86)
[SKIP  ] bb_libhwui_24774c_c0         reference: unsupported insn 0x2f00e402
[SKIP  ] bb_libhwui_24774c_c1         reference: unsupported insn 0x2f00e402
[SKIP  ] bb_libhwui_24774c_c2         reference: unsupported insn 0x2f00e402
[SKIP  ] bb_libhwui_247768_c0         reference: unsupported insn 0x2e205842
[SKIP  ] bb_libhwui_247768_c1         reference: unsupported insn 0x2e205842
[SKIP  ] bb_libhwui_247768_c2         reference: unsupported insn 0x2e205842
[SKIP  ] bb_libhwui_247778_c0         reference: unsupported insn 0x5e0c0407
[SKIP  ] bb_libhwui_247778_c1         reference: unsupported insn 0x5e0c0407
[SKIP  ] bb_libhwui_247778_c2         reference: unsupported insn 0x5e0c0407
[PASS  ] bb_libhwui_247794_c0         (179 bytes x86)
[PASS  ] bb_libhwui_247794_c1         (179 bytes x86)
[PASS  ] bb_libhwui_247794_c2         (179 bytes x86)
[PASS  ] bb_libhwui_2477a0_c0         (182 bytes x86)
[PASS  ] bb_libhwui_2477a0_c1         (182 bytes x86)
[PASS  ] bb_libhwui_2477a0_c2         (182 bytes x86)
[PASS  ] bb_libhwui_2477ac_c0         (179 bytes x86)
[PASS  ] bb_libhwui_2477ac_c1         (179 bytes x86)
[PASS  ] bb_libhwui_2477ac_c2         (179 bytes x86)
[PASS  ] bb_libhwui_2477c4_c0         (179 bytes x86)
[PASS  ] bb_libhwui_2477c4_c1         (179 bytes x86)
[PASS  ] bb_libhwui_2477c4_c2         (179 bytes x86)
[PASS  ] bb_libhwui_2477d0_c0         (179 bytes x86)
[PASS  ] bb_libhwui_2477d0_c1         (179 bytes x86)
[PASS  ] bb_libhwui_2477d0_c2         (179 bytes x86)
[PASS  ] bb_libhwui_2477dc_c0         (179 bytes x86)
[PASS  ] bb_libhwui_2477dc_c1         (179 bytes x86)
[PASS  ] bb_libhwui_2477dc_c2         (179 bytes x86)
[PASS  ] bb_libhwui_2477f4_c0         (179 bytes x86)
[PASS  ] bb_libhwui_2477f4_c1         (179 bytes x86)
[PASS  ] bb_libhwui_2477f4_c2         (179 bytes x86)
[PASS  ] bb_libhwui_247808_c0         (179 bytes x86)
[PASS  ] bb_libhwui_247808_c1         (179 bytes x86)
[PASS  ] bb_libhwui_247808_c2         (179 bytes x86)
[PASS  ] bb_libhwui_247828_c0         (179 bytes x86)
[PASS  ] bb_libhwui_247828_c1         (179 bytes x86)
[PASS  ] bb_libhwui_247828_c2         (179 bytes x86)
[PASS  ] bb_libhwui_247834_c0         (179 bytes x86)
[PASS  ] bb_libhwui_247834_c1         (179 bytes x86)
[PASS  ] bb_libhwui_247834_c2         (179 bytes x86)
[PASS  ] bb_libhwui_24784c_c0         (179 bytes x86)
[PASS  ] bb_libhwui_24784c_c1         (179 bytes x86)
[PASS  ] bb_libhwui_24784c_c2         (179 bytes x86)
[PASS  ] bb_libhwui_247860_c0         (179 bytes x86)
[PASS  ] bb_libhwui_247860_c1         (179 bytes x86)
[PASS  ] bb_libhwui_247860_c2         (179 bytes x86)
[PASS  ] bb_libhwui_247880_c0         (179 bytes x86)
[PASS  ] bb_libhwui_247880_c1         (179 bytes x86)
[PASS  ] bb_libhwui_247880_c2         (179 bytes x86)
[PASS  ] bb_libhwui_24788c_c0         (179 bytes x86)
[PASS  ] bb_libhwui_24788c_c1         (179 bytes x86)
[PASS  ] bb_libhwui_24788c_c2         (179 bytes x86)
[PASS  ] bb_libhwui_2478a4_c0         (179 bytes x86)
[PASS  ] bb_libhwui_2478a4_c1         (179 bytes x86)
[PASS  ] bb_libhwui_2478a4_c2         (179 bytes x86)
[PASS  ] bb_libhwui_2478b8_c0         (179 bytes x86)
[PASS  ] bb_libhwui_2478b8_c1         (179 bytes x86)
[PASS  ] bb_libhwui_2478b8_c2         (179 bytes x86)
[PASS  ] bb_libhwui_2478d8_c0         (179 bytes x86)
[PASS  ] bb_libhwui_2478d8_c1         (179 bytes x86)
[PASS  ] bb_libhwui_2478d8_c2         (179 bytes x86)
[PASS  ] bb_libhwui_2478e4_c0         (179 bytes x86)
[PASS  ] bb_libhwui_2478e4_c1         (179 bytes x86)
[PASS  ] bb_libhwui_2478e4_c2         (179 bytes x86)
[SKIP  ] bb_libhwui_2478f0_c0         reference: unsupported insn 0x1e6e1008
[SKIP  ] bb_libhwui_2478f0_c1         reference: unsupported insn 0x1e6e1008
[SKIP  ] bb_libhwui_2478f0_c2         reference: unsupported insn 0x1e6e1008
[PASS  ] bb_libhwui_247910_c0         (234 bytes x86)
[PASS  ] bb_libhwui_247910_c1         (234 bytes x86)
[PASS  ] bb_libhwui_247910_c2         (234 bytes x86)
[PASS  ] bb_libhwui_247920_c0         (278 bytes x86)
[PASS  ] bb_libhwui_247920_c1         (278 bytes x86)
[PASS  ] bb_libhwui_247920_c2         (278 bytes x86)
[PASS  ] bb_libhwui_247934_c0         (325 bytes x86)
[PASS  ] bb_libhwui_247934_c1         (325 bytes x86)
[PASS  ] bb_libhwui_247934_c2         (325 bytes x86)
[PASS  ] bb_libhwui_24794c_c0         (322 bytes x86)
[PASS  ] bb_libhwui_24794c_c1         (322 bytes x86)
[PASS  ] bb_libhwui_24794c_c2         (322 bytes x86)
[PASS  ] bb_libhwui_247964_c0         (360 bytes x86)
[PASS  ] bb_libhwui_247964_c1         (360 bytes x86)
[PASS  ] bb_libhwui_247964_c2         (360 bytes x86)
[PASS  ] bb_libhwui_247980_c0         (164 bytes x86)
[PASS  ] bb_libhwui_247980_c1         (164 bytes x86)
[PASS  ] bb_libhwui_247980_c2         (164 bytes x86)
[PASS  ] bb_libhwui_2479a8_c0         (168 bytes x86)
[PASS  ] bb_libhwui_2479a8_c1         (168 bytes x86)
[PASS  ] bb_libhwui_2479a8_c2         (168 bytes x86)
[PASS  ] bb_libhwui_2479d0_c0         (168 bytes x86)
[PASS  ] bb_libhwui_2479d0_c1         (168 bytes x86)
[PASS  ] bb_libhwui_2479d0_c2         (168 bytes x86)
[PASS  ] bb_libhwui_2479f0_c0         (168 bytes x86)
[PASS  ] bb_libhwui_2479f0_c1         (168 bytes x86)
[PASS  ] bb_libhwui_2479f0_c2         (168 bytes x86)
[SKIP  ] bb_libhwui_247a84_c0         reference: unsupported insn 0x1e6e1000
[SKIP  ] bb_libhwui_247a84_c1         reference: unsupported insn 0x1e6e1000
[SKIP  ] bb_libhwui_247a84_c2         reference: unsupported insn 0x1e6e1000
[PASS  ] bb_libhwui_247ac8_c0         (81 bytes x86)
[PASS  ] bb_libhwui_247ac8_c1         (81 bytes x86)
[PASS  ] bb_libhwui_247ac8_c2         (81 bytes x86)
[PASS  ] bb_libhwui_247ae4_c0         (122 bytes x86)
[PASS  ] bb_libhwui_247ae4_c1         (122 bytes x86)
[PASS  ] bb_libhwui_247ae4_c2         (122 bytes x86)
[PASS  ] bb_libhwui_247b08_c0         (268 bytes x86)
[PASS  ] bb_libhwui_247b08_c1         (268 bytes x86)
[PASS  ] bb_libhwui_247b08_c2         (268 bytes x86)
[SKIP  ] bb_libhwui_247b28_c0         reference: unsupported insn 0x1e6e1001
[SKIP  ] bb_libhwui_247b28_c1         reference: unsupported insn 0x1e6e1001
[SKIP  ] bb_libhwui_247b28_c2         reference: unsupported insn 0x1e6e1001
[PASS  ] bb_libhwui_247b38_c0         (268 bytes x86)
[PASS  ] bb_libhwui_247b38_c1         (268 bytes x86)
[PASS  ] bb_libhwui_247b38_c2         (268 bytes x86)
[PASS  ] bb_libhwui_247b48_c0         (83 bytes x86)
[PASS  ] bb_libhwui_247b48_c1         (83 bytes x86)
[PASS  ] bb_libhwui_247b48_c2         (83 bytes x86)
[PASS  ] bb_libhwui_247b54_c0         (168 bytes x86)
[PASS  ] bb_libhwui_247b54_c1         (168 bytes x86)
[PASS  ] bb_libhwui_247b54_c2         (168 bytes x86)
[PASS  ] bb_libhwui_247b68_c0         (168 bytes x86)
[PASS  ] bb_libhwui_247b68_c1         (168 bytes x86)
[PASS  ] bb_libhwui_247b68_c2         (168 bytes x86)
[PASS  ] bb_libhwui_247b7c_c0         (168 bytes x86)
[PASS  ] bb_libhwui_247b7c_c1         (168 bytes x86)
[PASS  ] bb_libhwui_247b7c_c2         (168 bytes x86)
[SKIP  ] bb_libhwui_247bbc_c0         reference: unsupported insn 0x1e270104
[SKIP  ] bb_libhwui_247bbc_c1         reference: unsupported insn 0x1e270104
[SKIP  ] bb_libhwui_247bbc_c2         reference: unsupported insn 0x1e270104
[SKIP  ] bb_libhwui_247bd8_c0         reference: unsupported insn 0x1e270104
[SKIP  ] bb_libhwui_247bd8_c1         reference: unsupported insn 0x1e270104
[SKIP  ] bb_libhwui_247bd8_c2         reference: unsupported insn 0x1e270104
[SKIP  ] bb_libhwui_247c18_c0         reference: unsupported insn 0x1e6c1003
[SKIP  ] bb_libhwui_247c18_c1         reference: unsupported insn 0x1e6c1003
[SKIP  ] bb_libhwui_247c18_c2         reference: unsupported insn 0x1e6c1003
[SKIP  ] bb_libhwui_247c38_c0         reference: unsupported insn 0x1e270104
[SKIP  ] bb_libhwui_247c38_c1         reference: unsupported insn 0x1e270104
[SKIP  ] bb_libhwui_247c38_c2         reference: unsupported insn 0x1e270104
[SKIP  ] bb_libhwui_247c58_c0         reference: unsupported insn 0x2f056624
[SKIP  ] bb_libhwui_247c58_c1         reference: unsupported insn 0x2f056624
[SKIP  ] bb_libhwui_247c58_c2         reference: unsupported insn 0x2f056624
[SKIP  ] bb_libhwui_247c78_c0         reference: unsupported insn 0x0ea1b800
[SKIP  ] bb_libhwui_247c78_c1         reference: unsupported insn 0x0ea1b800
[SKIP  ] bb_libhwui_247c78_c2         reference: unsupported insn 0x0ea1b800
[SKIP  ] bb_libhwui_247c98_c0         reference: unsupported insn 0x1e270103
[SKIP  ] bb_libhwui_247c98_c1         reference: unsupported insn 0x1e270103
[SKIP  ] bb_libhwui_247c98_c2         reference: unsupported insn 0x1e270103
[SKIP  ] bb_libhwui_247cc0_c0         reference: unsupported insn 0x1e270104
[SKIP  ] bb_libhwui_247cc0_c1         reference: unsupported insn 0x1e270104
[SKIP  ] bb_libhwui_247cc0_c2         reference: unsupported insn 0x1e270104
[SKIP  ] bb_libhwui_247ce0_c0         reference: unsupported insn 0x2f016620
[SKIP  ] bb_libhwui_247ce0_c1         reference: unsupported insn 0x2f016620
[SKIP  ] bb_libhwui_247ce0_c2         reference: unsupported insn 0x2f016620
[SKIP  ] bb_libhwui_247d00_c0         reference: unsupported insn 0x1e270103
[SKIP  ] bb_libhwui_247d00_c1         reference: unsupported insn 0x1e270103
[SKIP  ] bb_libhwui_247d00_c2         reference: unsupported insn 0x1e270103
[SKIP  ] bb_libhwui_247d80_c0         reference: unsupported insn 0x0e617842
[SKIP  ] bb_libhwui_247d80_c1         reference: unsupported insn 0x0e617842
[SKIP  ] bb_libhwui_247d80_c2         reference: unsupported insn 0x0e617842
[SKIP  ] bb_libhwui_247d90_c0         reference: unsupported insn 0x2f056624
[SKIP  ] bb_libhwui_247d90_c1         reference: unsupported insn 0x2f056624
[SKIP  ] bb_libhwui_247d90_c2         reference: unsupported insn 0x2f056624
[SKIP  ] bb_libhwui_247db0_c0         reference: unsupported insn 0x1e270103
[SKIP  ] bb_libhwui_247db0_c1         reference: unsupported insn 0x1e270103
[SKIP  ] bb_libhwui_247db0_c2         reference: unsupported insn 0x1e270103
[PASS  ] bb_libhwui_247dd0_c0         (189 bytes x86)
[PASS  ] bb_libhwui_247dd0_c1         (189 bytes x86)
[PASS  ] bb_libhwui_247dd0_c2         (189 bytes x86)
[PASS  ] bb_libhwui_247ef4_c0         (547 bytes x86)
[PASS  ] bb_libhwui_247ef4_c1         (547 bytes x86)
[PASS  ] bb_libhwui_247ef4_c2         (547 bytes x86)
[PASS  ] bb_libhwui_2480bc_c0         (179 bytes x86)
[PASS  ] bb_libhwui_2480bc_c1         (179 bytes x86)
[PASS  ] bb_libhwui_2480bc_c2         (179 bytes x86)
[PASS  ] bb_libhwui_2480c8_c0         (179 bytes x86)
[PASS  ] bb_libhwui_2480c8_c1         (179 bytes x86)
[PASS  ] bb_libhwui_2480c8_c2         (179 bytes x86)
[PASS  ] bb_libhwui_2480d4_c0         (179 bytes x86)
[PASS  ] bb_libhwui_2480d4_c1         (179 bytes x86)
[PASS  ] bb_libhwui_2480d4_c2         (179 bytes x86)
[PASS  ] bb_libhwui_2480e8_c0         (179 bytes x86)
[PASS  ] bb_libhwui_2480e8_c1         (179 bytes x86)
[PASS  ] bb_libhwui_2480e8_c2         (179 bytes x86)
[PASS  ] bb_libhwui_2480f4_c0         (179 bytes x86)
[PASS  ] bb_libhwui_2480f4_c1         (179 bytes x86)
[PASS  ] bb_libhwui_2480f4_c2         (179 bytes x86)
[PASS  ] bb_libhwui_248100_c0         (179 bytes x86)
[PASS  ] bb_libhwui_248100_c1         (179 bytes x86)
[PASS  ] bb_libhwui_248100_c2         (179 bytes x86)
[PASS  ] bb_libhwui_248114_c0         (179 bytes x86)
[PASS  ] bb_libhwui_248114_c1         (179 bytes x86)
[PASS  ] bb_libhwui_248114_c2         (179 bytes x86)
[PASS  ] bb_libhwui_248128_c0         (179 bytes x86)
[PASS  ] bb_libhwui_248128_c1         (179 bytes x86)
[PASS  ] bb_libhwui_248128_c2         (179 bytes x86)
[PASS  ] bb_libhwui_248144_c0         (179 bytes x86)
[PASS  ] bb_libhwui_248144_c1         (179 bytes x86)
[PASS  ] bb_libhwui_248144_c2         (179 bytes x86)
[PASS  ] bb_libhwui_248150_c0         (179 bytes x86)
[PASS  ] bb_libhwui_248150_c1         (179 bytes x86)
[PASS  ] bb_libhwui_248150_c2         (179 bytes x86)
[PASS  ] bb_libhwui_248164_c0         (179 bytes x86)
[PASS  ] bb_libhwui_248164_c1         (179 bytes x86)
[PASS  ] bb_libhwui_248164_c2         (179 bytes x86)
[PASS  ] bb_libhwui_248178_c0         (179 bytes x86)
[PASS  ] bb_libhwui_248178_c1         (179 bytes x86)
[PASS  ] bb_libhwui_248178_c2         (179 bytes x86)
[PASS  ] bb_libhwui_248198_c0         (179 bytes x86)
[PASS  ] bb_libhwui_248198_c1         (179 bytes x86)
[PASS  ] bb_libhwui_248198_c2         (179 bytes x86)
[PASS  ] bb_libhwui_2481a4_c0         (179 bytes x86)
[PASS  ] bb_libhwui_2481a4_c1         (179 bytes x86)
[PASS  ] bb_libhwui_2481a4_c2         (179 bytes x86)
[PASS  ] bb_libhwui_2481b8_c0         (179 bytes x86)
[PASS  ] bb_libhwui_2481b8_c1         (179 bytes x86)
[PASS  ] bb_libhwui_2481b8_c2         (179 bytes x86)
[PASS  ] bb_libhwui_2481cc_c0         (179 bytes x86)
[PASS  ] bb_libhwui_2481cc_c1         (179 bytes x86)
[PASS  ] bb_libhwui_2481cc_c2         (179 bytes x86)
[PASS  ] bb_libhwui_2481ec_c0         (179 bytes x86)
[PASS  ] bb_libhwui_2481ec_c1         (179 bytes x86)
[PASS  ] bb_libhwui_2481ec_c2         (179 bytes x86)
[PASS  ] bb_libhwui_2481f8_c0         (179 bytes x86)
[PASS  ] bb_libhwui_2481f8_c1         (179 bytes x86)
[PASS  ] bb_libhwui_2481f8_c2         (179 bytes x86)
[PASS  ] bb_libhwui_248204_c0         (803 bytes x86)
[PASS  ] bb_libhwui_248204_c1         (803 bytes x86)
[PASS  ] bb_libhwui_248204_c2         (803 bytes x86)
[PASS  ] bb_libhwui_248224_c0         (735 bytes x86)
[PASS  ] bb_libhwui_248224_c1         (735 bytes x86)
[PASS  ] bb_libhwui_248224_c2         (735 bytes x86)
[PASS  ] bb_libhwui_248244_c0         (713 bytes x86)
[PASS  ] bb_libhwui_248244_c1         (713 bytes x86)
[PASS  ] bb_libhwui_248244_c2         (713 bytes x86)
[PASS  ] bb_libhwui_248264_c0         (720 bytes x86)
[PASS  ] bb_libhwui_248264_c1         (720 bytes x86)
[PASS  ] bb_libhwui_248264_c2         (720 bytes x86)
[PASS  ] bb_libhwui_248284_c0         (732 bytes x86)
[PASS  ] bb_libhwui_248284_c1         (732 bytes x86)
[PASS  ] bb_libhwui_248284_c2         (732 bytes x86)
[PASS  ] bb_libhwui_2482a4_c0         (497 bytes x86)
[PASS  ] bb_libhwui_2482a4_c1         (497 bytes x86)
[PASS  ] bb_libhwui_2482a4_c2         (497 bytes x86)
[SKIP  ] bb_libhwui_2482dc_c0         reference: unsupported insn 0x1e2c1002
[SKIP  ] bb_libhwui_2482dc_c1         reference: unsupported insn 0x1e2c1002
[SKIP  ] bb_libhwui_2482dc_c2         reference: unsupported insn 0x1e2c1002
[PASS  ] bb_libhwui_248304_c0         (233 bytes x86)
[PASS  ] bb_libhwui_248304_c1         (233 bytes x86)
[PASS  ] bb_libhwui_248304_c2         (233 bytes x86)
[SKIP  ] bb_libhwui_248370_c0         reference: unsupported insn 0x0ea00802
[SKIP  ] bb_libhwui_248370_c1         reference: unsupported insn 0x0ea00802
[SKIP  ] bb_libhwui_248370_c2         reference: unsupported insn 0x0ea00802
[PASS  ] bb_libhwui_248524_c0         (262 bytes x86)
[PASS  ] bb_libhwui_248524_c1         (262 bytes x86)
[PASS  ] bb_libhwui_248524_c2         (262 bytes x86)
[SKIP  ] bb_libhwui_2485d0_c0         reference: unsupported insn 0x1e209484
[SKIP  ] bb_libhwui_2485d0_c1         reference: unsupported insn 0x1e209484
[SKIP  ] bb_libhwui_2485d0_c2         reference: unsupported insn 0x1e209484
[PASS  ] bb_libhwui_2485f0_c0         (498 bytes x86)
[PASS  ] bb_libhwui_2485f0_c1         (498 bytes x86)
[PASS  ] bb_libhwui_2485f0_c2         (498 bytes x86)
[SKIP  ] bb_libhwui_248614_c0         reference: unsupported insn 0x2f00e400
[SKIP  ] bb_libhwui_248614_c1         reference: unsupported insn 0x2f00e400
[SKIP  ] bb_libhwui_248614_c2         reference: unsupported insn 0x2f00e400
[PASS  ] bb_libhwui_2487f0_c0         (213 bytes x86)
[PASS  ] bb_libhwui_2487f0_c1         (213 bytes x86)
[PASS  ] bb_libhwui_2487f0_c2         (213 bytes x86)
[PASS  ] bb_libhwui_248814_c0         (172 bytes x86)
[PASS  ] bb_libhwui_248814_c1         (172 bytes x86)
[PASS  ] bb_libhwui_248814_c2         (172 bytes x86)
[PASS  ] bb_libhwui_2488d0_c0         (172 bytes x86)
[PASS  ] bb_libhwui_2488d0_c1         (172 bytes x86)
[PASS  ] bb_libhwui_2488d0_c2         (172 bytes x86)
[PASS  ] bb_libhwui_24894c_c0         (168 bytes x86)
[PASS  ] bb_libhwui_24894c_c1         (168 bytes x86)
[PASS  ] bb_libhwui_24894c_c2         (168 bytes x86)
[PASS  ] bb_libhwui_248960_c0         (217 bytes x86)
[PASS  ] bb_libhwui_248960_c1         (217 bytes x86)
[PASS  ] bb_libhwui_248960_c2         (217 bytes x86)
[SKIP  ] bb_libhwui_248a20_c0         reference: unsupported insn 0x2f00e401
[SKIP  ] bb_libhwui_248a20_c1         reference: unsupported insn 0x2f00e401
[SKIP  ] bb_libhwui_248a20_c2         reference: unsupported insn 0x2f00e401
[PASS  ] bb_libhwui_248ac0_c0         (275 bytes x86)
[PASS  ] bb_libhwui_248ac0_c1         (275 bytes x86)
[PASS  ] bb_libhwui_248ac0_c2         (275 bytes x86)
[SKIP  ] bb_libhwui_248bc4_c0         reference: unsupported insn 0x6f00e407
[SKIP  ] bb_libhwui_248bc4_c1         reference: unsupported insn 0x6f00e407
[SKIP  ] bb_libhwui_248bc4_c2         reference: unsupported insn 0x6f00e407
[PASS  ] bb_libhwui_248c04_c0         (179 bytes x86)
[PASS  ] bb_libhwui_248c04_c1         (179 bytes x86)
[PASS  ] bb_libhwui_248c04_c2         (179 bytes x86)
[PASS  ] bb_libhwui_248ca8_c0         (224 bytes x86)
[PASS  ] bb_libhwui_248ca8_c1         (224 bytes x86)
[PASS  ] bb_libhwui_248ca8_c2         (224 bytes x86)
[PASS  ] bb_libhwui_248ce0_c0         (615 bytes x86)
[PASS  ] bb_libhwui_248ce0_c1         (615 bytes x86)
[PASS  ] bb_libhwui_248ce0_c2         (615 bytes x86)
[PASS  ] bb_libhwui_248d34_c0         (675 bytes x86)
[PASS  ] bb_libhwui_248d34_c1         (675 bytes x86)
[PASS  ] bb_libhwui_248d34_c2         (675 bytes x86)
[PASS  ] bb_libhwui_248dd0_c0         (150 bytes x86)
[PASS  ] bb_libhwui_248dd0_c1         (150 bytes x86)
[PASS  ] bb_libhwui_248dd0_c2         (150 bytes x86)
[PASS  ] bb_libhwui_248e10_c0         (187 bytes x86)
[PASS  ] bb_libhwui_248e10_c1         (187 bytes x86)
[PASS  ] bb_libhwui_248e10_c2         (187 bytes x86)
[PASS  ] bb_libhwui_249080_c0         (285 bytes x86)
[PASS  ] bb_libhwui_249080_c1         (285 bytes x86)
[PASS  ] bb_libhwui_249080_c2         (285 bytes x86)
[PASS  ] bb_libhwui_2490c0_c0         (125 bytes x86)
[PASS  ] bb_libhwui_2490c0_c1         (125 bytes x86)
[PASS  ] bb_libhwui_2490c0_c2         (125 bytes x86)
[PASS  ] bb_libhwui_2490d8_c0         (165 bytes x86)
[PASS  ] bb_libhwui_2490d8_c1         (165 bytes x86)
[PASS  ] bb_libhwui_2490d8_c2         (165 bytes x86)
[PASS  ] bb_libhwui_2490e4_c0         (184 bytes x86)
[PASS  ] bb_libhwui_2490e4_c1         (184 bytes x86)
[PASS  ] bb_libhwui_2490e4_c2         (184 bytes x86)
[PASS  ] bb_libhwui_249194_c0         (498 bytes x86)
[PASS  ] bb_libhwui_249194_c1         (498 bytes x86)
[PASS  ] bb_libhwui_249194_c2         (498 bytes x86)
[SKIP  ] bb_libhwui_2491b8_c0         reference: unsupported insn 0x1e210620
[SKIP  ] bb_libhwui_2491b8_c1         reference: unsupported insn 0x1e210620
[SKIP  ] bb_libhwui_2491b8_c2         reference: unsupported insn 0x1e210620
[PASS  ] bb_libhwui_2491f0_c0         (403 bytes x86)
[PASS  ] bb_libhwui_2491f0_c1         (403 bytes x86)
[PASS  ] bb_libhwui_2491f0_c2         (403 bytes x86)
[PASS  ] bb_libhwui_249210_c0         (320 bytes x86)
[PASS  ] bb_libhwui_249210_c1         (320 bytes x86)
[PASS  ] bb_libhwui_249210_c2         (320 bytes x86)
[PASS  ] bb_libhwui_24923c_c0         (83 bytes x86)
[PASS  ] bb_libhwui_24923c_c1         (83 bytes x86)
[PASS  ] bb_libhwui_24923c_c2         (83 bytes x86)
[SKIP  ] bb_libhwui_2496cc_c0         reference: unsupported insn 0x2e205800
[SKIP  ] bb_libhwui_2496cc_c1         reference: unsupported insn 0x2e205800
[SKIP  ] bb_libhwui_2496cc_c2         reference: unsupported insn 0x2e205800
[SKIP  ] bb_libhwui_249718_c0         reference: unsupported insn 0x1e270101
[SKIP  ] bb_libhwui_249718_c1         reference: unsupported insn 0x1e270101
[SKIP  ] bb_libhwui_249718_c2         reference: unsupported insn 0x1e270101
[SKIP  ] bb_libhwui_249728_c0         reference: unsupported insn 0x1e270101
[SKIP  ] bb_libhwui_249728_c1         reference: unsupported insn 0x1e270101
[SKIP  ] bb_libhwui_249728_c2         reference: unsupported insn 0x1e270101
[SKIP  ] bb_libhwui_249790_c0         reference: unsupported insn 0x1e270100
[SKIP  ] bb_libhwui_249790_c1         reference: unsupported insn 0x1e270100
[SKIP  ] bb_libhwui_249790_c2         reference: unsupported insn 0x1e270100
[SKIP  ] bb_libhwui_2497a0_c0         reference: unsupported insn 0x1e270100
[SKIP  ] bb_libhwui_2497a0_c1         reference: unsupported insn 0x1e270100
[SKIP  ] bb_libhwui_2497a0_c2         reference: unsupported insn 0x1e270100
[SKIP  ] bb_libhwui_24a8e8_c0         reference: unsupported insn 0x1e2c1001
[SKIP  ] bb_libhwui_24a8e8_c1         reference: unsupported insn 0x1e2c1001
[SKIP  ] bb_libhwui_24a8e8_c2         reference: unsupported insn 0x1e2c1001
[SKIP  ] bb_libhwui_24aa7c_c0         reference: unsupported insn 0x2f00e400
[SKIP  ] bb_libhwui_24aa7c_c1         reference: unsupported insn 0x2f00e400
[SKIP  ] bb_libhwui_24aa7c_c2         reference: unsupported insn 0x2f00e400
[PASS  ] bb_libhwui_24b79c_c0         (396 bytes x86)
[PASS  ] bb_libhwui_24b79c_c1         (396 bytes x86)
[PASS  ] bb_libhwui_24b79c_c2         (396 bytes x86)
[SKIP  ] bb_libhwui_24bae0_c0         reference: unsupported insn 0x1e6f1000
[SKIP  ] bb_libhwui_24bae0_c1         reference: unsupported insn 0x1e6f1000
[SKIP  ] bb_libhwui_24bae0_c2         reference: unsupported insn 0x1e6f1000
[SKIP  ] bb_libhwui_24bebc_c0         reference: unsupported insn 0x1e260008
[SKIP  ] bb_libhwui_24bebc_c1         reference: unsupported insn 0x1e260008
[SKIP  ] bb_libhwui_24bebc_c2         reference: unsupported insn 0x1e260008
[SKIP  ] bb_libhwui_24c094_c0         reference: unsupported insn 0x2ea0ec20
[SKIP  ] bb_libhwui_24c094_c1         reference: unsupported insn 0x2ea0ec20
[SKIP  ] bb_libhwui_24c094_c2         reference: unsupported insn 0x2ea0ec20
[SKIP  ] bb_libhwui_24c0bc_c0         reference: unsupported insn 0x5e0c0402
[SKIP  ] bb_libhwui_24c0bc_c1         reference: unsupported insn 0x5e0c0402
[SKIP  ] bb_libhwui_24c0bc_c2         reference: unsupported insn 0x5e0c0402
[SKIP  ] bb_libhwui_24c0c8_c0         reference: unsupported insn 0x7e30d800
[SKIP  ] bb_libhwui_24c0c8_c1         reference: unsupported insn 0x7e30d800
[SKIP  ] bb_libhwui_24c0c8_c2         reference: unsupported insn 0x7e30d800
[SKIP  ] bb_libhwui_24c354_c0         reference: unsupported insn 0x1e2e1001
[SKIP  ] bb_libhwui_24c354_c1         reference: unsupported insn 0x1e2e1001
[SKIP  ] bb_libhwui_24c354_c2         reference: unsupported insn 0x1e2e1001
[SKIP  ] bb_libhwui_24c480_c0         reference: unsupported insn 0x6f00e400
[SKIP  ] bb_libhwui_24c480_c1         reference: unsupported insn 0x6f00e400
[SKIP  ] bb_libhwui_24c480_c2         reference: unsupported insn 0x6f00e400
[SKIP  ] bb_libhwui_24c5c8_c0         reference: unsupported insn 0x1e270101
[SKIP  ] bb_libhwui_24c5c8_c1         reference: unsupported insn 0x1e270101
[SKIP  ] bb_libhwui_24c5c8_c2         reference: unsupported insn 0x1e270101
[SKIP  ] bb_libhwui_24c9c8_c0         reference: unsupported insn 0x1e260009
[SKIP  ] bb_libhwui_24c9c8_c1         reference: unsupported insn 0x1e260009
[SKIP  ] bb_libhwui_24c9c8_c2         reference: unsupported insn 0x1e260009
[SKIP  ] bb_libhwui_24c9dc_c0         reference: unsupported insn 0x1e260029
[SKIP  ] bb_libhwui_24c9dc_c1         reference: unsupported insn 0x1e260029
[SKIP  ] bb_libhwui_24c9dc_c2         reference: unsupported insn 0x1e260029
[PASS  ] bb_libhwui_24c9ec_c0         (332 bytes x86)
[PASS  ] bb_libhwui_24c9ec_c1         (332 bytes x86)
[PASS  ] bb_libhwui_24c9ec_c2         (332 bytes x86)
[PASS  ] bb_libhwui_24ca64_c0         (355 bytes x86)
[PASS  ] bb_libhwui_24ca64_c1         (355 bytes x86)
[PASS  ] bb_libhwui_24ca64_c2         (355 bytes x86)
[SKIP  ] bb_libhwui_24cff4_c0         reference: unsupported insn 0x2f00e400
[SKIP  ] bb_libhwui_24cff4_c1         reference: unsupported insn 0x2f00e400
[SKIP  ] bb_libhwui_24cff4_c2         reference: unsupported insn 0x2f00e400
[PASS  ] bb_libhwui_24d0b4_c0         (501 bytes x86)
[PASS  ] bb_libhwui_24d0b4_c1         (501 bytes x86)
[PASS  ] bb_libhwui_24d0b4_c2         (501 bytes x86)
[PASS  ] bb_libhwui_24d224_c0         (185 bytes x86)
[PASS  ] bb_libhwui_24d224_c1         (185 bytes x86)
[PASS  ] bb_libhwui_24d224_c2         (185 bytes x86)
[PASS  ] bb_libhwui_24d238_c0         (655 bytes x86)
[PASS  ] bb_libhwui_24d238_c1         (655 bytes x86)
[PASS  ] bb_libhwui_24d238_c2         (655 bytes x86)
[PASS  ] bb_libhwui_24d2a0_c0         (120 bytes x86)
[PASS  ] bb_libhwui_24d2a0_c1         (120 bytes x86)
[PASS  ] bb_libhwui_24d2a0_c2         (120 bytes x86)
[PASS  ] bb_libhwui_24d394_c0         (165 bytes x86)
[PASS  ] bb_libhwui_24d394_c1         (165 bytes x86)
[PASS  ] bb_libhwui_24d394_c2         (165 bytes x86)
[PASS  ] bb_libhwui_24d3b0_c0         (120 bytes x86)
[PASS  ] bb_libhwui_24d3b0_c1         (120 bytes x86)
[PASS  ] bb_libhwui_24d3b0_c2         (120 bytes x86)
[PASS  ] bb_libhwui_24d4dc_c0         (614 bytes x86)
[PASS  ] bb_libhwui_24d4dc_c1         (614 bytes x86)
[PASS  ] bb_libhwui_24d4dc_c2         (614 bytes x86)
[PASS  ] bb_libhwui_24d50c_c0         (207 bytes x86)
[PASS  ] bb_libhwui_24d50c_c1         (207 bytes x86)
[PASS  ] bb_libhwui_24d50c_c2         (207 bytes x86)
[PASS  ] bb_libhwui_24d6cc_c0         (177 bytes x86)
[PASS  ] bb_libhwui_24d6cc_c1         (177 bytes x86)
[PASS  ] bb_libhwui_24d6cc_c2         (177 bytes x86)
[SKIP  ] bb_libhwui_24d9bc_c0         reference: unsupported insn 0x1e2e1000
[SKIP  ] bb_libhwui_24d9bc_c1         reference: unsupported insn 0x1e2e1000
[SKIP  ] bb_libhwui_24d9bc_c2         reference: unsupported insn 0x1e2e1000
[SKIP  ] bb_libhwui_24db94_c0         reference: unsupported insn 0x1e6e1004
[SKIP  ] bb_libhwui_24db94_c1         reference: unsupported insn 0x1e6e1004
[SKIP  ] bb_libhwui_24db94_c2         reference: unsupported insn 0x1e6e1004
[SKIP  ] bb_libhwui_24dbb4_c0         reference: unsupported insn 0x1e260028
[SKIP  ] bb_libhwui_24dbb4_c1         reference: unsupported insn 0x1e260028
[SKIP  ] bb_libhwui_24dbb4_c2         reference: unsupported insn 0x1e260028
[SKIP  ] bb_libhwui_24e070_c0         reference: unsupported insn 0x1e260068
[SKIP  ] bb_libhwui_24e070_c1         reference: unsupported insn 0x1e260068
[SKIP  ] bb_libhwui_24e070_c2         reference: unsupported insn 0x1e260068
[SKIP  ] bb_libhwui_24e080_c0         reference: unsupported insn 0x1e270382
[SKIP  ] bb_libhwui_24e080_c1         reference: unsupported insn 0x1e270382
[SKIP  ] bb_libhwui_24e080_c2         reference: unsupported insn 0x1e270382
[SKIP  ] bb_libhwui_24e0a4_c0         reference: unsupported insn 0x1e270125
[SKIP  ] bb_libhwui_24e0a4_c1         reference: unsupported insn 0x1e270125
[SKIP  ] bb_libhwui_24e0a4_c2         reference: unsupported insn 0x1e270125
[PASS  ] bb_libhwui_24e0c0_c0         (545 bytes x86)
[PASS  ] bb_libhwui_24e0c0_c1         (545 bytes x86)
[PASS  ] bb_libhwui_24e0c0_c2         (545 bytes x86)
[SKIP  ] bb_libhwui_24e0dc_c0         reference: unsupported insn 0x1e3e1013
[SKIP  ] bb_libhwui_24e0dc_c1         reference: unsupported insn 0x1e3e1013
[SKIP  ] bb_libhwui_24e0dc_c2         reference: unsupported insn 0x1e3e1013
[SKIP  ] bb_libhwui_24e0fc_c0         reference: unsupported insn 0x7eb7d451
[SKIP  ] bb_libhwui_24e0fc_c1         reference: unsupported insn 0x7eb7d451
[SKIP  ] bb_libhwui_24e0fc_c2         reference: unsupported insn 0x7eb7d451
[PASS  ] bb_libhwui_24e11c_c0         (840 bytes x86)
[PASS  ] bb_libhwui_24e11c_c1         (840 bytes x86)
[PASS  ] bb_libhwui_24e11c_c2         (840 bytes x86)
[SKIP  ] bb_libhwui_24e17c_c0         reference: unsupported insn 0x1e2e1014
[SKIP  ] bb_libhwui_24e17c_c1         reference: unsupported insn 0x1e2e1014
[SKIP  ] bb_libhwui_24e17c_c2         reference: unsupported insn 0x1e2e1014
[SKIP  ] bb_libhwui_24e1a0_c0         reference: unsupported insn 0x0f939231
[SKIP  ] bb_libhwui_24e1a0_c1         reference: unsupported insn 0x0f939231
[SKIP  ] bb_libhwui_24e1a0_c2         reference: unsupported insn 0x0f939231
[PASS  ] bb_libhwui_24e1c0_c0         (179 bytes x86)
[PASS  ] bb_libhwui_24e1c0_c1         (179 bytes x86)
[PASS  ] bb_libhwui_24e1c0_c2         (179 bytes x86)
[SKIP  ] bb_libhwui_24e20c_c0         reference: unsupported insn 0x1e260028
[SKIP  ] bb_libhwui_24e20c_c1         reference: unsupported insn 0x1e260028
[SKIP  ] bb_libhwui_24e20c_c2         reference: unsupported insn 0x1e260028
[SKIP  ] bb_libhwui_24e31c_c0         reference: unsupported insn 0x4fc19000
[SKIP  ] bb_libhwui_24e31c_c1         reference: unsupported insn 0x4fc19000
[SKIP  ] bb_libhwui_24e31c_c2         reference: unsupported insn 0x4fc19000
[SKIP  ] bb_libhwui_24e338_c0         reference: unsupported insn 0x5e0c0401
[SKIP  ] bb_libhwui_24e338_c1         reference: unsupported insn 0x5e0c0401
[SKIP  ] bb_libhwui_24e338_c2         reference: unsupported insn 0x5e0c0401
[SKIP  ] bb_libhwui_24e348_c0         reference: unsupported insn 0x1e260048
[SKIP  ] bb_libhwui_24e348_c1         reference: unsupported insn 0x1e260048
[SKIP  ] bb_libhwui_24e348_c2         reference: unsupported insn 0x1e260048
[SKIP  ] bb_libhwui_24e520_c0         reference: unsupported insn 0x1e2600a8
[SKIP  ] bb_libhwui_24e520_c1         reference: unsupported insn 0x1e2600a8
[SKIP  ] bb_libhwui_24e520_c2         reference: unsupported insn 0x1e2600a8
[SKIP  ] bb_libhwui_24e52c_c0         reference: unsupported insn 0x1e270122
[SKIP  ] bb_libhwui_24e52c_c1         reference: unsupported insn 0x1e270122
[SKIP  ] bb_libhwui_24e52c_c2         reference: unsupported insn 0x1e270122
[SKIP  ] bb_libhwui_24e54c_c0         reference: unsupported insn 0x1e2600c9
[SKIP  ] bb_libhwui_24e54c_c1         reference: unsupported insn 0x1e2600c9
[SKIP  ] bb_libhwui_24e54c_c2         reference: unsupported insn 0x1e2600c9
[SKIP  ] bb_libhwui_24e55c_c0         reference: unsupported insn 0x1e2600e9
[SKIP  ] bb_libhwui_24e55c_c1         reference: unsupported insn 0x1e2600e9
[SKIP  ] bb_libhwui_24e55c_c2         reference: unsupported insn 0x1e2600e9
[SKIP  ] bb_libhwui_24e568_c0         reference: unsupported insn 0x1e2701d2
[SKIP  ] bb_libhwui_24e568_c1         reference: unsupported insn 0x1e2701d2
[SKIP  ] bb_libhwui_24e568_c2         reference: unsupported insn 0x1e2701d2
[SKIP  ] bb_libhwui_24e588_c0         reference: unsupported insn 0x1e26020a
[SKIP  ] bb_libhwui_24e588_c1         reference: unsupported insn 0x1e26020a
[SKIP  ] bb_libhwui_24e588_c2         reference: unsupported insn 0x1e26020a
[SKIP  ] bb_libhwui_24e598_c0         reference: unsupported insn 0x1e26022a
[SKIP  ] bb_libhwui_24e598_c1         reference: unsupported insn 0x1e26022a
[SKIP  ] bb_libhwui_24e598_c2         reference: unsupported insn 0x1e26022a
[PASS  ] bb_libhwui_24e5a4_c0         (583 bytes x86)
[PASS  ] bb_libhwui_24e5a4_c1         (583 bytes x86)
[PASS  ] bb_libhwui_24e5a4_c2         (583 bytes x86)
[SKIP  ] bb_libhwui_24e5fc_c0         reference: unsupported insn 0x7ea8d445
[SKIP  ] bb_libhwui_24e5fc_c1         reference: unsupported insn 0x7ea8d445
[SKIP  ] bb_libhwui_24e5fc_c2         reference: unsupported insn 0x7ea8d445
[SKIP  ] bb_libhwui_24e61c_c0         reference: unsupported insn 0x7eaad675
[SKIP  ] bb_libhwui_24e61c_c1         reference: unsupported insn 0x7eaad675
[SKIP  ] bb_libhwui_24e61c_c2         reference: unsupported insn 0x7eaad675
[SKIP  ] bb_libhwui_24e63c_c0         reference: unsupported insn 0x7ea1d646
[SKIP  ] bb_libhwui_24e63c_c1         reference: unsupported insn 0x7ea1d646
[SKIP  ] bb_libhwui_24e63c_c2         reference: unsupported insn 0x7ea1d646
[PASS  ] bb_libhwui_24e65c_c0         (744 bytes x86)
[PASS  ] bb_libhwui_24e65c_c1         (744 bytes x86)
[PASS  ] bb_libhwui_24e65c_c2         (744 bytes x86)
[PASS  ] bb_libhwui_24e67c_c0         (793 bytes x86)
[PASS  ] bb_libhwui_24e67c_c1         (793 bytes x86)
[PASS  ] bb_libhwui_24e67c_c2         (793 bytes x86)
[PASS  ] bb_libhwui_24e69c_c0         (755 bytes x86)
[PASS  ] bb_libhwui_24e69c_c1         (755 bytes x86)
[PASS  ] bb_libhwui_24e69c_c2         (755 bytes x86)
[SKIP  ] bb_libhwui_24e6dc_c0         reference: unsupported insn 0x0ea008d4
[SKIP  ] bb_libhwui_24e6dc_c1         reference: unsupported insn 0x0ea008d4
[SKIP  ] bb_libhwui_24e6dc_c2         reference: unsupported insn 0x0ea008d4
[SKIP  ] bb_libhwui_24e6fc_c0         reference: unsupported insn 0x5e0c0670
[SKIP  ] bb_libhwui_24e6fc_c1         reference: unsupported insn 0x5e0c0670
[SKIP  ] bb_libhwui_24e6fc_c2         reference: unsupported insn 0x5e0c0670
[SKIP  ] bb_libhwui_24e764_c0         reference: unsupported insn 0x1e6e1004
[SKIP  ] bb_libhwui_24e764_c1         reference: unsupported insn 0x1e6e1004
[SKIP  ] bb_libhwui_24e764_c2         reference: unsupported insn 0x1e6e1004
[SKIP  ] bb_libhwui_24e784_c0         reference: unsupported insn 0x1e260028
[SKIP  ] bb_libhwui_24e784_c1         reference: unsupported insn 0x1e260028
[SKIP  ] bb_libhwui_24e784_c2         reference: unsupported insn 0x1e260028
[SKIP  ] bb_libhwui_24e7a0_c0         reference: unsupported insn 0x1e260048
[SKIP  ] bb_libhwui_24e7a0_c1         reference: unsupported insn 0x1e260048
[SKIP  ] bb_libhwui_24e7a0_c2         reference: unsupported insn 0x1e260048
[SKIP  ] bb_libhwui_24e820_c0         reference: unsupported insn 0x5e0c0423
[SKIP  ] bb_libhwui_24e820_c1         reference: unsupported insn 0x5e0c0423
[SKIP  ] bb_libhwui_24e820_c2         reference: unsupported insn 0x5e0c0423
[SKIP  ] bb_libhwui_24e840_c0         reference: unsupported insn 0x5e0c0402
[SKIP  ] bb_libhwui_24e840_c1         reference: unsupported insn 0x5e0c0402
[SKIP  ] bb_libhwui_24e840_c2         reference: unsupported insn 0x5e0c0402
[PASS  ] bb_libhwui_24e860_c0         (282 bytes x86)
[PASS  ] bb_libhwui_24e860_c1         (282 bytes x86)
[PASS  ] bb_libhwui_24e860_c2         (282 bytes x86)
[SKIP  ] bb_libhwui_24e874_c0         reference: unsupported insn 0x1e721011
[SKIP  ] bb_libhwui_24e874_c1         reference: unsupported insn 0x1e721011
[SKIP  ] bb_libhwui_24e874_c2         reference: unsupported insn 0x1e721011
[SKIP  ] bb_libhwui_24e89c_c0         reference: unsupported insn 0x2f00e409
[SKIP  ] bb_libhwui_24e89c_c1         reference: unsupported insn 0x2f00e409
[SKIP  ] bb_libhwui_24e89c_c2         reference: unsupported insn 0x2f00e409
[PASS  ] bb_libhwui_24e920_c0         (199 bytes x86)
[PASS  ] bb_libhwui_24e920_c1         (199 bytes x86)
[PASS  ] bb_libhwui_24e920_c2         (199 bytes x86)
[PASS  ] bb_libhwui_24e97c_c0         (433 bytes x86)
[PASS  ] bb_libhwui_24e97c_c1         (433 bytes x86)
[PASS  ] bb_libhwui_24e97c_c2         (433 bytes x86)
[PASS  ] bb_libhwui_24e99c_c0         (390 bytes x86)
[PASS  ] bb_libhwui_24e99c_c1         (390 bytes x86)
[PASS  ] bb_libhwui_24e99c_c2         (390 bytes x86)
[SKIP  ] bb_libhwui_24e9d0_c0         reference: unsupported insn 0x1e260068
[SKIP  ] bb_libhwui_24e9d0_c1         reference: unsupported insn 0x1e260068
[SKIP  ] bb_libhwui_24e9d0_c2         reference: unsupported insn 0x1e260068
[SKIP  ] bb_libhwui_24ea00_c0         reference: unsupported insn 0x1e260029
[SKIP  ] bb_libhwui_24ea00_c1         reference: unsupported insn 0x1e260029
[SKIP  ] bb_libhwui_24ea00_c2         reference: unsupported insn 0x1e260029
[SKIP  ] bb_libhwui_24ea0c_c0         reference: unsupported insn 0x1e260069
[SKIP  ] bb_libhwui_24ea0c_c1         reference: unsupported insn 0x1e260069
[SKIP  ] bb_libhwui_24ea0c_c2         reference: unsupported insn 0x1e260069
[PASS  ] bb_libhwui_24ea18_c0         (545 bytes x86)
[PASS  ] bb_libhwui_24ea18_c1         (545 bytes x86)
[PASS  ] bb_libhwui_24ea18_c2         (545 bytes x86)
[SKIP  ] bb_libhwui_24ea4c_c0         reference: unsupported insn 0x2f00e40e
[SKIP  ] bb_libhwui_24ea4c_c1         reference: unsupported insn 0x2f00e40e
[SKIP  ] bb_libhwui_24ea4c_c2         reference: unsupported insn 0x2f00e40e
[SKIP  ] bb_libhwui_24ea6c_c0         reference: unsupported insn 0x1e260028
[SKIP  ] bb_libhwui_24ea6c_c1         reference: unsupported insn 0x1e260028
[SKIP  ] bb_libhwui_24ea6c_c2         reference: unsupported insn 0x1e260028
[SKIP  ] bb_libhwui_24ea84_c0         reference: unsupported insn 0x1e260068
[SKIP  ] bb_libhwui_24ea84_c1         reference: unsupported insn 0x1e260068
[SKIP  ] bb_libhwui_24ea84_c2         reference: unsupported insn 0x1e260068
[SKIP  ] bb_libhwui_24eaa4_c0         reference: unsupported insn 0x2f00e40f
[SKIP  ] bb_libhwui_24eaa4_c1         reference: unsupported insn 0x2f00e40f
[SKIP  ] bb_libhwui_24eaa4_c2         reference: unsupported insn 0x2f00e40f
[SKIP  ] bb_libhwui_24eb60_c0         reference: unsupported insn 0x1e260068
[SKIP  ] bb_libhwui_24eb60_c1         reference: unsupported insn 0x1e260068
[SKIP  ] bb_libhwui_24eb60_c2         reference: unsupported insn 0x1e260068
[SKIP  ] bb_libhwui_24eb70_c0         reference: unsupported insn 0x1e270386
[SKIP  ] bb_libhwui_24eb70_c1         reference: unsupported insn 0x1e270386
[SKIP  ] bb_libhwui_24eb70_c2         reference: unsupported insn 0x1e270386
[SKIP  ] bb_libhwui_24efa8_c0         reference: unsupported insn 0x6e205800
[SKIP  ] bb_libhwui_24efa8_c1         reference: unsupported insn 0x6e205800
[SKIP  ] bb_libhwui_24efa8_c2         reference: unsupported insn 0x6e205800
[SKIP  ] bb_libhwui_24f260_c0         reference: unsupported insn 0x1e2600ea
[SKIP  ] bb_libhwui_24f260_c1         reference: unsupported insn 0x1e2600ea
[SKIP  ] bb_libhwui_24f260_c2         reference: unsupported insn 0x1e2600ea
[SKIP  ] bb_libhwui_24f274_c0         reference: unsupported insn 0x1e2600aa
[SKIP  ] bb_libhwui_24f274_c1         reference: unsupported insn 0x1e2600aa
[SKIP  ] bb_libhwui_24f274_c2         reference: unsupported insn 0x1e2600aa
[SKIP  ] bb_libhwui_24f288_c0         reference: unsupported insn 0x2f00e405
[SKIP  ] bb_libhwui_24f288_c1         reference: unsupported insn 0x2f00e405
[SKIP  ] bb_libhwui_24f288_c2         reference: unsupported insn 0x2f00e405
[PASS  ] bb_libhwui_24f2ec_c0         (650 bytes x86)
[PASS  ] bb_libhwui_24f2ec_c1         (650 bytes x86)
[PASS  ] bb_libhwui_24f2ec_c2         (650 bytes x86)
[SKIP  ] bb_libhwui_24f33c_c0         reference: unsupported insn 0x1e260029
[SKIP  ] bb_libhwui_24f33c_c1         reference: unsupported insn 0x1e260029
[SKIP  ] bb_libhwui_24f33c_c2         reference: unsupported insn 0x1e260029
[SKIP  ] bb_libhwui_24f34c_c0         reference: unsupported insn 0x1e260069
[SKIP  ] bb_libhwui_24f34c_c1         reference: unsupported insn 0x1e260069
[SKIP  ] bb_libhwui_24f34c_c2         reference: unsupported insn 0x1e260069
[SKIP  ] bb_libhwui_24f364_c0         reference: unsupported insn 0x2f00e400
[SKIP  ] bb_libhwui_24f364_c1         reference: unsupported insn 0x2f00e400
[SKIP  ] bb_libhwui_24f364_c2         reference: unsupported insn 0x2f00e400
[PASS  ] bb_libhwui_24f40c_c0         (433 bytes x86)
[PASS  ] bb_libhwui_24f40c_c1         (433 bytes x86)
[PASS  ] bb_libhwui_24f40c_c2         (433 bytes x86)
[PASS  ] bb_libhwui_24f42c_c0         (174 bytes x86)
[PASS  ] bb_libhwui_24f42c_c1         (174 bytes x86)
[PASS  ] bb_libhwui_24f42c_c2         (174 bytes x86)
[PASS  ] bb_libhwui_24f438_c0         (343 bytes x86)
[PASS  ] bb_libhwui_24f438_c1         (343 bytes x86)
[PASS  ] bb_libhwui_24f438_c2         (343 bytes x86)
[PASS  ] bb_libhwui_24f498_c0         (433 bytes x86)
[PASS  ] bb_libhwui_24f498_c1         (433 bytes x86)
[PASS  ] bb_libhwui_24f498_c2         (433 bytes x86)
[PASS  ] bb_libhwui_24f4b8_c0         (390 bytes x86)
[PASS  ] bb_libhwui_24f4b8_c1         (390 bytes x86)
[PASS  ] bb_libhwui_24f4b8_c2         (390 bytes x86)
[PASS  ] bb_libhwui_24f510_c0         (88 bytes x86)
[PASS  ] bb_libhwui_24f510_c1         (88 bytes x86)
[PASS  ] bb_libhwui_24f510_c2         (88 bytes x86)
[PASS  ] bb_libhwui_24f51c_c0         (209 bytes x86)
[PASS  ] bb_libhwui_24f51c_c1         (209 bytes x86)
[PASS  ] bb_libhwui_24f51c_c2         (209 bytes x86)
[SKIP  ] bb_libhwui_24f5b8_c0         reference: unsupported insn 0x1e2600e8
[SKIP  ] bb_libhwui_24f5b8_c1         reference: unsupported insn 0x1e2600e8
[SKIP  ] bb_libhwui_24f5b8_c2         reference: unsupported insn 0x1e2600e8
[SKIP  ] bb_libhwui_24f5d0_c0         reference: unsupported insn 0x1e3c1010
[SKIP  ] bb_libhwui_24f5d0_c1         reference: unsupported insn 0x1e3c1010
[SKIP  ] bb_libhwui_24f5d0_c2         reference: unsupported insn 0x1e3c1010
[PASS  ] bb_libhwui_24f5f0_c0         (489 bytes x86)
[PASS  ] bb_libhwui_24f5f0_c1         (489 bytes x86)
[PASS  ] bb_libhwui_24f5f0_c2         (489 bytes x86)
[PASS  ] bb_libhwui_24f618_c0         (619 bytes x86)
[PASS  ] bb_libhwui_24f618_c1         (619 bytes x86)
[PASS  ] bb_libhwui_24f618_c2         (619 bytes x86)
[PASS  ] bb_libhwui_24f64c_c0         (213 bytes x86)
[PASS  ] bb_libhwui_24f64c_c1         (213 bytes x86)
[PASS  ] bb_libhwui_24f64c_c2         (213 bytes x86)
[SKIP  ] bb_libhwui_24f7f0_c0         reference: unsupported insn 0x1e6f1000
[SKIP  ] bb_libhwui_24f7f0_c1         reference: unsupported insn 0x1e6f1000
[SKIP  ] bb_libhwui_24f7f0_c2         reference: unsupported insn 0x1e6f1000
[SKIP  ] bb_libhwui_24f824_c0         reference: unsupported insn 0x1e6f1000
[SKIP  ] bb_libhwui_24f824_c1         reference: unsupported insn 0x1e6f1000
[SKIP  ] bb_libhwui_24f824_c2         reference: unsupported insn 0x1e6f1000
[SKIP  ] bb_libhwui_24f884_c0         reference: unsupported insn 0x1e2e1010
[SKIP  ] bb_libhwui_24f884_c1         reference: unsupported insn 0x1e2e1010
[SKIP  ] bb_libhwui_24f884_c2         reference: unsupported insn 0x1e2e1010
[SKIP  ] bb_libhwui_24f894_c0         reference: unsupported insn 0x0f8690a5
[SKIP  ] bb_libhwui_24f894_c1         reference: unsupported insn 0x0f8690a5
[SKIP  ] bb_libhwui_24f894_c2         reference: unsupported insn 0x0f8690a5
[SKIP  ] bb_libhwui_24f9c4_c0         reference: unsupported insn 0x1e270127
[SKIP  ] bb_libhwui_24f9c4_c1         reference: unsupported insn 0x1e270127
[SKIP  ] bb_libhwui_24f9c4_c2         reference: unsupported insn 0x1e270127
[PASS  ] bb_libhwui_24f9dc_c0         (545 bytes x86)
[PASS  ] bb_libhwui_24f9dc_c1         (545 bytes x86)
[PASS  ] bb_libhwui_24f9dc_c2         (545 bytes x86)
[SKIP  ] bb_libhwui_24fa18_c0         reference: unsupported insn 0x1e3e1003
[SKIP  ] bb_libhwui_24fa18_c1         reference: unsupported insn 0x1e3e1003
[SKIP  ] bb_libhwui_24fa18_c2         reference: unsupported insn 0x1e3e1003
[PASS  ] bb_libhwui_24fa38_c0         (840 bytes x86)
[PASS  ] bb_libhwui_24fa38_c1         (840 bytes x86)
[PASS  ] bb_libhwui_24fa38_c2         (840 bytes x86)
[SKIP  ] bb_libhwui_24fa98_c0         reference: unsupported insn 0x1e2e1006
[SKIP  ] bb_libhwui_24fa98_c1         reference: unsupported insn 0x1e2e1006
[SKIP  ] bb_libhwui_24fa98_c2         reference: unsupported insn 0x1e2e1006
[SKIP  ] bb_libhwui_24fac0_c0         reference: unsupported insn 0x0f859063
[SKIP  ] bb_libhwui_24fac0_c1         reference: unsupported insn 0x0f859063
[SKIP  ] bb_libhwui_24fac0_c2         reference: unsupported insn 0x0f859063
[PASS  ] bb_libhwui_24fae0_c0         (179 bytes x86)
[PASS  ] bb_libhwui_24fae0_c1         (179 bytes x86)
[PASS  ] bb_libhwui_24fae0_c2         (179 bytes x86)
[SKIP  ] bb_libhwui_24fba4_c0         reference: unsupported insn 0x7e70d821
[SKIP  ] bb_libhwui_24fba4_c1         reference: unsupported insn 0x7e70d821
[SKIP  ] bb_libhwui_24fba4_c2         reference: unsupported insn 0x7e70d821
[SKIP  ] bb_libhwui_24fbc4_c0         reference: unsupported insn 0x5e0c0401
[SKIP  ] bb_libhwui_24fbc4_c1         reference: unsupported insn 0x5e0c0401
[SKIP  ] bb_libhwui_24fbc4_c2         reference: unsupported insn 0x5e0c0401
[SKIP  ] bb_libhwui_24fc3c_c0         reference: unsupported insn 0x1e6f1000
[SKIP  ] bb_libhwui_24fc3c_c1         reference: unsupported insn 0x1e6f1000
[SKIP  ] bb_libhwui_24fc3c_c2         reference: unsupported insn 0x1e6f1000
[PASS  ] bb_libhwui_24fc9c_c0         (174 bytes x86)
[PASS  ] bb_libhwui_24fc9c_c1         (174 bytes x86)
[PASS  ] bb_libhwui_24fc9c_c2         (174 bytes x86)
[SKIP  ] bb_libhwui_24fca8_c0         reference: unsupported insn 0x1e2e1004
[SKIP  ] bb_libhwui_24fca8_c1         reference: unsupported insn 0x1e2e1004
[SKIP  ] bb_libhwui_24fca8_c2         reference: unsupported insn 0x1e2e1004
[PASS  ] bb_libhwui_24fcb4_c0         (397 bytes x86)
[PASS  ] bb_libhwui_24fcb4_c1         (397 bytes x86)
[PASS  ] bb_libhwui_24fcb4_c2         (397 bytes x86)
[SKIP  ] bb_libhwui_24fe64_c0         reference: unsupported insn 0x2f00e40f
[SKIP  ] bb_libhwui_24fe64_c1         reference: unsupported insn 0x2f00e40f
[SKIP  ] bb_libhwui_24fe64_c2         reference: unsupported insn 0x2f00e40f
[PASS  ] bb_libhwui_24fecc_c0         (213 bytes x86)
[PASS  ] bb_libhwui_24fecc_c1         (213 bytes x86)
[PASS  ] bb_libhwui_24fecc_c2         (213 bytes x86)
[SKIP  ] bb_libhwui_24ff48_c0         reference: unsupported insn 0x9e670301
[SKIP  ] bb_libhwui_24ff48_c1         reference: unsupported insn 0x9e670301
[SKIP  ] bb_libhwui_24ff48_c2         reference: unsupported insn 0x9e670301
[SKIP  ] bb_libhwui_24ff68_c0         reference: unsupported insn 0x2f00e405
[SKIP  ] bb_libhwui_24ff68_c1         reference: unsupported insn 0x2f00e405
[SKIP  ] bb_libhwui_24ff68_c2         reference: unsupported insn 0x2f00e405
[SKIP  ] bb_libhwui_24ff88_c0         reference: unsupported insn 0x0f8090a5
[SKIP  ] bb_libhwui_24ff88_c1         reference: unsupported insn 0x0f8090a5
[SKIP  ] bb_libhwui_24ff88_c2         reference: unsupported insn 0x0f8090a5
[PASS  ] bb_libhwui_250018_c0         (458 bytes x86)
[PASS  ] bb_libhwui_250018_c1         (458 bytes x86)
[PASS  ] bb_libhwui_250018_c2         (458 bytes x86)
[SKIP  ] bb_libhwui_2501dc_c0         reference: unsupported insn 0x1e2e1011
[SKIP  ] bb_libhwui_2501dc_c1         reference: unsupported insn 0x1e2e1011
[SKIP  ] bb_libhwui_2501dc_c2         reference: unsupported insn 0x1e2e1011
[SKIP  ] bb_libhwui_2501e8_c0         reference: unsupported insn 0x0f8090a5
[SKIP  ] bb_libhwui_2501e8_c1         reference: unsupported insn 0x0f8090a5
[SKIP  ] bb_libhwui_2501e8_c2         reference: unsupported insn 0x0f8090a5
[SKIP  ] bb_libhwui_250204_c0         reference: unsupported insn 0x5e0c04a6
[SKIP  ] bb_libhwui_250204_c1         reference: unsupported insn 0x5e0c04a6
[SKIP  ] bb_libhwui_250204_c2         reference: unsupported insn 0x5e0c04a6
[SKIP  ] bb_libhwui_250230_c0         reference: unsupported insn 0x0ea00902
[SKIP  ] bb_libhwui_250230_c1         reference: unsupported insn 0x0ea00902
[SKIP  ] bb_libhwui_250230_c2         reference: unsupported insn 0x0ea00902
[SKIP  ] bb_libhwui_250250_c0         reference: unsupported insn 0x1e260068
[SKIP  ] bb_libhwui_250250_c1         reference: unsupported insn 0x1e260068
[SKIP  ] bb_libhwui_250250_c2         reference: unsupported insn 0x1e260068
[DBTERR] bb_libhwui_250264_c0         dbt: decode word[7]=0x2ee31c01 failed: Reserved
[DBTERR] bb_libhwui_250264_c1         dbt: decode word[7]=0x2ee31c01 failed: Reserved
[DBTERR] bb_libhwui_250264_c2         dbt: decode word[7]=0x2ee31c01 failed: Reserved
[SKIP  ] bb_libhwui_250370_c0         reference: unsupported insn 0x0ea00902
[SKIP  ] bb_libhwui_250370_c1         reference: unsupported insn 0x0ea00902
[SKIP  ] bb_libhwui_250370_c2         reference: unsupported insn 0x0ea00902
[DBTERR] bb_libhwui_2503a4_c0         dbt: decode word[7]=0x2ee31c20 failed: Reserved
[DBTERR] bb_libhwui_2503a4_c1         dbt: decode word[7]=0x2ee31c20 failed: Reserved
[DBTERR] bb_libhwui_2503a4_c2         dbt: decode word[7]=0x2ee31c20 failed: Reserved
[SKIP  ] bb_libhwui_250404_c0         reference: unsupported insn 0x1e2602c8
[SKIP  ] bb_libhwui_250404_c1         reference: unsupported insn 0x1e2602c8
[SKIP  ] bb_libhwui_250404_c2         reference: unsupported insn 0x1e2602c8
[SKIP  ] bb_libhwui_250424_c0         reference: unsupported insn 0x7a401904
[SKIP  ] bb_libhwui_250424_c1         reference: unsupported insn 0x7a401904
[SKIP  ] bb_libhwui_250424_c2         reference: unsupported insn 0x7a401904
[PASS  ] bb_libhwui_250454_c0         (642 bytes x86)
[PASS  ] bb_libhwui_250454_c1         (642 bytes x86)
[PASS  ] bb_libhwui_250454_c2         (642 bytes x86)
[SKIP  ] bb_libhwui_250474_c0         reference: unsupported insn 0x1e3e1001
[SKIP  ] bb_libhwui_250474_c1         reference: unsupported insn 0x1e3e1001
[SKIP  ] bb_libhwui_250474_c2         reference: unsupported insn 0x1e3e1001
[SKIP  ] bb_libhwui_2504c0_c0         reference: unsupported insn 0x5fb29250
[SKIP  ] bb_libhwui_2504c0_c1         reference: unsupported insn 0x5fb29250
[SKIP  ] bb_libhwui_2504c0_c2         reference: unsupported insn 0x5fb29250
[SKIP  ] bb_libhwui_2504e0_c0         reference: unsupported insn 0x1e260268
[SKIP  ] bb_libhwui_2504e0_c1         reference: unsupported insn 0x1e260268
[SKIP  ] bb_libhwui_2504e0_c2         reference: unsupported insn 0x1e260268
[PASS  ] bb_libhwui_250514_c0         (642 bytes x86)
[PASS  ] bb_libhwui_250514_c1         (642 bytes x86)
[PASS  ] bb_libhwui_250514_c2         (642 bytes x86)
[SKIP  ] bb_libhwui_250534_c0         reference: unsupported insn 0x1e3e1005
[SKIP  ] bb_libhwui_250534_c1         reference: unsupported insn 0x1e3e1005
[SKIP  ] bb_libhwui_250534_c2         reference: unsupported insn 0x1e3e1005
[SKIP  ] bb_libhwui_2505cc_c0         reference: unsupported insn 0x0f8090a5
[SKIP  ] bb_libhwui_2505cc_c1         reference: unsupported insn 0x0f8090a5
[SKIP  ] bb_libhwui_2505cc_c2         reference: unsupported insn 0x0f8090a5
[SKIP  ] bb_libhwui_250614_c0         reference: unsupported insn 0x4fc19000
[SKIP  ] bb_libhwui_250614_c1         reference: unsupported insn 0x4fc19000
[SKIP  ] bb_libhwui_250614_c2         reference: unsupported insn 0x4fc19000
[SKIP  ] bb_libhwui_250634_c0         reference: unsupported insn 0x1e260048
[SKIP  ] bb_libhwui_250634_c1         reference: unsupported insn 0x1e260048
[SKIP  ] bb_libhwui_250634_c2         reference: unsupported insn 0x1e260048
[DBTERR] bb_libhwui_250648_c0         dbt: decode word[7]=0x2ee21c20 failed: Reserved
[DBTERR] bb_libhwui_250648_c1         dbt: decode word[7]=0x2ee21c20 failed: Reserved
[DBTERR] bb_libhwui_250648_c2         dbt: decode word[7]=0x2ee21c20 failed: Reserved
[SKIP  ] bb_libhwui_250688_c0         reference: unsupported insn 0x0f849000
[SKIP  ] bb_libhwui_250688_c1         reference: unsupported insn 0x0f849000
[SKIP  ] bb_libhwui_250688_c2         reference: unsupported insn 0x0f849000
[SKIP  ] bb_libhwui_2506a8_c0         reference: unsupported insn 0x0ea00881
[SKIP  ] bb_libhwui_2506a8_c1         reference: unsupported insn 0x0ea00881
[SKIP  ] bb_libhwui_2506a8_c2         reference: unsupported insn 0x0ea00881
[SKIP  ] bb_libhwui_2506c8_c0         reference: unsupported insn 0x7e30d800
[SKIP  ] bb_libhwui_2506c8_c1         reference: unsupported insn 0x7e30d800
[SKIP  ] bb_libhwui_2506c8_c2         reference: unsupported insn 0x7e30d800
[SKIP  ] bb_libhwui_2506d8_c0         reference: unsupported insn 0x5e140720
[SKIP  ] bb_libhwui_2506d8_c1         reference: unsupported insn 0x5e140720
[SKIP  ] bb_libhwui_2506d8_c2         reference: unsupported insn 0x5e140720
[PASS  ] bb_libhwui_250700_c0         (648 bytes x86)
[PASS  ] bb_libhwui_250700_c1         (648 bytes x86)
[PASS  ] bb_libhwui_250700_c2         (648 bytes x86)
[SKIP  ] bb_libhwui_25072c_c0         reference: unsupported insn 0x5e0c0735
[SKIP  ] bb_libhwui_25072c_c1         reference: unsupported insn 0x5e0c0735
[SKIP  ] bb_libhwui_25072c_c2         reference: unsupported insn 0x5e0c0735
[PASS  ] bb_libhwui_250750_c0         (576 bytes x86)
[PASS  ] bb_libhwui_250750_c1         (576 bytes x86)
[PASS  ] bb_libhwui_250750_c2         (576 bytes x86)
[SKIP  ] bb_libhwui_2507a0_c0         reference: unsupported insn 0x0fb592b4
[SKIP  ] bb_libhwui_2507a0_c1         reference: unsupported insn 0x0fb592b4
[SKIP  ] bb_libhwui_2507a0_c2         reference: unsupported insn 0x0fb592b4
[SKIP  ] bb_libhwui_2507c0_c0         reference: unsupported insn 0x0f969273
[SKIP  ] bb_libhwui_2507c0_c1         reference: unsupported insn 0x0f969273
[SKIP  ] bb_libhwui_2507c0_c2         reference: unsupported insn 0x0f969273
[PASS  ] bb_libhwui_2507e0_c0         (228 bytes x86)
[PASS  ] bb_libhwui_2507e0_c1         (228 bytes x86)
[PASS  ] bb_libhwui_2507e0_c2         (228 bytes x86)
[SKIP  ] bb_libhwui_2507f0_c0         reference: unsupported insn 0x1e721016
[SKIP  ] bb_libhwui_2507f0_c1         reference: unsupported insn 0x1e721016
[SKIP  ] bb_libhwui_2507f0_c2         reference: unsupported insn 0x1e721016
[SKIP  ] bb_libhwui_250818_c0         reference: unsupported insn 0x1e260009
[SKIP  ] bb_libhwui_250818_c1         reference: unsupported insn 0x1e260009
[SKIP  ] bb_libhwui_250818_c2         reference: unsupported insn 0x1e260009
[SKIP  ] bb_libhwui_250828_c0         reference: unsupported insn 0x1e260029
[SKIP  ] bb_libhwui_250828_c1         reference: unsupported insn 0x1e260029
[SKIP  ] bb_libhwui_250828_c2         reference: unsupported insn 0x1e260029
[PASS  ] bb_libhwui_250978_c0         (442 bytes x86)
[PASS  ] bb_libhwui_250978_c1         (442 bytes x86)
[PASS  ] bb_libhwui_250978_c2         (442 bytes x86)
[SKIP  ] bb_libhwui_250998_c0         reference: unsupported insn 0x5e0c0466
[SKIP  ] bb_libhwui_250998_c1         reference: unsupported insn 0x5e0c0466
[SKIP  ] bb_libhwui_250998_c2         reference: unsupported insn 0x5e0c0466
[SKIP  ] bb_libhwui_2509b8_c0         reference: unsupported insn 0x0e617884
[SKIP  ] bb_libhwui_2509b8_c1         reference: unsupported insn 0x0e617884
[SKIP  ] bb_libhwui_2509b8_c2         reference: unsupported insn 0x0e617884
[SKIP  ] bb_libhwui_2509d8_c0         reference: unsupported insn 0x1e260069
[SKIP  ] bb_libhwui_2509d8_c1         reference: unsupported insn 0x1e260069
[SKIP  ] bb_libhwui_2509d8_c2         reference: unsupported insn 0x1e260069
[SKIP  ] bb_libhwui_250a04_c0         reference: unsupported insn 0x7e30d800
[SKIP  ] bb_libhwui_250a04_c1         reference: unsupported insn 0x7e30d800
[SKIP  ] bb_libhwui_250a04_c2         reference: unsupported insn 0x7e30d800
[PASS  ] bb_libhwui_250d60_c0         (498 bytes x86)
[PASS  ] bb_libhwui_250d60_c1         (498 bytes x86)
[PASS  ] bb_libhwui_250d60_c2         (498 bytes x86)
[SKIP  ] bb_libhwui_250d84_c0         reference: unsupported insn 0x1e2e1015
[SKIP  ] bb_libhwui_250d84_c1         reference: unsupported insn 0x1e2e1015
[SKIP  ] bb_libhwui_250d84_c2         reference: unsupported insn 0x1e2e1015
[PASS  ] bb_libhwui_250d90_c0         (433 bytes x86)
[PASS  ] bb_libhwui_250d90_c1         (433 bytes x86)
[PASS  ] bb_libhwui_250d90_c2         (433 bytes x86)
[PASS  ] bb_libhwui_250db0_c0         (433 bytes x86)
[PASS  ] bb_libhwui_250db0_c1         (433 bytes x86)
[PASS  ] bb_libhwui_250db0_c2         (433 bytes x86)
[PASS  ] bb_libhwui_250dd0_c0         (390 bytes x86)
[PASS  ] bb_libhwui_250dd0_c1         (390 bytes x86)
[PASS  ] bb_libhwui_250dd0_c2         (390 bytes x86)
[SKIP  ] bb_libhwui_250dec_c0         reference: unsupported insn 0x1e2e1011
[SKIP  ] bb_libhwui_250dec_c1         reference: unsupported insn 0x1e2e1011
[SKIP  ] bb_libhwui_250dec_c2         reference: unsupported insn 0x1e2e1011
[PASS  ] bb_libhwui_250e40_c0         (433 bytes x86)
[PASS  ] bb_libhwui_250e40_c1         (433 bytes x86)
[PASS  ] bb_libhwui_250e40_c2         (433 bytes x86)
[PASS  ] bb_libhwui_250e60_c0         (163 bytes x86)
[PASS  ] bb_libhwui_250e60_c1         (163 bytes x86)
[PASS  ] bb_libhwui_250e60_c2         (163 bytes x86)
[SKIP  ] bb_libhwui_250e70_c0         reference: unsupported insn 0x1e2e1012
[SKIP  ] bb_libhwui_250e70_c1         reference: unsupported insn 0x1e2e1012
[SKIP  ] bb_libhwui_250e70_c2         reference: unsupported insn 0x1e2e1012
[SKIP  ] bb_libhwui_250e90_c0         reference: unsupported insn 0x1e32a622
[SKIP  ] bb_libhwui_250e90_c1         reference: unsupported insn 0x1e32a622
[SKIP  ] bb_libhwui_250e90_c2         reference: unsupported insn 0x1e32a622
[PASS  ] bb_libhwui_250e9c_c0         (433 bytes x86)
[PASS  ] bb_libhwui_250e9c_c1         (433 bytes x86)
[PASS  ] bb_libhwui_250e9c_c2         (433 bytes x86)
[PASS  ] bb_libhwui_250ebc_c0         (436 bytes x86)
[PASS  ] bb_libhwui_250ebc_c1         (436 bytes x86)
[PASS  ] bb_libhwui_250ebc_c2         (436 bytes x86)
[PASS  ] bb_libhwui_250edc_c0         (390 bytes x86)
[PASS  ] bb_libhwui_250edc_c1         (390 bytes x86)
[PASS  ] bb_libhwui_250edc_c2         (390 bytes x86)
[SKIP  ] bb_libhwui_250ef8_c0         reference: unsupported insn 0x1e2e1007
[SKIP  ] bb_libhwui_250ef8_c1         reference: unsupported insn 0x1e2e1007
[SKIP  ] bb_libhwui_250ef8_c2         reference: unsupported insn 0x1e2e1007
[SKIP  ] bb_libhwui_250f04_c0         reference: unsupported insn 0x5fa290c2
[SKIP  ] bb_libhwui_250f04_c1         reference: unsupported insn 0x5fa290c2
[SKIP  ] bb_libhwui_250f04_c2         reference: unsupported insn 0x5fa290c2
[PASS  ] bb_libhwui_250f68_c0         (657 bytes x86)
[PASS  ] bb_libhwui_250f68_c1         (657 bytes x86)
[PASS  ] bb_libhwui_250f68_c2         (657 bytes x86)
[SKIP  ] bb_libhwui_250fa4_c0         reference: unsupported insn 0x0f9290e7
[SKIP  ] bb_libhwui_250fa4_c1         reference: unsupported insn 0x0f9290e7
[SKIP  ] bb_libhwui_250fa4_c2         reference: unsupported insn 0x0f9290e7
[SKIP  ] bb_libhwui_250fc4_c0         reference: unsupported insn 0x1e2e1010
[SKIP  ] bb_libhwui_250fc4_c1         reference: unsupported insn 0x1e2e1010
[SKIP  ] bb_libhwui_250fc4_c2         reference: unsupported insn 0x1e2e1010
[PASS  ] bb_libhwui_250fe4_c0         (233 bytes x86)
[PASS  ] bb_libhwui_250fe4_c1         (233 bytes x86)
[PASS  ] bb_libhwui_250fe4_c2         (233 bytes x86)
[PASS  ] bb_libhwui_250ff4_c0         (442 bytes x86)
[PASS  ] bb_libhwui_250ff4_c1         (442 bytes x86)
[PASS  ] bb_libhwui_250ff4_c2         (442 bytes x86)
[SKIP  ] bb_libhwui_251014_c0         reference: unsupported insn 0x5e0c04b0
[SKIP  ] bb_libhwui_251014_c1         reference: unsupported insn 0x5e0c04b0
[SKIP  ] bb_libhwui_251014_c2         reference: unsupported insn 0x5e0c04b0
[SKIP  ] bb_libhwui_251034_c0         reference: unsupported insn 0x0e6178c6
[SKIP  ] bb_libhwui_251034_c1         reference: unsupported insn 0x0e6178c6
[SKIP  ] bb_libhwui_251034_c2         reference: unsupported insn 0x0e6178c6
[SKIP  ] bb_libhwui_25105c_c0         reference: unsupported insn 0x5e0c04a6
[SKIP  ] bb_libhwui_25105c_c1         reference: unsupported insn 0x5e0c04a6
[SKIP  ] bb_libhwui_25105c_c2         reference: unsupported insn 0x5e0c04a6
[SKIP  ] bb_libhwui_25107c_c0         reference: unsupported insn 0x7e30d842
[SKIP  ] bb_libhwui_25107c_c1         reference: unsupported insn 0x7e30d842
[SKIP  ] bb_libhwui_25107c_c2         reference: unsupported insn 0x7e30d842
[SKIP  ] bb_libhwui_251094_c0         reference: unsupported insn 0x1e260229
[SKIP  ] bb_libhwui_251094_c1         reference: unsupported insn 0x1e260229
[SKIP  ] bb_libhwui_251094_c2         reference: unsupported insn 0x1e260229
[SKIP  ] bb_libhwui_2510a8_c0         reference: unsupported insn 0x5e0c04a7
[SKIP  ] bb_libhwui_2510a8_c1         reference: unsupported insn 0x5e0c04a7
[SKIP  ] bb_libhwui_2510a8_c2         reference: unsupported insn 0x5e0c04a7
[SKIP  ] bb_libhwui_2510d0_c0         reference: unsupported insn 0x1e260229
[SKIP  ] bb_libhwui_2510d0_c1         reference: unsupported insn 0x1e260229
[SKIP  ] bb_libhwui_2510d0_c2         reference: unsupported insn 0x1e260229
[SKIP  ] bb_libhwui_2510f4_c0         reference: unsupported insn 0x1e260249
[SKIP  ] bb_libhwui_2510f4_c1         reference: unsupported insn 0x1e260249
[SKIP  ] bb_libhwui_2510f4_c2         reference: unsupported insn 0x1e260249
[SKIP  ] bb_libhwui_251130_c0         reference: unsupported insn 0x1e2600a9
[SKIP  ] bb_libhwui_251130_c1         reference: unsupported insn 0x1e2600a9
[SKIP  ] bb_libhwui_251130_c2         reference: unsupported insn 0x1e2600a9
[SKIP  ] bb_libhwui_2511d0_c0         reference: unsupported insn 0x1e6f1001
[SKIP  ] bb_libhwui_2511d0_c1         reference: unsupported insn 0x1e6f1001
[SKIP  ] bb_libhwui_2511d0_c2         reference: unsupported insn 0x1e6f1001
[SKIP  ] bb_libhwui_251350_c0         reference: unsupported insn 0x1e260289
[SKIP  ] bb_libhwui_251350_c1         reference: unsupported insn 0x1e260289
[SKIP  ] bb_libhwui_251350_c2         reference: unsupported insn 0x1e260289
[SKIP  ] bb_libhwui_251368_c0         reference: unsupported insn 0x1e3c1016
[SKIP  ] bb_libhwui_251368_c1         reference: unsupported insn 0x1e3c1016
[SKIP  ] bb_libhwui_251368_c2         reference: unsupported insn 0x1e3c1016
[PASS  ] bb_libhwui_251388_c0         (489 bytes x86)
[PASS  ] bb_libhwui_251388_c1         (489 bytes x86)
[PASS  ] bb_libhwui_251388_c2         (489 bytes x86)
[PASS  ] bb_libhwui_2513b0_c0         (619 bytes x86)
[PASS  ] bb_libhwui_2513b0_c1         (619 bytes x86)
[PASS  ] bb_libhwui_2513b0_c2         (619 bytes x86)
[PASS  ] bb_libhwui_2513e4_c0         (213 bytes x86)
[PASS  ] bb_libhwui_2513e4_c1         (213 bytes x86)
[PASS  ] bb_libhwui_2513e4_c2         (213 bytes x86)
[SKIP  ] bb_libhwui_2514a8_c0         reference: unsupported insn 0x4fc19000
[SKIP  ] bb_libhwui_2514a8_c1         reference: unsupported insn 0x4fc19000
[SKIP  ] bb_libhwui_2514a8_c2         reference: unsupported insn 0x4fc19000
[PASS  ] bb_libhwui_251518_c0         (433 bytes x86)
[PASS  ] bb_libhwui_251518_c1         (433 bytes x86)
[PASS  ] bb_libhwui_251518_c2         (433 bytes x86)
[PASS  ] bb_libhwui_251538_c0         (336 bytes x86)
[PASS  ] bb_libhwui_251538_c1         (336 bytes x86)
[PASS  ] bb_libhwui_251538_c2         (336 bytes x86)
[PASS  ] bb_libhwui_25155c_c0         (433 bytes x86)
[PASS  ] bb_libhwui_25155c_c1         (433 bytes x86)
[PASS  ] bb_libhwui_25155c_c2         (433 bytes x86)
[PASS  ] bb_libhwui_25159c_c0         (163 bytes x86)
[PASS  ] bb_libhwui_25159c_c1         (163 bytes x86)
[PASS  ] bb_libhwui_25159c_c2         (163 bytes x86)
[PASS  ] bb_libhwui_2515ac_c0         (109 bytes x86)
[PASS  ] bb_libhwui_2515ac_c1         (109 bytes x86)
[PASS  ] bb_libhwui_2515ac_c2         (109 bytes x86)
[PASS  ] bb_libhwui_251620_c0         (163 bytes x86)
[PASS  ] bb_libhwui_251620_c1         (163 bytes x86)
[PASS  ] bb_libhwui_251620_c2         (163 bytes x86)
[SKIP  ] bb_libhwui_251630_c0         reference: unsupported insn 0x1e270101
[SKIP  ] bb_libhwui_251630_c1         reference: unsupported insn 0x1e270101
[SKIP  ] bb_libhwui_251630_c2         reference: unsupported insn 0x1e270101
[SKIP  ] bb_libhwui_251644_c0         reference: unsupported insn 0x1e2e1000
[SKIP  ] bb_libhwui_251644_c1         reference: unsupported insn 0x1e2e1000
[SKIP  ] bb_libhwui_251644_c2         reference: unsupported insn 0x1e2e1000
[PASS  ] bb_libhwui_251658_c0         (131 bytes x86)
[PASS  ] bb_libhwui_251658_c1         (131 bytes x86)
[PASS  ] bb_libhwui_251658_c2         (131 bytes x86)
[SKIP  ] bb_libhwui_25167c_c0         reference: unsupported insn 0x5e0c0402
[SKIP  ] bb_libhwui_25167c_c1         reference: unsupported insn 0x5e0c0402
[SKIP  ] bb_libhwui_25167c_c2         reference: unsupported insn 0x5e0c0402
[SKIP  ] bb_libhwui_2516a8_c0         reference: unsupported insn 0x1e270106
[SKIP  ] bb_libhwui_2516a8_c1         reference: unsupported insn 0x1e270106
[SKIP  ] bb_libhwui_2516a8_c2         reference: unsupported insn 0x1e270106
[SKIP  ] bb_libhwui_2516bc_c0         reference: unsupported insn 0x1e2e1003
[SKIP  ] bb_libhwui_2516bc_c1         reference: unsupported insn 0x1e2e1003
[SKIP  ] bb_libhwui_2516bc_c2         reference: unsupported insn 0x1e2e1003
[SKIP  ] bb_libhwui_2516ec_c0         reference: unsupported insn 0x5e0c04a1
[SKIP  ] bb_libhwui_2516ec_c1         reference: unsupported insn 0x5e0c04a1
[SKIP  ] bb_libhwui_2516ec_c2         reference: unsupported insn 0x5e0c04a1
[PASS  ] bb_libhwui_251770_c0         (109 bytes x86)
[PASS  ] bb_libhwui_251770_c1         (109 bytes x86)
[PASS  ] bb_libhwui_251770_c2         (109 bytes x86)
[PASS  ] bb_libhwui_25177c_c0         (109 bytes x86)
[PASS  ] bb_libhwui_25177c_c1         (109 bytes x86)
[PASS  ] bb_libhwui_25177c_c2         (109 bytes x86)
[SKIP  ] bb_libhwui_2518c0_c0         reference: unsupported insn 0x5e140720
[SKIP  ] bb_libhwui_2518c0_c1         reference: unsupported insn 0x5e140720
[SKIP  ] bb_libhwui_2518c0_c2         reference: unsupported insn 0x5e140720
[PASS  ] bb_libhwui_251910_c0         (220 bytes x86)
[PASS  ] bb_libhwui_251910_c1         (220 bytes x86)
[PASS  ] bb_libhwui_251910_c2         (220 bytes x86)
[SKIP  ] bb_libhwui_251920_c0         reference: unsupported insn 0x5e0c04a0
[SKIP  ] bb_libhwui_251920_c1         reference: unsupported insn 0x5e0c04a0
[SKIP  ] bb_libhwui_251920_c2         reference: unsupported insn 0x5e0c04a0
[SKIP  ] bb_libhwui_251a24_c0         reference: unsupported insn 0x1e6f1000
[SKIP  ] bb_libhwui_251a24_c1         reference: unsupported insn 0x1e6f1000
[SKIP  ] bb_libhwui_251a24_c2         reference: unsupported insn 0x1e6f1000
[PASS  ] bb_libhwui_251a8c_c0         (213 bytes x86)
[PASS  ] bb_libhwui_251a8c_c1         (213 bytes x86)
[PASS  ] bb_libhwui_251a8c_c2         (213 bytes x86)
[SKIP  ] bb_libhwui_25201c_c0         reference: unsupported insn 0x1e6f1000
[SKIP  ] bb_libhwui_25201c_c1         reference: unsupported insn 0x1e6f1000
[SKIP  ] bb_libhwui_25201c_c2         reference: unsupported insn 0x1e6f1000
[SKIP  ] bb_libhwui_253514_c0         reference: unsupported insn 0x1e6f1000
[SKIP  ] bb_libhwui_253514_c1         reference: unsupported insn 0x1e6f1000
[SKIP  ] bb_libhwui_253514_c2         reference: unsupported insn 0x1e6f1000
[SKIP  ] bb_libhwui_253950_c0         reference: unsupported insn 0x7ea3d421
[SKIP  ] bb_libhwui_253950_c1         reference: unsupported insn 0x7ea3d421
[SKIP  ] bb_libhwui_253950_c2         reference: unsupported insn 0x7ea3d421
[SKIP  ] bb_libhwui_253a7c_c0         reference: unsupported insn 0x0f819000
[SKIP  ] bb_libhwui_253a7c_c1         reference: unsupported insn 0x0f819000
[SKIP  ] bb_libhwui_253a7c_c2         reference: unsupported insn 0x0f819000
[SKIP  ] bb_libhwui_253a9c_c0         reference: unsupported insn 0x5fc09821
[SKIP  ] bb_libhwui_253a9c_c1         reference: unsupported insn 0x5fc09821
[SKIP  ] bb_libhwui_253a9c_c2         reference: unsupported insn 0x5fc09821
[SKIP  ] bb_libhwui_253d10_c0         reference: unsupported insn 0xd53bd05a
[SKIP  ] bb_libhwui_253d10_c1         reference: unsupported insn 0xd53bd05a
[SKIP  ] bb_libhwui_253d10_c2         reference: unsupported insn 0xd53bd05a
[SKIP  ] bb_libhwui_253f00_c0         reference: unsupported insn 0x6f00e400
[SKIP  ] bb_libhwui_253f00_c1         reference: unsupported insn 0x6f00e400
[SKIP  ] bb_libhwui_253f00_c2         reference: unsupported insn 0x6f00e400
[SKIP  ] bb_libhwui_254460_c0         reference: unsupported insn 0x2f00e403
[SKIP  ] bb_libhwui_254460_c1         reference: unsupported insn 0x2f00e403
[SKIP  ] bb_libhwui_254460_c2         reference: unsupported insn 0x2f00e403
[PASS  ] bb_libhwui_2544fc_c0         (83 bytes x86)
[PASS  ] bb_libhwui_2544fc_c1         (83 bytes x86)
[PASS  ] bb_libhwui_2544fc_c2         (83 bytes x86)
[PASS  ] bb_libhwui_254530_c0         (132 bytes x86)
[PASS  ] bb_libhwui_254530_c1         (132 bytes x86)
[PASS  ] bb_libhwui_254530_c2         (132 bytes x86)
[PASS  ] bb_libhwui_254554_c0         (205 bytes x86)
[PASS  ] bb_libhwui_254554_c1         (205 bytes x86)
[PASS  ] bb_libhwui_254554_c2         (205 bytes x86)
[PASS  ] bb_libhwui_254624_c0         (205 bytes x86)
[PASS  ] bb_libhwui_254624_c1         (205 bytes x86)
[PASS  ] bb_libhwui_254624_c2         (205 bytes x86)
[PASS  ] bb_libhwui_25463c_c0         (655 bytes x86)
[PASS  ] bb_libhwui_25463c_c1         (655 bytes x86)
[PASS  ] bb_libhwui_25463c_c2         (655 bytes x86)
[PASS  ] bb_libhwui_25473c_c0         (599 bytes x86)
[PASS  ] bb_libhwui_25473c_c1         (599 bytes x86)
[PASS  ] bb_libhwui_25473c_c2         (599 bytes x86)
[SKIP  ] bb_libhwui_2547b8_c0         reference: unsupported insn 0x2e205863
[SKIP  ] bb_libhwui_2547b8_c1         reference: unsupported insn 0x2e205863
[SKIP  ] bb_libhwui_2547b8_c2         reference: unsupported insn 0x2e205863
[SKIP  ] bb_libhwui_2547d0_c0         reference: unsupported insn 0x6e205800
[SKIP  ] bb_libhwui_2547d0_c1         reference: unsupported insn 0x6e205800
[SKIP  ] bb_libhwui_2547d0_c2         reference: unsupported insn 0x6e205800
[SKIP  ] bb_libhwui_254818_c0         reference: unsupported insn 0x2e205863
[SKIP  ] bb_libhwui_254818_c1         reference: unsupported insn 0x2e205863
[SKIP  ] bb_libhwui_254818_c2         reference: unsupported insn 0x2e205863
[SKIP  ] bb_libhwui_254848_c0         reference: unsupported insn 0x1e260089
[SKIP  ] bb_libhwui_254848_c1         reference: unsupported insn 0x1e260089
[SKIP  ] bb_libhwui_254848_c2         reference: unsupported insn 0x1e260089
[PASS  ] bb_libhwui_2548a0_c0         (202 bytes x86)
[PASS  ] bb_libhwui_2548a0_c1         (202 bytes x86)
[PASS  ] bb_libhwui_2548a0_c2         (202 bytes x86)
[PASS  ] bb_libhwui_2548b8_c0         (294 bytes x86)
[PASS  ] bb_libhwui_2548b8_c1         (294 bytes x86)
[PASS  ] bb_libhwui_2548b8_c2         (294 bytes x86)
[PASS  ] bb_libhwui_254998_c0         (405 bytes x86)
[PASS  ] bb_libhwui_254998_c1         (405 bytes x86)
[PASS  ] bb_libhwui_254998_c2         (405 bytes x86)
[SKIP  ] bb_libhwui_2549b8_c0         reference: unsupported insn 0x2f056621
[SKIP  ] bb_libhwui_2549b8_c1         reference: unsupported insn 0x2f056621
[SKIP  ] bb_libhwui_2549b8_c2         reference: unsupported insn 0x2f056621
[SKIP  ] bb_libhwui_254af8_c0         reference: unsupported insn 0x9e660029
[SKIP  ] bb_libhwui_254af8_c1         reference: unsupported insn 0x9e660029
[SKIP  ] bb_libhwui_254af8_c2         reference: unsupported insn 0x9e660029
[SKIP  ] bb_libhwui_2554fc_c0         reference: unsupported insn 0x1e6f1000
[SKIP  ] bb_libhwui_2554fc_c1         reference: unsupported insn 0x1e6f1000
[SKIP  ] bb_libhwui_2554fc_c2         reference: unsupported insn 0x1e6f1000
[SKIP  ] bb_libhwui_255610_c0         reference: unsupported insn 0x5e0c0401
[SKIP  ] bb_libhwui_255610_c1         reference: unsupported insn 0x5e0c0401
[SKIP  ] bb_libhwui_255610_c2         reference: unsupported insn 0x5e0c0401
[PASS  ] bb_libhwui_25563c_c0         (436 bytes x86)
[PASS  ] bb_libhwui_25563c_c1         (436 bytes x86)
[PASS  ] bb_libhwui_25563c_c2         (436 bytes x86)
[SKIP  ] bb_libhwui_255980_c0         reference: unsupported insn 0x2f00e401
[SKIP  ] bb_libhwui_255980_c1         reference: unsupported insn 0x2f00e401
[SKIP  ] bb_libhwui_255980_c2         reference: unsupported insn 0x2f00e401
[PASS  ] bb_libhwui_255a38_c0         (174 bytes x86)
[PASS  ] bb_libhwui_255a38_c1         (174 bytes x86)
[PASS  ] bb_libhwui_255a38_c2         (174 bytes x86)
[PASS  ] bb_libhwui_255a4c_c0         (233 bytes x86)
[PASS  ] bb_libhwui_255a4c_c1         (233 bytes x86)
[PASS  ] bb_libhwui_255a4c_c2         (233 bytes x86)
[PASS  ] bb_libhwui_255a6c_c0         (670 bytes x86)
[PASS  ] bb_libhwui_255a6c_c1         (670 bytes x86)
[PASS  ] bb_libhwui_255a6c_c2         (670 bytes x86)
[PASS  ] bb_libhwui_255b00_c0         (350 bytes x86)
[PASS  ] bb_libhwui_255b00_c1         (350 bytes x86)
[PASS  ] bb_libhwui_255b00_c2         (350 bytes x86)
[PASS  ] bb_libhwui_255b30_c0         (133 bytes x86)
[PASS  ] bb_libhwui_255b30_c1         (133 bytes x86)
[PASS  ] bb_libhwui_255b30_c2         (133 bytes x86)
[PASS  ] bb_libhwui_255bdc_c0         (849 bytes x86)
[PASS  ] bb_libhwui_255bdc_c1         (849 bytes x86)
[PASS  ] bb_libhwui_255bdc_c2         (849 bytes x86)
[PASS  ] bb_libhwui_255c8c_c0         (257 bytes x86)
[PASS  ] bb_libhwui_255c8c_c1         (257 bytes x86)
[PASS  ] bb_libhwui_255c8c_c2         (257 bytes x86)
[PASS  ] bb_libhwui_255cb4_c0         (356 bytes x86)
[PASS  ] bb_libhwui_255cb4_c1         (356 bytes x86)
[PASS  ] bb_libhwui_255cb4_c2         (356 bytes x86)
[PASS  ] bb_libhwui_255ce4_c0         (205 bytes x86)
[PASS  ] bb_libhwui_255ce4_c1         (205 bytes x86)
[PASS  ] bb_libhwui_255ce4_c2         (205 bytes x86)
[PASS  ] bb_libhwui_255cfc_c0         (342 bytes x86)
[PASS  ] bb_libhwui_255cfc_c1         (342 bytes x86)
[PASS  ] bb_libhwui_255cfc_c2         (342 bytes x86)
[SKIP  ] bb_libhwui_256244_c0         reference: unsupported insn 0x2f00e408
[SKIP  ] bb_libhwui_256244_c1         reference: unsupported insn 0x2f00e408
[SKIP  ] bb_libhwui_256244_c2         reference: unsupported insn 0x2f00e408
[SKIP  ] bb_libhwui_2562fc_c0         reference: unsupported insn 0x1e2e1000
[SKIP  ] bb_libhwui_2562fc_c1         reference: unsupported insn 0x1e2e1000
[SKIP  ] bb_libhwui_2562fc_c2         reference: unsupported insn 0x1e2e1000
[PASS  ] bb_libhwui_256664_c0         (170 bytes x86)
[PASS  ] bb_libhwui_256664_c1         (170 bytes x86)
[PASS  ] bb_libhwui_256664_c2         (170 bytes x86)
[SKIP  ] bb_libhwui_256700_c0         reference: unsupported insn 0x1e2600a9
[SKIP  ] bb_libhwui_256700_c1         reference: unsupported insn 0x1e2600a9
[SKIP  ] bb_libhwui_256700_c2         reference: unsupported insn 0x1e2600a9
[SKIP  ] bb_libhwui_256720_c0         reference: unsupported insn 0x1e2600cb
[SKIP  ] bb_libhwui_256720_c1         reference: unsupported insn 0x1e2600cb
[SKIP  ] bb_libhwui_256720_c2         reference: unsupported insn 0x1e2600cb
[SKIP  ] bb_libhwui_256740_c0         reference: unsupported insn 0x1e26022c
[SKIP  ] bb_libhwui_256740_c1         reference: unsupported insn 0x1e26022c
[SKIP  ] bb_libhwui_256740_c2         reference: unsupported insn 0x1e26022c
[SKIP  ] bb_libhwui_256cf8_c0         reference: unsupported insn 0x4f9190e6
[SKIP  ] bb_libhwui_256cf8_c1         reference: unsupported insn 0x4f9190e6
[SKIP  ] bb_libhwui_256cf8_c2         reference: unsupported insn 0x4f9190e6
[PASS  ] bb_libhwui_256da8_c0         (398 bytes x86)
[PASS  ] bb_libhwui_256da8_c1         (398 bytes x86)
[PASS  ] bb_libhwui_256da8_c2         (398 bytes x86)
[PASS  ] bb_libhwui_25719c_c0         (398 bytes x86)
[PASS  ] bb_libhwui_25719c_c1         (398 bytes x86)
[PASS  ] bb_libhwui_25719c_c2         (398 bytes x86)
[PASS  ] bb_libhwui_2576bc_c0         (747 bytes x86)
[PASS  ] bb_libhwui_2576bc_c1         (747 bytes x86)
[PASS  ] bb_libhwui_2576bc_c2         (747 bytes x86)
[SKIP  ] bb_libhwui_257750_c0         reference: unsupported insn 0x1e2005c0
[SKIP  ] bb_libhwui_257750_c1         reference: unsupported insn 0x1e2005c0
[SKIP  ] bb_libhwui_257750_c2         reference: unsupported insn 0x1e2005c0
[PASS  ] bb_libhwui_257b2c_c0         (175 bytes x86)
[PASS  ] bb_libhwui_257b2c_c1         (175 bytes x86)
[PASS  ] bb_libhwui_257b2c_c2         (175 bytes x86)
[SKIP  ] bb_libhwui_257d30_c0         reference: unsupported insn 0x1e2e1008
[SKIP  ] bb_libhwui_257d30_c1         reference: unsupported insn 0x1e2e1008
[SKIP  ] bb_libhwui_257d30_c2         reference: unsupported insn 0x1e2e1008
[SKIP  ] bb_libhwui_257e68_c0         reference: unsupported insn 0x4f969076
[SKIP  ] bb_libhwui_257e68_c1         reference: unsupported insn 0x4f969076
[SKIP  ] bb_libhwui_257e68_c2         reference: unsupported insn 0x4f969076
[PASS  ] bb_libhwui_257e88_c0         (432 bytes x86)
[PASS  ] bb_libhwui_257e88_c1         (432 bytes x86)
[PASS  ] bb_libhwui_257e88_c2         (432 bytes x86)
[PASS  ] bb_libhwui_257ea8_c0         (353 bytes x86)
[PASS  ] bb_libhwui_257ea8_c1         (353 bytes x86)
[PASS  ] bb_libhwui_257ea8_c2         (353 bytes x86)
[SKIP  ] bb_libhwui_258018_c0         reference: unsupported insn 0x2f00e400
[SKIP  ] bb_libhwui_258018_c1         reference: unsupported insn 0x2f00e400
[SKIP  ] bb_libhwui_258018_c2         reference: unsupported insn 0x2f00e400
[SKIP  ] bb_libhwui_258308_c0         reference: unsupported insn 0x1e2e1008
[SKIP  ] bb_libhwui_258308_c1         reference: unsupported insn 0x1e2e1008
[SKIP  ] bb_libhwui_258308_c2         reference: unsupported insn 0x1e2e1008
[PASS  ] bb_libhwui_2587f0_c0         (394 bytes x86)
[PASS  ] bb_libhwui_2587f0_c1         (394 bytes x86)
[PASS  ] bb_libhwui_2587f0_c2         (394 bytes x86)
[SKIP  ] bb_libhwui_25881c_c0         reference: unsupported insn 0x2f056622
[SKIP  ] bb_libhwui_25881c_c1         reference: unsupported insn 0x2f056622
[SKIP  ] bb_libhwui_25881c_c2         reference: unsupported insn 0x2f056622
[SKIP  ] bb_libhwui_25883c_c0         reference: unsupported insn 0x2f016622
[SKIP  ] bb_libhwui_25883c_c1         reference: unsupported insn 0x2f016622
[SKIP  ] bb_libhwui_25883c_c2         reference: unsupported insn 0x2f016622
[SKIP  ] bb_libhwui_25885c_c0         reference: unsupported insn 0x9e660048
[SKIP  ] bb_libhwui_25885c_c1         reference: unsupported insn 0x9e660048
[SKIP  ] bb_libhwui_25885c_c2         reference: unsupported insn 0x9e660048
[PASS  ] bb_libhwui_258868_c0         (139 bytes x86)
[PASS  ] bb_libhwui_258868_c1         (139 bytes x86)
[PASS  ] bb_libhwui_258868_c2         (139 bytes x86)
[SKIP  ] bb_libhwui_2588c4_c0         reference: unsupported insn 0x5e0c0451
[SKIP  ] bb_libhwui_2588c4_c1         reference: unsupported insn 0x5e0c0451
[SKIP  ] bb_libhwui_2588c4_c2         reference: unsupported insn 0x5e0c0451
[SKIP  ] bb_libhwui_2588e4_c0         reference: unsupported insn 0x1e2600aa
[SKIP  ] bb_libhwui_2588e4_c1         reference: unsupported insn 0x1e2600aa
[SKIP  ] bb_libhwui_2588e4_c2         reference: unsupported insn 0x1e2600aa
[SKIP  ] bb_libhwui_258904_c0         reference: unsupported insn 0x1e26026c
[SKIP  ] bb_libhwui_258904_c1         reference: unsupported insn 0x1e26026c
[SKIP  ] bb_libhwui_258904_c2         reference: unsupported insn 0x1e26026c
[SKIP  ] bb_libhwui_258924_c0         reference: unsupported insn 0x1e26024a
[SKIP  ] bb_libhwui_258924_c1         reference: unsupported insn 0x1e26024a
[SKIP  ] bb_libhwui_258924_c2         reference: unsupported insn 0x1e26024a
[SKIP  ] bb_libhwui_2589cc_c0         reference: unsupported insn 0x1e260009
[SKIP  ] bb_libhwui_2589cc_c1         reference: unsupported insn 0x1e260009
[SKIP  ] bb_libhwui_2589cc_c2         reference: unsupported insn 0x1e260009
[PASS  ] bb_libhwui_258a0c_c0         (495 bytes x86)
[PASS  ] bb_libhwui_258a0c_c1         (495 bytes x86)
[PASS  ] bb_libhwui_258a0c_c2         (495 bytes x86)
[SKIP  ] bb_libhwui_258b98_c0         reference: unsupported insn 0x0f03f603
[SKIP  ] bb_libhwui_258b98_c1         reference: unsupported insn 0x0f03f603
[SKIP  ] bb_libhwui_258b98_c2         reference: unsupported insn 0x0f03f603
[SKIP  ] bb_libhwui_258bb4_c0         reference: unsupported insn 0x5e0c0485
[SKIP  ] bb_libhwui_258bb4_c1         reference: unsupported insn 0x5e0c0485
[SKIP  ] bb_libhwui_258bb4_c2         reference: unsupported insn 0x5e0c0485
[PASS  ] bb_libhwui_258cac_c0         (99 bytes x86)
[PASS  ] bb_libhwui_258cac_c1         (99 bytes x86)
[PASS  ] bb_libhwui_258cac_c2         (99 bytes x86)
[SKIP  ] bb_libhwui_258cb8_c0         reference: unsupported insn 0x5e0c04d2
[SKIP  ] bb_libhwui_258cb8_c1         reference: unsupported insn 0x5e0c04d2
[SKIP  ] bb_libhwui_258cb8_c2         reference: unsupported insn 0x5e0c04d2
[SKIP  ] bb_libhwui_258cd8_c0         reference: unsupported insn 0x2f00e416
[SKIP  ] bb_libhwui_258cd8_c1         reference: unsupported insn 0x2f00e416
[SKIP  ] bb_libhwui_258cd8_c2         reference: unsupported insn 0x2f00e416
[PASS  ] bb_libhwui_258cf8_c0         (229 bytes x86)
[PASS  ] bb_libhwui_258cf8_c1         (229 bytes x86)
[PASS  ] bb_libhwui_258cf8_c2         (229 bytes x86)
[SKIP  ] bb_libhwui_258d08_c0         reference: unsupported insn 0x5e0c04c4
[SKIP  ] bb_libhwui_258d08_c1         reference: unsupported insn 0x5e0c04c4
[SKIP  ] bb_libhwui_258d08_c2         reference: unsupported insn 0x5e0c04c4
[PASS  ] bb_libhwui_258d28_c0         (423 bytes x86)
[PASS  ] bb_libhwui_258d28_c1         (423 bytes x86)
[PASS  ] bb_libhwui_258d28_c2         (423 bytes x86)
[SKIP  ] bb_libhwui_258d48_c0         reference: unsupported insn 0x2f00e402
[SKIP  ] bb_libhwui_258d48_c1         reference: unsupported insn 0x2f00e402
[SKIP  ] bb_libhwui_258d48_c2         reference: unsupported insn 0x2f00e402
[SKIP  ] bb_libhwui_258f18_c0         reference: unsupported insn 0x2f056622
[SKIP  ] bb_libhwui_258f18_c1         reference: unsupported insn 0x2f056622
[SKIP  ] bb_libhwui_258f18_c2         reference: unsupported insn 0x2f056622
[PASS  ] bb_libhwui_2590f4_c0         (174 bytes x86)
[PASS  ] bb_libhwui_2590f4_c1         (174 bytes x86)
[PASS  ] bb_libhwui_2590f4_c2         (174 bytes x86)
[SKIP  ] bb_libhwui_259100_c0         reference: unsupported insn 0x1e260068
[SKIP  ] bb_libhwui_259100_c1         reference: unsupported insn 0x1e260068
[SKIP  ] bb_libhwui_259100_c2         reference: unsupported insn 0x1e260068
[SKIP  ] bb_libhwui_259114_c0         reference: unsupported insn 0x5e0c0442
[SKIP  ] bb_libhwui_259114_c1         reference: unsupported insn 0x5e0c0442
[SKIP  ] bb_libhwui_259114_c2         reference: unsupported insn 0x5e0c0442
[SKIP  ] bb_libhwui_259124_c0         reference: unsupported insn 0x1e260028
[SKIP  ] bb_libhwui_259124_c1         reference: unsupported insn 0x1e260028
[SKIP  ] bb_libhwui_259124_c2         reference: unsupported insn 0x1e260028
[SKIP  ] bb_libhwui_259134_c0         reference: unsupported insn 0x5e140401
[SKIP  ] bb_libhwui_259134_c1         reference: unsupported insn 0x5e140401
[SKIP  ] bb_libhwui_259134_c2         reference: unsupported insn 0x5e140401
[SKIP  ] bb_libhwui_259154_c0         reference: unsupported insn 0x5e0c0401
[SKIP  ] bb_libhwui_259154_c1         reference: unsupported insn 0x5e0c0401
[SKIP  ] bb_libhwui_259154_c2         reference: unsupported insn 0x5e0c0401
[SKIP  ] bb_libhwui_259168_c0         reference: unsupported insn 0x1e260008
[SKIP  ] bb_libhwui_259168_c1         reference: unsupported insn 0x1e260008
[SKIP  ] bb_libhwui_259168_c2         reference: unsupported insn 0x1e260008
[PASS  ] bb_libhwui_259218_c0         (368 bytes x86)
[PASS  ] bb_libhwui_259218_c1         (368 bytes x86)
[PASS  ] bb_libhwui_259218_c2         (368 bytes x86)
[SKIP  ] bb_libhwui_259238_c0         reference: unsupported insn 0x0e617a94
[SKIP  ] bb_libhwui_259238_c1         reference: unsupported insn 0x0e617a94
[SKIP  ] bb_libhwui_259238_c2         reference: unsupported insn 0x0e617a94
[SKIP  ] bb_libhwui_259258_c0         reference: unsupported insn 0x0e617ab5
[SKIP  ] bb_libhwui_259258_c1         reference: unsupported insn 0x0e617ab5
[SKIP  ] bb_libhwui_259258_c2         reference: unsupported insn 0x0e617ab5
[SKIP  ] bb_libhwui_259278_c0         reference: unsupported insn 0x5e180655
[SKIP  ] bb_libhwui_259278_c1         reference: unsupported insn 0x5e180655
[SKIP  ] bb_libhwui_259278_c2         reference: unsupported insn 0x5e180655
[SKIP  ] bb_libhwui_259454_c0         reference: unsupported insn 0x6f00e400
[SKIP  ] bb_libhwui_259454_c1         reference: unsupported insn 0x6f00e400
[SKIP  ] bb_libhwui_259454_c2         reference: unsupported insn 0x6f00e400
[SKIP  ] bb_libhwui_259488_c0         reference: unsupported insn 0x2f00e402
[SKIP  ] bb_libhwui_259488_c1         reference: unsupported insn 0x2f00e402
[SKIP  ] bb_libhwui_259488_c2         reference: unsupported insn 0x2f00e402
[PASS  ] bb_libhwui_2597dc_c0         (398 bytes x86)
[PASS  ] bb_libhwui_2597dc_c1         (398 bytes x86)
[PASS  ] bb_libhwui_2597dc_c2         (398 bytes x86)
[PASS  ] bb_libhwui_259aa0_c0         (93 bytes x86)
[PASS  ] bb_libhwui_259aa0_c1         (93 bytes x86)
[PASS  ] bb_libhwui_259aa0_c2         (93 bytes x86)
[SKIP  ] bb_libhwui_259aac_c0         reference: unsupported insn 0x0ea008d6
[SKIP  ] bb_libhwui_259aac_c1         reference: unsupported insn 0x0ea008d6
[SKIP  ] bb_libhwui_259aac_c2         reference: unsupported insn 0x0ea008d6
[SKIP  ] bb_libhwui_259acc_c0         reference: unsupported insn 0x5fa690d6
[SKIP  ] bb_libhwui_259acc_c1         reference: unsupported insn 0x5fa690d6
[SKIP  ] bb_libhwui_259acc_c2         reference: unsupported insn 0x5fa690d6
[PASS  ] bb_libhwui_259aec_c0         (434 bytes x86)
[PASS  ] bb_libhwui_259aec_c1         (434 bytes x86)
[PASS  ] bb_libhwui_259aec_c2         (434 bytes x86)
[SKIP  ] bb_libhwui_259b0c_c0         reference: unsupported insn 0x5fa69066
[SKIP  ] bb_libhwui_259b0c_c1         reference: unsupported insn 0x5fa69066
[SKIP  ] bb_libhwui_259b0c_c2         reference: unsupported insn 0x5fa69066
[SKIP  ] bb_libhwui_259b2c_c0         reference: unsupported insn 0x4e617a31
[SKIP  ] bb_libhwui_259b2c_c1         reference: unsupported insn 0x4e617a31
[SKIP  ] bb_libhwui_259b2c_c2         reference: unsupported insn 0x4e617a31
[SKIP  ] bb_libhwui_259b4c_c0         reference: unsupported insn 0x0e6168c4
[SKIP  ] bb_libhwui_259b4c_c1         reference: unsupported insn 0x0e6168c4
[SKIP  ] bb_libhwui_259b4c_c2         reference: unsupported insn 0x0e6168c4
[SKIP  ] bb_libhwui_259e84_c0         reference: unsupported insn 0x2f00e404
[SKIP  ] bb_libhwui_259e84_c1         reference: unsupported insn 0x2f00e404
[SKIP  ] bb_libhwui_259e84_c2         reference: unsupported insn 0x2f00e404
[PASS  ] bb_libhwui_259ec0_c0         (549 bytes x86)
[PASS  ] bb_libhwui_259ec0_c1         (549 bytes x86)
[PASS  ] bb_libhwui_259ec0_c2         (549 bytes x86)
[SKIP  ] bb_libhwui_25b0a4_c0         reference: unsupported insn 0x4f829004
[SKIP  ] bb_libhwui_25b0a4_c1         reference: unsupported insn 0x4f829004
[SKIP  ] bb_libhwui_25b0a4_c2         reference: unsupported insn 0x4f829004
[PASS  ] bb_libhwui_25b0e4_c0         (178 bytes x86)
[PASS  ] bb_libhwui_25b0e4_c1         (178 bytes x86)
[PASS  ] bb_libhwui_25b0e4_c2         (178 bytes x86)
[SKIP  ] bb_libhwui_25bb6c_c0         reference: unsupported insn 0x5e1404e0
[SKIP  ] bb_libhwui_25bb6c_c1         reference: unsupported insn 0x5e1404e0
[SKIP  ] bb_libhwui_25bb6c_c2         reference: unsupported insn 0x5e1404e0
[SKIP  ] bb_libhwui_25bb78_c0         reference: unsupported insn 0x5e0c04e2
[SKIP  ] bb_libhwui_25bb78_c1         reference: unsupported insn 0x5e0c04e2
[SKIP  ] bb_libhwui_25bb78_c2         reference: unsupported insn 0x5e0c04e2
[SKIP  ] bb_libhwui_25bc0c_c0         reference: unsupported insn 0x5e1404e0
[SKIP  ] bb_libhwui_25bc0c_c1         reference: unsupported insn 0x5e1404e0
[SKIP  ] bb_libhwui_25bc0c_c2         reference: unsupported insn 0x5e1404e0
[SKIP  ] bb_libhwui_25bc50_c0         reference: unsupported insn 0x2f00e400
[SKIP  ] bb_libhwui_25bc50_c1         reference: unsupported insn 0x2f00e400
[SKIP  ] bb_libhwui_25bc50_c2         reference: unsupported insn 0x2f00e400
[SKIP  ] bb_libhwui_25bd9c_c0         reference: unsupported insn 0x5e0c04e0
[SKIP  ] bb_libhwui_25bd9c_c1         reference: unsupported insn 0x5e0c04e0
[SKIP  ] bb_libhwui_25bd9c_c2         reference: unsupported insn 0x5e0c04e0
[SKIP  ] bb_libhwui_25bdac_c0         reference: unsupported insn 0x2f00e403
[SKIP  ] bb_libhwui_25bdac_c1         reference: unsupported insn 0x2f00e403
[SKIP  ] bb_libhwui_25bdac_c2         reference: unsupported insn 0x2f00e403
[PASS  ] bb_libhwui_25c0a0_c0         (375 bytes x86)
[PASS  ] bb_libhwui_25c0a0_c1         (375 bytes x86)
[PASS  ] bb_libhwui_25c0a0_c2         (375 bytes x86)
[SKIP  ] bb_libhwui_25c544_c0         reference: unsupported insn 0x0ea00865
[SKIP  ] bb_libhwui_25c544_c1         reference: unsupported insn 0x0ea00865
[SKIP  ] bb_libhwui_25c544_c2         reference: unsupported insn 0x0ea00865
[PASS  ] bb_libhwui_25ce30_c0         (233 bytes x86)
[PASS  ] bb_libhwui_25ce30_c1         (233 bytes x86)
[PASS  ] bb_libhwui_25ce30_c2         (233 bytes x86)
[PASS  ] bb_libhwui_25d090_c0         (394 bytes x86)
[PASS  ] bb_libhwui_25d090_c1         (394 bytes x86)
[PASS  ] bb_libhwui_25d090_c2         (394 bytes x86)
[SKIP  ] bb_libhwui_25d0cc_c0         reference: unsupported insn 0x2f056622
[SKIP  ] bb_libhwui_25d0cc_c1         reference: unsupported insn 0x2f056622
[SKIP  ] bb_libhwui_25d0cc_c2         reference: unsupported insn 0x2f056622
[SKIP  ] bb_libhwui_25d0ec_c0         reference: unsupported insn 0x2f016622
[SKIP  ] bb_libhwui_25d0ec_c1         reference: unsupported insn 0x2f016622
[SKIP  ] bb_libhwui_25d0ec_c2         reference: unsupported insn 0x2f016622
[SKIP  ] bb_libhwui_25d12c_c0         reference: unsupported insn 0x2f00e402
[SKIP  ] bb_libhwui_25d12c_c1         reference: unsupported insn 0x2f00e402
[SKIP  ] bb_libhwui_25d12c_c2         reference: unsupported insn 0x2f00e402
[PASS  ] bb_libhwui_25d3dc_c0         (139 bytes x86)
[PASS  ] bb_libhwui_25d3dc_c1         (139 bytes x86)
[PASS  ] bb_libhwui_25d3dc_c2         (139 bytes x86)
[PASS  ] bb_libhwui_25d71c_c0         (394 bytes x86)
[PASS  ] bb_libhwui_25d71c_c1         (394 bytes x86)
[PASS  ] bb_libhwui_25d71c_c2         (394 bytes x86)
[SKIP  ] bb_libhwui_25da7c_c0         reference: unsupported insn 0x2f00e400
[SKIP  ] bb_libhwui_25da7c_c1         reference: unsupported insn 0x2f00e400
[SKIP  ] bb_libhwui_25da7c_c2         reference: unsupported insn 0x2f00e400
[PASS  ] bb_libhwui_25ddac_c0         (185 bytes x86)
[PASS  ] bb_libhwui_25ddac_c1         (185 bytes x86)
[PASS  ] bb_libhwui_25ddac_c2         (185 bytes x86)
[SKIP  ] bb_libhwui_25df0c_c0         reference: unsupported insn 0x6f00e400
[SKIP  ] bb_libhwui_25df0c_c1         reference: unsupported insn 0x6f00e400
[SKIP  ] bb_libhwui_25df0c_c2         reference: unsupported insn 0x6f00e400
[PASS  ] bb_libhwui_25df48_c0         (165 bytes x86)
[PASS  ] bb_libhwui_25df48_c1         (165 bytes x86)
[PASS  ] bb_libhwui_25df48_c2         (165 bytes x86)
[PASS  ] bb_libhwui_25fcdc_c0         (301 bytes x86)
[PASS  ] bb_libhwui_25fcdc_c1         (301 bytes x86)
[PASS  ] bb_libhwui_25fcdc_c2         (301 bytes x86)
[SKIP  ] bb_libhwui_2603a0_c0         reference: unsupported insn 0x4f829002
[SKIP  ] bb_libhwui_2603a0_c1         reference: unsupported insn 0x4f829002
[SKIP  ] bb_libhwui_2603a0_c2         reference: unsupported insn 0x4f829002
[SKIP  ] bb_libhwui_261188_c0         reference: unsupported insn 0x1e6f1000
[SKIP  ] bb_libhwui_261188_c1         reference: unsupported insn 0x1e6f1000
[SKIP  ] bb_libhwui_261188_c2         reference: unsupported insn 0x1e6f1000
[SKIP  ] bb_libhwui_264e94_c0         reference: unsupported insn 0x2f00e401
[SKIP  ] bb_libhwui_264e94_c1         reference: unsupported insn 0x2f00e401
[SKIP  ] bb_libhwui_264e94_c2         reference: unsupported insn 0x2f00e401
[PASS  ] bb_libhwui_264eb4_c0         (533 bytes x86)
[PASS  ] bb_libhwui_264eb4_c1         (533 bytes x86)
[PASS  ] bb_libhwui_264eb4_c2         (533 bytes x86)
[PASS  ] bb_libhwui_265410_c0         (753 bytes x86)
[PASS  ] bb_libhwui_265410_c1         (753 bytes x86)
[PASS  ] bb_libhwui_265410_c2         (753 bytes x86)
[PASS  ] bb_libhwui_26561c_c0         (226 bytes x86)
[PASS  ] bb_libhwui_26561c_c1         (226 bytes x86)
[PASS  ] bb_libhwui_26561c_c2         (226 bytes x86)
[PASS  ] bb_libhwui_26562c_c0         (226 bytes x86)
[PASS  ] bb_libhwui_26562c_c1         (226 bytes x86)
[PASS  ] bb_libhwui_26562c_c2         (226 bytes x86)
[PASS  ] bb_libhwui_2657c8_c0         (287 bytes x86)
[PASS  ] bb_libhwui_2657c8_c1         (287 bytes x86)
[PASS  ] bb_libhwui_2657c8_c2         (287 bytes x86)
[PASS  ] bb_libhwui_265c0c_c0         (458 bytes x86)
[PASS  ] bb_libhwui_265c0c_c1         (458 bytes x86)
[PASS  ] bb_libhwui_265c0c_c2         (458 bytes x86)
[PASS  ] bb_libhwui_265c2c_c0         (390 bytes x86)
[PASS  ] bb_libhwui_265c2c_c1         (390 bytes x86)
[PASS  ] bb_libhwui_265c2c_c2         (390 bytes x86)
[PASS  ] bb_libhwui_265ca0_c0         (359 bytes x86)
[PASS  ] bb_libhwui_265ca0_c1         (359 bytes x86)
[PASS  ] bb_libhwui_265ca0_c2         (359 bytes x86)
[PASS  ] bb_libhwui_265cc0_c0         (197 bytes x86)
[PASS  ] bb_libhwui_265cc0_c1         (197 bytes x86)
[PASS  ] bb_libhwui_265cc0_c2         (197 bytes x86)
[SKIP  ] bb_libhwui_265cd4_c0         reference: unsupported insn 0x2f00e402
[SKIP  ] bb_libhwui_265cd4_c1         reference: unsupported insn 0x2f00e402
[SKIP  ] bb_libhwui_265cd4_c2         reference: unsupported insn 0x2f00e402
[PASS  ] bb_libhwui_265e78_c0         (446 bytes x86)
[PASS  ] bb_libhwui_265e78_c1         (446 bytes x86)
[PASS  ] bb_libhwui_265e78_c2         (446 bytes x86)
[PASS  ] bb_libhwui_265e98_c0         (527 bytes x86)
[PASS  ] bb_libhwui_265e98_c1         (527 bytes x86)
[PASS  ] bb_libhwui_265e98_c2         (527 bytes x86)
[PASS  ] bb_libhwui_265eb8_c0         (181 bytes x86)
[PASS  ] bb_libhwui_265eb8_c1         (181 bytes x86)
[PASS  ] bb_libhwui_265eb8_c2         (181 bytes x86)
[PASS  ] bb_libhwui_265f20_c0         (359 bytes x86)
[PASS  ] bb_libhwui_265f20_c1         (359 bytes x86)
[PASS  ] bb_libhwui_265f20_c2         (359 bytes x86)
[PASS  ] bb_libhwui_265f40_c0         (475 bytes x86)
[PASS  ] bb_libhwui_265f40_c1         (475 bytes x86)
[PASS  ] bb_libhwui_265f40_c2         (475 bytes x86)
[PASS  ] bb_libhwui_265fd4_c0         (181 bytes x86)
[PASS  ] bb_libhwui_265fd4_c1         (181 bytes x86)
[PASS  ] bb_libhwui_265fd4_c2         (181 bytes x86)
[SKIP  ] bb_libhwui_2660e8_c0         reference: unsupported insn 0x2f00e402
[SKIP  ] bb_libhwui_2660e8_c1         reference: unsupported insn 0x2f00e402
[SKIP  ] bb_libhwui_2660e8_c2         reference: unsupported insn 0x2f00e402
[PASS  ] bb_libhwui_266308_c0         (645 bytes x86)
[PASS  ] bb_libhwui_266308_c1         (645 bytes x86)
[PASS  ] bb_libhwui_266308_c2         (645 bytes x86)
[SKIP  ] bb_libhwui_266384_c0         reference: unsupported insn 0x0e6178e7
[SKIP  ] bb_libhwui_266384_c1         reference: unsupported insn 0x0e6178e7
[SKIP  ] bb_libhwui_266384_c2         reference: unsupported insn 0x0e6178e7
[SKIP  ] bb_libhwui_2663c4_c0         reference: unsupported insn 0x0e616840
[SKIP  ] bb_libhwui_2663c4_c1         reference: unsupported insn 0x0e616840
[SKIP  ] bb_libhwui_2663c4_c2         reference: unsupported insn 0x0e616840
[PASS  ] bb_libhwui_266534_c0         (747 bytes x86)
[PASS  ] bb_libhwui_266534_c1         (747 bytes x86)
[PASS  ] bb_libhwui_266534_c2         (747 bytes x86)
[PASS  ] bb_libhwui_2665d0_c0         (388 bytes x86)
[PASS  ] bb_libhwui_2665d0_c1         (388 bytes x86)
[PASS  ] bb_libhwui_2665d0_c2         (388 bytes x86)
[PASS  ] bb_libhwui_2665f0_c0         (350 bytes x86)
[PASS  ] bb_libhwui_2665f0_c1         (350 bytes x86)
[PASS  ] bb_libhwui_2665f0_c2         (350 bytes x86)
[PASS  ] bb_libhwui_266650_c0         (334 bytes x86)
[PASS  ] bb_libhwui_266650_c1         (334 bytes x86)
[PASS  ] bb_libhwui_266650_c2         (334 bytes x86)
[SKIP  ] bb_libhwui_266670_c0         reference: unsupported insn 0x5fa49224
[SKIP  ] bb_libhwui_266670_c1         reference: unsupported insn 0x5fa49224
[SKIP  ] bb_libhwui_266670_c2         reference: unsupported insn 0x5fa49224
[PASS  ] bb_libhwui_266690_c0         (107 bytes x86)
[PASS  ] bb_libhwui_266690_c1         (107 bytes x86)
[PASS  ] bb_libhwui_266690_c2         (107 bytes x86)
[PASS  ] bb_libhwui_2668a4_c0         (212 bytes x86)
[PASS  ] bb_libhwui_2668a4_c1         (212 bytes x86)
[PASS  ] bb_libhwui_2668a4_c2         (212 bytes x86)
[PASS  ] bb_libhwui_266940_c0         (158 bytes x86)
[PASS  ] bb_libhwui_266940_c1         (158 bytes x86)
[PASS  ] bb_libhwui_266940_c2         (158 bytes x86)
[PASS  ] bb_libhwui_266b18_c0         (153 bytes x86)
[PASS  ] bb_libhwui_266b18_c1         (153 bytes x86)
[PASS  ] bb_libhwui_266b18_c2         (153 bytes x86)
[PASS  ] bb_libhwui_266b48_c0         (104 bytes x86)
[PASS  ] bb_libhwui_266b48_c1         (104 bytes x86)
[PASS  ] bb_libhwui_266b48_c2         (104 bytes x86)
[PASS  ] bb_libhwui_266b74_c0         (207 bytes x86)
[PASS  ] bb_libhwui_266b74_c1         (207 bytes x86)
[PASS  ] bb_libhwui_266b74_c2         (207 bytes x86)
[PASS  ] bb_libhwui_266ba8_c0         (207 bytes x86)
[PASS  ] bb_libhwui_266ba8_c1         (207 bytes x86)
[PASS  ] bb_libhwui_266ba8_c2         (207 bytes x86)
[PASS  ] bb_libhwui_266bdc_c0         (207 bytes x86)
[PASS  ] bb_libhwui_266bdc_c1         (207 bytes x86)
[PASS  ] bb_libhwui_266bdc_c2         (207 bytes x86)
[PASS  ] bb_libhwui_266c10_c0         (153 bytes x86)
[PASS  ] bb_libhwui_266c10_c1         (153 bytes x86)
[PASS  ] bb_libhwui_266c10_c2         (153 bytes x86)
[PASS  ] bb_libhwui_266c40_c0         (104 bytes x86)
[PASS  ] bb_libhwui_266c40_c1         (104 bytes x86)
[PASS  ] bb_libhwui_266c40_c2         (104 bytes x86)
[PASS  ] bb_libhwui_266c6c_c0         (104 bytes x86)
[PASS  ] bb_libhwui_266c6c_c1         (104 bytes x86)
[PASS  ] bb_libhwui_266c6c_c2         (104 bytes x86)
[PASS  ] bb_libhwui_266d3c_c0         (252 bytes x86)
[PASS  ] bb_libhwui_266d3c_c1         (252 bytes x86)
[PASS  ] bb_libhwui_266d3c_c2         (252 bytes x86)
[PASS  ] bb_libhwui_266ef8_c0         (252 bytes x86)
[PASS  ] bb_libhwui_266ef8_c1         (252 bytes x86)
[PASS  ] bb_libhwui_266ef8_c2         (252 bytes x86)
[SKIP  ] bb_libhwui_267348_c0         reference: unsupported insn 0x1e03f328
[SKIP  ] bb_libhwui_267348_c1         reference: unsupported insn 0x1e03f328
[SKIP  ] bb_libhwui_267348_c2         reference: unsupported insn 0x1e03f328
[PASS  ] bb_libhwui_2674d0_c0         (181 bytes x86)
[PASS  ] bb_libhwui_2674d0_c1         (181 bytes x86)
[PASS  ] bb_libhwui_2674d0_c2         (181 bytes x86)
[PASS  ] bb_libhwui_267a3c_c0         (88 bytes x86)
[PASS  ] bb_libhwui_267a3c_c1         (88 bytes x86)
[PASS  ] bb_libhwui_267a3c_c2         (88 bytes x86)
[PASS  ] bb_libhwui_267a48_c0         (287 bytes x86)
[PASS  ] bb_libhwui_267a48_c1         (287 bytes x86)
[PASS  ] bb_libhwui_267a48_c2         (287 bytes x86)
[SKIP  ] bb_libhwui_267dc8_c0         reference: unsupported insn 0x5e0c0421
[SKIP  ] bb_libhwui_267dc8_c1         reference: unsupported insn 0x5e0c0421
[SKIP  ] bb_libhwui_267dc8_c2         reference: unsupported insn 0x5e0c0421
[SKIP  ] bb_libhwui_267f00_c0         reference: unsupported insn 0x0f026466
[SKIP  ] bb_libhwui_267f00_c1         reference: unsupported insn 0x0f026466
[SKIP  ] bb_libhwui_267f00_c2         reference: unsupported insn 0x0f026466
[PASS  ] bb_libhwui_26830c_c0         (162 bytes x86)
[PASS  ] bb_libhwui_26830c_c1         (162 bytes x86)
[PASS  ] bb_libhwui_26830c_c2         (162 bytes x86)
[PASS  ] bb_libhwui_26984c_c0         (412 bytes x86)
[PASS  ] bb_libhwui_26984c_c1         (412 bytes x86)
[PASS  ] bb_libhwui_26984c_c2         (412 bytes x86)
[SKIP  ] bb_libhwui_26986c_c0         reference: unsupported insn 0x6e613a54
[SKIP  ] bb_libhwui_26986c_c1         reference: unsupported insn 0x6e613a54
[SKIP  ] bb_libhwui_26986c_c2         reference: unsupported insn 0x6e613a54
[SKIP  ] bb_libhwui_26988c_c0         reference: unsupported insn 0x2e613a33
[SKIP  ] bb_libhwui_26988c_c1         reference: unsupported insn 0x2e613a33
[SKIP  ] bb_libhwui_26988c_c2         reference: unsupported insn 0x2e613a33
[SKIP  ] bb_libhwui_269a20_c0         reference: unsupported insn 0x1e6c1002
[SKIP  ] bb_libhwui_269a20_c1         reference: unsupported insn 0x1e6c1002
[SKIP  ] bb_libhwui_269a20_c2         reference: unsupported insn 0x1e6c1002
[SKIP  ] bb_libhwui_269a40_c0         reference: unsupported insn 0x0e616800
[SKIP  ] bb_libhwui_269a40_c1         reference: unsupported insn 0x0e616800
[SKIP  ] bb_libhwui_269a40_c2         reference: unsupported insn 0x0e616800
[SKIP  ] bb_libhwui_269ac4_c0         reference: unsupported insn 0x0e617800
[SKIP  ] bb_libhwui_269ac4_c1         reference: unsupported insn 0x0e617800
[SKIP  ] bb_libhwui_269ac4_c2         reference: unsupported insn 0x0e617800
[SKIP  ] bb_libhwui_269ae4_c0         reference: unsupported insn 0x2f056622
[SKIP  ] bb_libhwui_269ae4_c1         reference: unsupported insn 0x2f056622
[SKIP  ] bb_libhwui_269ae4_c2         reference: unsupported insn 0x2f056622
[SKIP  ] bb_libhwui_269b04_c0         reference: unsupported insn 0x2f016622
[SKIP  ] bb_libhwui_269b04_c1         reference: unsupported insn 0x2f016622
[SKIP  ] bb_libhwui_269b04_c2         reference: unsupported insn 0x2f016622
[SKIP  ] bb_libhwui_26aadc_c0         reference: unsupported insn 0x1e6c1001
[SKIP  ] bb_libhwui_26aadc_c1         reference: unsupported insn 0x1e6c1001
[SKIP  ] bb_libhwui_26aadc_c2         reference: unsupported insn 0x1e6c1001
[SKIP  ] bb_libhwui_26ab60_c0         reference: unsupported insn 0x1e270101
[SKIP  ] bb_libhwui_26ab60_c1         reference: unsupported insn 0x1e270101
[SKIP  ] bb_libhwui_26ab60_c2         reference: unsupported insn 0x1e270101
[SKIP  ] bb_libhwui_26abc0_c0         reference: unsupported insn 0x1e270101
[SKIP  ] bb_libhwui_26abc0_c1         reference: unsupported insn 0x1e270101
[SKIP  ] bb_libhwui_26abc0_c2         reference: unsupported insn 0x1e270101
[SKIP  ] bb_libhwui_26bd74_c0         reference: unsupported insn 0x0e617863
[SKIP  ] bb_libhwui_26bd74_c1         reference: unsupported insn 0x0e617863
[SKIP  ] bb_libhwui_26bd74_c2         reference: unsupported insn 0x0e617863
[SKIP  ] bb_libhwui_26bdb4_c0         reference: unsupported insn 0x0ea00821
[SKIP  ] bb_libhwui_26bdb4_c1         reference: unsupported insn 0x0ea00821
[SKIP  ] bb_libhwui_26bdb4_c2         reference: unsupported insn 0x0ea00821
[PASS  ] bb_libhwui_26bddc_c0         (368 bytes x86)
[PASS  ] bb_libhwui_26bddc_c1         (368 bytes x86)
[PASS  ] bb_libhwui_26bddc_c2         (368 bytes x86)
[SKIP  ] bb_libhwui_26bdfc_c0         reference: unsupported insn 0x1e260069
[SKIP  ] bb_libhwui_26bdfc_c1         reference: unsupported insn 0x1e260069
[SKIP  ] bb_libhwui_26bdfc_c2         reference: unsupported insn 0x1e260069
[SKIP  ] bb_libhwui_26be24_c0         reference: unsupported insn 0x4e21d803
[SKIP  ] bb_libhwui_26be24_c1         reference: unsupported insn 0x4e21d803
[SKIP  ] bb_libhwui_26be24_c2         reference: unsupported insn 0x4e21d803
[SKIP  ] bb_libhwui_26be44_c0         reference: unsupported insn 0x1e260048
[SKIP  ] bb_libhwui_26be44_c1         reference: unsupported insn 0x1e260048
[SKIP  ] bb_libhwui_26be44_c2         reference: unsupported insn 0x1e260048
[SKIP  ] bb_libhwui_26be58_c0         reference: unsupported insn 0x9e660028
[SKIP  ] bb_libhwui_26be58_c1         reference: unsupported insn 0x9e660028
[SKIP  ] bb_libhwui_26be58_c2         reference: unsupported insn 0x9e660028
[SKIP  ] bb_libhwui_26c508_c0         reference: unsupported insn 0x1e6c1005
[SKIP  ] bb_libhwui_26c508_c1         reference: unsupported insn 0x1e6c1005
[SKIP  ] bb_libhwui_26c508_c2         reference: unsupported insn 0x1e6c1005
[SKIP  ] bb_libhwui_26c528_c0         reference: unsupported insn 0x5e0c0463
[SKIP  ] bb_libhwui_26c528_c1         reference: unsupported insn 0x5e0c0463
[SKIP  ] bb_libhwui_26c528_c2         reference: unsupported insn 0x5e0c0463
[SKIP  ] bb_libhwui_26c548_c0         reference: unsupported insn 0x1e6c1006
[SKIP  ] bb_libhwui_26c548_c1         reference: unsupported insn 0x1e6c1006
[SKIP  ] bb_libhwui_26c548_c2         reference: unsupported insn 0x1e6c1006
[PASS  ] bb_libhwui_26c77c_c0         (337 bytes x86)
[PASS  ] bb_libhwui_26c77c_c1         (337 bytes x86)
[PASS  ] bb_libhwui_26c77c_c2         (337 bytes x86)
[PASS  ] bb_libhwui_26c78c_c0         (265 bytes x86)
[PASS  ] bb_libhwui_26c78c_c1         (265 bytes x86)
[PASS  ] bb_libhwui_26c78c_c2         (265 bytes x86)
[PASS  ] bb_libhwui_26e868_c0         (169 bytes x86)
[PASS  ] bb_libhwui_26e868_c1         (169 bytes x86)
[PASS  ] bb_libhwui_26e868_c2         (169 bytes x86)
[SKIP  ] bb_libhwui_26e874_c0         reference: unsupported insn 0x2f00e40a
[SKIP  ] bb_libhwui_26e874_c1         reference: unsupported insn 0x2f00e40a
[SKIP  ] bb_libhwui_26e874_c2         reference: unsupported insn 0x2f00e40a
[PASS  ] bb_libhwui_26e8c4_c0         (170 bytes x86)
[PASS  ] bb_libhwui_26e8c4_c1         (170 bytes x86)
[PASS  ] bb_libhwui_26e8c4_c2         (170 bytes x86)
[SKIP  ] bb_libhwui_26e8d0_c0         reference: unsupported insn 0x2f00e408
[SKIP  ] bb_libhwui_26e8d0_c1         reference: unsupported insn 0x2f00e408
[SKIP  ] bb_libhwui_26e8d0_c2         reference: unsupported insn 0x2f00e408
[SKIP  ] bb_libhwui_26e9cc_c0         reference: unsupported insn 0x1e2e1000
[SKIP  ] bb_libhwui_26e9cc_c1         reference: unsupported insn 0x1e2e1000
[SKIP  ] bb_libhwui_26e9cc_c2         reference: unsupported insn 0x1e2e1000
[SKIP  ] bb_libhwui_26ec58_c0         reference: unsupported insn 0x1e270000
[SKIP  ] bb_libhwui_26ec58_c1         reference: unsupported insn 0x1e270000
[SKIP  ] bb_libhwui_26ec58_c2         reference: unsupported insn 0x1e270000
[SKIP  ] bb_libhwui_26ec80_c0         reference: unsupported insn 0x1e270140
[SKIP  ] bb_libhwui_26ec80_c1         reference: unsupported insn 0x1e270140
[SKIP  ] bb_libhwui_26ec80_c2         reference: unsupported insn 0x1e270140
[SKIP  ] bb_libhwui_26ecd8_c0         reference: unsupported insn 0x1e3c1000
[SKIP  ] bb_libhwui_26ecd8_c1         reference: unsupported insn 0x1e3c1000
[SKIP  ] bb_libhwui_26ecd8_c2         reference: unsupported insn 0x1e3c1000
[SKIP  ] bb_libhwui_26ecfc_c0         reference: unsupported insn 0x1e270160
[SKIP  ] bb_libhwui_26ecfc_c1         reference: unsupported insn 0x1e270160
[SKIP  ] bb_libhwui_26ecfc_c2         reference: unsupported insn 0x1e270160
[SKIP  ] bb_libhwui_26ed0c_c0         reference: unsupported insn 0x1e270160
[SKIP  ] bb_libhwui_26ed0c_c1         reference: unsupported insn 0x1e270160
[SKIP  ] bb_libhwui_26ed0c_c2         reference: unsupported insn 0x1e270160
[SKIP  ] bb_libhwui_26ed20_c0         reference: unsupported insn 0x2f00e40a
[SKIP  ] bb_libhwui_26ed20_c1         reference: unsupported insn 0x2f00e40a
[SKIP  ] bb_libhwui_26ed20_c2         reference: unsupported insn 0x2f00e40a
[SKIP  ] bb_libhwui_26ed98_c0         reference: unsupported insn 0x1e3c1000
[SKIP  ] bb_libhwui_26ed98_c1         reference: unsupported insn 0x1e3c1000
[SKIP  ] bb_libhwui_26ed98_c2         reference: unsupported insn 0x1e3c1000
[SKIP  ] bb_libhwui_26edbc_c0         reference: unsupported insn 0x1e270140
[SKIP  ] bb_libhwui_26edbc_c1         reference: unsupported insn 0x1e270140
[SKIP  ] bb_libhwui_26edbc_c2         reference: unsupported insn 0x1e270140
[SKIP  ] bb_libhwui_26edcc_c0         reference: unsupported insn 0x1e270140
[SKIP  ] bb_libhwui_26edcc_c1         reference: unsupported insn 0x1e270140
[SKIP  ] bb_libhwui_26edcc_c2         reference: unsupported insn 0x1e270140
[SKIP  ] bb_libhwui_26ede0_c0         reference: unsupported insn 0x2f00e408
[SKIP  ] bb_libhwui_26ede0_c1         reference: unsupported insn 0x2f00e408
[SKIP  ] bb_libhwui_26ede0_c2         reference: unsupported insn 0x2f00e408
[SKIP  ] bb_libhwui_26efd0_c0         reference: unsupported insn 0x1e2e1003
[SKIP  ] bb_libhwui_26efd0_c1         reference: unsupported insn 0x1e2e1003
[SKIP  ] bb_libhwui_26efd0_c2         reference: unsupported insn 0x1e2e1003
[SKIP  ] bb_libhwui_26f158_c0         reference: unsupported insn 0x2f00e40c
[SKIP  ] bb_libhwui_26f158_c1         reference: unsupported insn 0x2f00e40c
[SKIP  ] bb_libhwui_26f158_c2         reference: unsupported insn 0x2f00e40c
[SKIP  ] bb_libhwui_26f178_c0         reference: unsupported insn 0x2f00e40b
[SKIP  ] bb_libhwui_26f178_c1         reference: unsupported insn 0x2f00e40b
[SKIP  ] bb_libhwui_26f178_c2         reference: unsupported insn 0x2f00e40b
[PASS  ] bb_libhwui_26f1a8_c0         (170 bytes x86)
[PASS  ] bb_libhwui_26f1a8_c1         (170 bytes x86)
[PASS  ] bb_libhwui_26f1a8_c2         (170 bytes x86)
[SKIP  ] bb_libhwui_271a30_c0         reference: unsupported insn 0x9e660009
[SKIP  ] bb_libhwui_271a30_c1         reference: unsupported insn 0x9e660009
[SKIP  ] bb_libhwui_271a30_c2         reference: unsupported insn 0x9e660009
[PASS  ] bb_libhwui_275b38_c0         (864 bytes x86)
[PASS  ] bb_libhwui_275b38_c1         (864 bytes x86)
[PASS  ] bb_libhwui_275b38_c2         (864 bytes x86)
[PASS  ] bb_libhwui_276350_c0         (287 bytes x86)
[PASS  ] bb_libhwui_276350_c1         (287 bytes x86)
[PASS  ] bb_libhwui_276350_c2         (287 bytes x86)
[PASS  ] bb_libhwui_277978_c0         (174 bytes x86)
[PASS  ] bb_libhwui_277978_c1         (174 bytes x86)
[PASS  ] bb_libhwui_277978_c2         (174 bytes x86)
[SKIP  ] bb_libhwui_277984_c0         reference: unsupported insn 0x1e26004a
[SKIP  ] bb_libhwui_277984_c1         reference: unsupported insn 0x1e26004a
[SKIP  ] bb_libhwui_277984_c2         reference: unsupported insn 0x1e26004a
[SKIP  ] bb_libhwui_27799c_c0         reference: unsupported insn 0x1e260029
[SKIP  ] bb_libhwui_27799c_c1         reference: unsupported insn 0x1e260029
[SKIP  ] bb_libhwui_27799c_c2         reference: unsupported insn 0x1e260029
[PASS  ] bb_libhwui_278230_c0         (398 bytes x86)
[PASS  ] bb_libhwui_278230_c1         (398 bytes x86)
[PASS  ] bb_libhwui_278230_c2         (398 bytes x86)
[SKIP  ] bb_libhwui_278c84_c0         reference: unsupported insn 0x1e26000c
[SKIP  ] bb_libhwui_278c84_c1         reference: unsupported insn 0x1e26000c
[SKIP  ] bb_libhwui_278c84_c2         reference: unsupported insn 0x1e26000c
[PASS  ] bb_libhwui_278ca4_c0         (565 bytes x86)
[PASS  ] bb_libhwui_278ca4_c1         (565 bytes x86)
[PASS  ] bb_libhwui_278ca4_c2         (565 bytes x86)
[SKIP  ] bb_libhwui_278df0_c0         reference: unsupported insn 0x2f00e40a
[SKIP  ] bb_libhwui_278df0_c1         reference: unsupported insn 0x2f00e40a
[SKIP  ] bb_libhwui_278df0_c2         reference: unsupported insn 0x2f00e40a
[SKIP  ] bb_libhwui_278fc8_c0         reference: unsupported insn 0x0f0167e0
[SKIP  ] bb_libhwui_278fc8_c1         reference: unsupported insn 0x0f0167e0
[SKIP  ] bb_libhwui_278fc8_c2         reference: unsupported insn 0x0f0167e0
[PASS  ] bb_libhwui_279034_c0         (588 bytes x86)
[PASS  ] bb_libhwui_279034_c1         (588 bytes x86)
[PASS  ] bb_libhwui_279034_c2         (588 bytes x86)
[SKIP  ] bb_libhwui_279358_c0         reference: unsupported insn 0x4ea00844
[SKIP  ] bb_libhwui_279358_c1         reference: unsupported insn 0x4ea00844
[SKIP  ] bb_libhwui_279358_c2         reference: unsupported insn 0x4ea00844
[PASS  ] bb_libhwui_2794b0_c0         (478 bytes x86)
[PASS  ] bb_libhwui_2794b0_c1         (478 bytes x86)
[PASS  ] bb_libhwui_2794b0_c2         (478 bytes x86)
[PASS  ] bb_libhwui_279514_c0         (433 bytes x86)
[PASS  ] bb_libhwui_279514_c1         (433 bytes x86)
[PASS  ] bb_libhwui_279514_c2         (433 bytes x86)
[PASS  ] bb_libhwui_279534_c0         (426 bytes x86)
[PASS  ] bb_libhwui_279534_c1         (426 bytes x86)
[PASS  ] bb_libhwui_279534_c2         (426 bytes x86)
[SKIP  ] bb_libhwui_279694_c0         reference: unsupported insn 0x4ea00824
[SKIP  ] bb_libhwui_279694_c1         reference: unsupported insn 0x4ea00824
[SKIP  ] bb_libhwui_279694_c2         reference: unsupported insn 0x4ea00824
[PASS  ] bb_libhwui_2796b4_c0         (434 bytes x86)
[PASS  ] bb_libhwui_2796b4_c1         (434 bytes x86)
[PASS  ] bb_libhwui_2796b4_c2         (434 bytes x86)
[SKIP  ] bb_libhwui_2796d4_c0         reference: unsupported insn 0x1e260008
[SKIP  ] bb_libhwui_2796d4_c1         reference: unsupported insn 0x1e260008
[SKIP  ] bb_libhwui_2796d4_c2         reference: unsupported insn 0x1e260008
[PASS  ] bb_libhwui_279700_c0         (174 bytes x86)
[PASS  ] bb_libhwui_279700_c1         (174 bytes x86)
[PASS  ] bb_libhwui_279700_c2         (174 bytes x86)
[PASS  ] bb_libhwui_279ba4_c0         (396 bytes x86)
[PASS  ] bb_libhwui_279ba4_c1         (396 bytes x86)
[PASS  ] bb_libhwui_279ba4_c2         (396 bytes x86)
[SKIP  ] bb_libhwui_279bec_c0         reference: unsupported insn 0x1e260008
[SKIP  ] bb_libhwui_279bec_c1         reference: unsupported insn 0x1e260008
[SKIP  ] bb_libhwui_279bec_c2         reference: unsupported insn 0x1e260008
[PASS  ] bb_libhwui_279c4c_c0         (433 bytes x86)
[PASS  ] bb_libhwui_279c4c_c1         (433 bytes x86)
[PASS  ] bb_libhwui_279c4c_c2         (433 bytes x86)
[SKIP  ] bb_libhwui_279c6c_c0         reference: unsupported insn 0x1e260068
[SKIP  ] bb_libhwui_279c6c_c1         reference: unsupported insn 0x1e260068
[SKIP  ] bb_libhwui_279c6c_c2         reference: unsupported insn 0x1e260068
[SKIP  ] bb_libhwui_279cf8_c0         reference: unsupported insn 0x4f03f603
[SKIP  ] bb_libhwui_279cf8_c1         reference: unsupported insn 0x4f03f603
[SKIP  ] bb_libhwui_279cf8_c2         reference: unsupported insn 0x4f03f603
[SKIP  ] bb_libhwui_279d18_c0         reference: unsupported insn 0x6f00e402
[SKIP  ] bb_libhwui_279d18_c1         reference: unsupported insn 0x6f00e402
[SKIP  ] bb_libhwui_279d18_c2         reference: unsupported insn 0x6f00e402
[PASS  ] bb_libhwui_279d94_c0         (433 bytes x86)
[PASS  ] bb_libhwui_279d94_c1         (433 bytes x86)
[PASS  ] bb_libhwui_279d94_c2         (433 bytes x86)
[SKIP  ] bb_libhwui_279db4_c0         reference: unsupported insn 0x1e260088
[SKIP  ] bb_libhwui_279db4_c1         reference: unsupported insn 0x1e260088
[SKIP  ] bb_libhwui_279db4_c2         reference: unsupported insn 0x1e260088
[SKIP  ] bb_libhwui_279e00_c0         reference: unsupported insn 0x1e2600e8
[SKIP  ] bb_libhwui_279e00_c1         reference: unsupported insn 0x1e2600e8
[SKIP  ] bb_libhwui_279e00_c2         reference: unsupported insn 0x1e2600e8
[SKIP  ] bb_libhwui_279e58_c0         reference: unsupported insn 0x1e2600c8
[SKIP  ] bb_libhwui_279e58_c1         reference: unsupported insn 0x1e2600c8
[SKIP  ] bb_libhwui_279e58_c2         reference: unsupported insn 0x1e2600c8
[SKIP  ] bb_libhwui_279e88_c0         reference: unsupported insn 0x1e2600e8
[SKIP  ] bb_libhwui_279e88_c1         reference: unsupported insn 0x1e2600e8
[SKIP  ] bb_libhwui_279e88_c2         reference: unsupported insn 0x1e2600e8
[SKIP  ] bb_libhwui_279ec8_c0         reference: unsupported insn 0x1e2600c8
[SKIP  ] bb_libhwui_279ec8_c1         reference: unsupported insn 0x1e2600c8
[SKIP  ] bb_libhwui_279ec8_c2         reference: unsupported insn 0x1e2600c8
[PASS  ] bb_libhwui_279f00_c0         (427 bytes x86)
[PASS  ] bb_libhwui_279f00_c1         (427 bytes x86)
[PASS  ] bb_libhwui_279f00_c2         (427 bytes x86)
[PASS  ] bb_libhwui_279f20_c0         (445 bytes x86)
[PASS  ] bb_libhwui_279f20_c1         (445 bytes x86)
[PASS  ] bb_libhwui_279f20_c2         (445 bytes x86)
[PASS  ] bb_libhwui_279f80_c0         (401 bytes x86)
[PASS  ] bb_libhwui_279f80_c1         (401 bytes x86)
[PASS  ] bb_libhwui_279f80_c2         (401 bytes x86)
[PASS  ] bb_libhwui_279fa0_c0         (410 bytes x86)
[PASS  ] bb_libhwui_279fa0_c1         (410 bytes x86)
[PASS  ] bb_libhwui_279fa0_c2         (410 bytes x86)
[PASS  ] bb_libhwui_27a01c_c0         (433 bytes x86)
[PASS  ] bb_libhwui_27a01c_c1         (433 bytes x86)
[PASS  ] bb_libhwui_27a01c_c2         (433 bytes x86)
[PASS  ] bb_libhwui_27a03c_c0         (426 bytes x86)
[PASS  ] bb_libhwui_27a03c_c1         (426 bytes x86)
[PASS  ] bb_libhwui_27a03c_c2         (426 bytes x86)
[SKIP  ] bb_libhwui_27a0ac_c0         reference: unsupported insn 0x4ea00824
[SKIP  ] bb_libhwui_27a0ac_c1         reference: unsupported insn 0x4ea00824
[SKIP  ] bb_libhwui_27a0ac_c2         reference: unsupported insn 0x4ea00824
[SKIP  ] bb_libhwui_27a1b8_c0         reference: unsupported insn 0x4ea00803
[SKIP  ] bb_libhwui_27a1b8_c1         reference: unsupported insn 0x4ea00803
[SKIP  ] bb_libhwui_27a1b8_c2         reference: unsupported insn 0x4ea00803
[PASS  ] bb_libhwui_27a1dc_c0         (109 bytes x86)
[PASS  ] bb_libhwui_27a1dc_c1         (109 bytes x86)
[PASS  ] bb_libhwui_27a1dc_c2         (109 bytes x86)
[PASS  ] bb_libhwui_27a1e8_c0         (109 bytes x86)
[PASS  ] bb_libhwui_27a1e8_c1         (109 bytes x86)
[PASS  ] bb_libhwui_27a1e8_c2         (109 bytes x86)
[PASS  ] bb_libhwui_27a218_c0         (399 bytes x86)
[PASS  ] bb_libhwui_27a218_c1         (399 bytes x86)
[PASS  ] bb_libhwui_27a218_c2         (399 bytes x86)
[SKIP  ] bb_libhwui_27a244_c0         reference: unsupported insn 0x1e2602a8
[SKIP  ] bb_libhwui_27a244_c1         reference: unsupported insn 0x1e2602a8
[SKIP  ] bb_libhwui_27a244_c2         reference: unsupported insn 0x1e2602a8
[SKIP  ] bb_libhwui_27a254_c0         reference: unsupported insn 0x1e260068
[SKIP  ] bb_libhwui_27a254_c1         reference: unsupported insn 0x1e260068
[SKIP  ] bb_libhwui_27a254_c2         reference: unsupported insn 0x1e260068
[SKIP  ] bb_libhwui_27a27c_c0         reference: unsupported insn 0x5e1c0681
[SKIP  ] bb_libhwui_27a27c_c1         reference: unsupported insn 0x5e1c0681
[SKIP  ] bb_libhwui_27a27c_c2         reference: unsupported insn 0x5e1c0681
[SKIP  ] bb_libhwui_27a2a8_c0         reference: unsupported insn 0x4f0167e1
[SKIP  ] bb_libhwui_27a2a8_c1         reference: unsupported insn 0x4f0167e1
[SKIP  ] bb_libhwui_27a2a8_c2         reference: unsupported insn 0x4f0167e1
[SKIP  ] bb_libhwui_27a320_c0         reference: unsupported insn 0x5e0c0461
[SKIP  ] bb_libhwui_27a320_c1         reference: unsupported insn 0x5e0c0461
[SKIP  ] bb_libhwui_27a320_c2         reference: unsupported insn 0x5e0c0461
[SKIP  ] bb_libhwui_27a340_c0         reference: unsupported insn 0x5e1c0463
[SKIP  ] bb_libhwui_27a340_c1         reference: unsupported insn 0x5e1c0463
[SKIP  ] bb_libhwui_27a340_c2         reference: unsupported insn 0x5e1c0463
[PASS  ] bb_libhwui_27a3c8_c0         (397 bytes x86)
[PASS  ] bb_libhwui_27a3c8_c1         (397 bytes x86)
[PASS  ] bb_libhwui_27a3c8_c2         (397 bytes x86)
[PASS  ] bb_libhwui_27a3e8_c0         (419 bytes x86)
[PASS  ] bb_libhwui_27a3e8_c1         (419 bytes x86)
[PASS  ] bb_libhwui_27a3e8_c2         (419 bytes x86)
[SKIP  ] bb_libhwui_27a408_c0         reference: unsupported insn 0x5e0c06b6
[SKIP  ] bb_libhwui_27a408_c1         reference: unsupported insn 0x5e0c06b6
[SKIP  ] bb_libhwui_27a408_c2         reference: unsupported insn 0x5e0c06b6
[SKIP  ] bb_libhwui_27a468_c0         reference: unsupported insn 0x5e1c04b1
[SKIP  ] bb_libhwui_27a468_c1         reference: unsupported insn 0x5e1c04b1
[SKIP  ] bb_libhwui_27a468_c2         reference: unsupported insn 0x5e1c04b1
[PASS  ] bb_libhwui_27a4fc_c0         (662 bytes x86)
[PASS  ] bb_libhwui_27a4fc_c1         (662 bytes x86)
[PASS  ] bb_libhwui_27a4fc_c2         (662 bytes x86)
[PASS  ] bb_libhwui_27a5bc_c0         (682 bytes x86)
[PASS  ] bb_libhwui_27a5bc_c1         (682 bytes x86)
[PASS  ] bb_libhwui_27a5bc_c2         (682 bytes x86)
[SKIP  ] bb_libhwui_27a690_c0         reference: unsupported insn 0x1e260069
[SKIP  ] bb_libhwui_27a690_c1         reference: unsupported insn 0x1e260069
[SKIP  ] bb_libhwui_27a690_c2         reference: unsupported insn 0x1e260069
[PASS  ] bb_libhwui_27a6a4_c0         (449 bytes x86)
[PASS  ] bb_libhwui_27a6a4_c1         (449 bytes x86)
[PASS  ] bb_libhwui_27a6a4_c2         (449 bytes x86)
[SKIP  ] bb_libhwui_27a6c4_c0         reference: unsupported insn 0x1e2602a8
[SKIP  ] bb_libhwui_27a6c4_c1         reference: unsupported insn 0x1e2602a8
[SKIP  ] bb_libhwui_27a6c4_c2         reference: unsupported insn 0x1e2602a8
[PASS  ] bb_libhwui_27a704_c0         (482 bytes x86)
[PASS  ] bb_libhwui_27a704_c1         (482 bytes x86)
[PASS  ] bb_libhwui_27a704_c2         (482 bytes x86)
[SKIP  ] bb_libhwui_27a724_c0         reference: unsupported insn 0x1e26036a
[SKIP  ] bb_libhwui_27a724_c1         reference: unsupported insn 0x1e26036a
[SKIP  ] bb_libhwui_27a724_c2         reference: unsupported insn 0x1e26036a
[PASS  ] bb_libhwui_27a730_c0         (425 bytes x86)
[PASS  ] bb_libhwui_27a730_c1         (425 bytes x86)
[PASS  ] bb_libhwui_27a730_c2         (425 bytes x86)
[PASS  ] bb_libhwui_27a750_c0         (425 bytes x86)
[PASS  ] bb_libhwui_27a750_c1         (425 bytes x86)
[PASS  ] bb_libhwui_27a750_c2         (425 bytes x86)
[SKIP  ] bb_libhwui_27a7a4_c0         reference: unsupported insn 0x1e2600af
[SKIP  ] bb_libhwui_27a7a4_c1         reference: unsupported insn 0x1e2600af
[SKIP  ] bb_libhwui_27a7a4_c2         reference: unsupported insn 0x1e2600af
[SKIP  ] bb_libhwui_27a7d8_c0         reference: unsupported insn 0x6eb6ec9e
[SKIP  ] bb_libhwui_27a7d8_c1         reference: unsupported insn 0x6eb6ec9e
[SKIP  ] bb_libhwui_27a7d8_c2         reference: unsupported insn 0x6eb6ec9e
[PASS  ] bb_libhwui_27a7f8_c0         (449 bytes x86)
[PASS  ] bb_libhwui_27a7f8_c1         (449 bytes x86)
[PASS  ] bb_libhwui_27a7f8_c2         (449 bytes x86)
[SKIP  ] bb_libhwui_27a818_c0         reference: unsupported insn 0x4f03f619
[SKIP  ] bb_libhwui_27a818_c1         reference: unsupported insn 0x4f03f619
[SKIP  ] bb_libhwui_27a818_c2         reference: unsupported insn 0x4f03f619
[PASS  ] bb_libhwui_27a838_c0         (463 bytes x86)
[PASS  ] bb_libhwui_27a838_c1         (463 bytes x86)
[PASS  ] bb_libhwui_27a838_c2         (463 bytes x86)
[PASS  ] bb_libhwui_27a858_c0         (251 bytes x86)
[PASS  ] bb_libhwui_27a858_c1         (251 bytes x86)
[PASS  ] bb_libhwui_27a858_c2         (251 bytes x86)
[SKIP  ] bb_libhwui_27a86c_c0         reference: unsupported insn 0x4ea00a63
[SKIP  ] bb_libhwui_27a86c_c1         reference: unsupported insn 0x4ea00a63
[SKIP  ] bb_libhwui_27a86c_c2         reference: unsupported insn 0x4ea00a63
[PASS  ] bb_libhwui_27a88c_c0         (268 bytes x86)
[PASS  ] bb_libhwui_27a88c_c1         (268 bytes x86)
[PASS  ] bb_libhwui_27a88c_c2         (268 bytes x86)
[SKIP  ] bb_libhwui_27a8a0_c0         reference: unsupported insn 0x4ea008e3
[SKIP  ] bb_libhwui_27a8a0_c1         reference: unsupported insn 0x4ea008e3
[SKIP  ] bb_libhwui_27a8a0_c2         reference: unsupported insn 0x4ea008e3
[PASS  ] bb_libhwui_27a8c0_c0         (268 bytes x86)
[PASS  ] bb_libhwui_27a8c0_c1         (268 bytes x86)
[PASS  ] bb_libhwui_27a8c0_c2         (268 bytes x86)
[PASS  ] bb_libhwui_27a91c_c0         (331 bytes x86)
[PASS  ] bb_libhwui_27a91c_c1         (331 bytes x86)
[PASS  ] bb_libhwui_27a91c_c2         (331 bytes x86)
[PASS  ] bb_libhwui_27a9a4_c0         (252 bytes x86)
[PASS  ] bb_libhwui_27a9a4_c1         (252 bytes x86)
[PASS  ] bb_libhwui_27a9a4_c2         (252 bytes x86)
[SKIP  ] bb_libhwui_27a9bc_c0         reference: unsupported insn 0x4ea00a56
[SKIP  ] bb_libhwui_27a9bc_c1         reference: unsupported insn 0x4ea00a56
[SKIP  ] bb_libhwui_27a9bc_c2         reference: unsupported insn 0x4ea00a56
[PASS  ] bb_libhwui_27a9dc_c0         (458 bytes x86)
[PASS  ] bb_libhwui_27a9dc_c1         (458 bytes x86)
[PASS  ] bb_libhwui_27a9dc_c2         (458 bytes x86)
[PASS  ] bb_libhwui_27a9fc_c0         (393 bytes x86)
[PASS  ] bb_libhwui_27a9fc_c1         (393 bytes x86)
[PASS  ] bb_libhwui_27a9fc_c2         (393 bytes x86)
[PASS  ] bb_libhwui_27aa1c_c0         (256 bytes x86)
[PASS  ] bb_libhwui_27aa1c_c1         (256 bytes x86)
[PASS  ] bb_libhwui_27aa1c_c2         (256 bytes x86)
[SKIP  ] bb_libhwui_27aa34_c0         reference: unsupported insn 0x4ea00a95
[SKIP  ] bb_libhwui_27aa34_c1         reference: unsupported insn 0x4ea00a95
[SKIP  ] bb_libhwui_27aa34_c2         reference: unsupported insn 0x4ea00a95
[PASS  ] bb_libhwui_27aa54_c0         (530 bytes x86)
[PASS  ] bb_libhwui_27aa54_c1         (530 bytes x86)
[PASS  ] bb_libhwui_27aa54_c2         (530 bytes x86)
[PASS  ] bb_libhwui_27aacc_c0         (312 bytes x86)
[PASS  ] bb_libhwui_27aacc_c1         (312 bytes x86)
[PASS  ] bb_libhwui_27aacc_c2         (312 bytes x86)
[PASS  ] bb_libhwui_27abac_c0         (477 bytes x86)
[PASS  ] bb_libhwui_27abac_c1         (477 bytes x86)
[PASS  ] bb_libhwui_27abac_c2         (477 bytes x86)
[SKIP  ] bb_libhwui_27af6c_c0         reference: unsupported insn 0x1e260089
[SKIP  ] bb_libhwui_27af6c_c1         reference: unsupported insn 0x1e260089
[SKIP  ] bb_libhwui_27af6c_c2         reference: unsupported insn 0x1e260089
[SKIP  ] bb_libhwui_27afd8_c0         reference: unsupported insn 0x1e260069
[SKIP  ] bb_libhwui_27afd8_c1         reference: unsupported insn 0x1e260069
[SKIP  ] bb_libhwui_27afd8_c2         reference: unsupported insn 0x1e260069
[SKIP  ] bb_libhwui_27b008_c0         reference: unsupported insn 0x1e2600a9
[SKIP  ] bb_libhwui_27b008_c1         reference: unsupported insn 0x1e2600a9
[SKIP  ] bb_libhwui_27b008_c2         reference: unsupported insn 0x1e2600a9
[SKIP  ] bb_libhwui_27b044_c0         reference: unsupported insn 0x1e260009
[SKIP  ] bb_libhwui_27b044_c1         reference: unsupported insn 0x1e260009
[SKIP  ] bb_libhwui_27b044_c2         reference: unsupported insn 0x1e260009
[PASS  ] bb_libhwui_27b090_c0         (425 bytes x86)
[PASS  ] bb_libhwui_27b090_c1         (425 bytes x86)
[PASS  ] bb_libhwui_27b090_c2         (425 bytes x86)
[SKIP  ] bb_libhwui_27b0b0_c0         reference: unsupported insn 0x1e2600a9
[SKIP  ] bb_libhwui_27b0b0_c1         reference: unsupported insn 0x1e2600a9
[SKIP  ] bb_libhwui_27b0b0_c2         reference: unsupported insn 0x1e2600a9
[PASS  ] bb_libhwui_27b0d8_c0         (395 bytes x86)
[PASS  ] bb_libhwui_27b0d8_c1         (395 bytes x86)
[PASS  ] bb_libhwui_27b0d8_c2         (395 bytes x86)
[PASS  ] bb_libhwui_27b118_c0         (411 bytes x86)
[PASS  ] bb_libhwui_27b118_c1         (411 bytes x86)
[PASS  ] bb_libhwui_27b118_c2         (411 bytes x86)
[SKIP  ] bb_libhwui_27b158_c0         reference: unsupported insn 0x1e260289
[SKIP  ] bb_libhwui_27b158_c1         reference: unsupported insn 0x1e260289
[SKIP  ] bb_libhwui_27b158_c2         reference: unsupported insn 0x1e260289
[SKIP  ] bb_libhwui_27b164_c0         reference: unsupported insn 0x1e260229
[SKIP  ] bb_libhwui_27b164_c1         reference: unsupported insn 0x1e260229
[SKIP  ] bb_libhwui_27b164_c2         reference: unsupported insn 0x1e260229
[SKIP  ] bb_libhwui_27b1ec_c0         reference: unsupported insn 0x1e260229
[SKIP  ] bb_libhwui_27b1ec_c1         reference: unsupported insn 0x1e260229
[SKIP  ] bb_libhwui_27b1ec_c2         reference: unsupported insn 0x1e260229
[SKIP  ] bb_libhwui_27b214_c0         reference: unsupported insn 0x5e1c0601
[SKIP  ] bb_libhwui_27b214_c1         reference: unsupported insn 0x5e1c0601
[SKIP  ] bb_libhwui_27b214_c2         reference: unsupported insn 0x5e1c0601
[SKIP  ] bb_libhwui_27b240_c0         reference: unsupported insn 0x4f0167e1
[SKIP  ] bb_libhwui_27b240_c1         reference: unsupported insn 0x4f0167e1
[SKIP  ] bb_libhwui_27b240_c2         reference: unsupported insn 0x4f0167e1
[SKIP  ] bb_libhwui_27b2c0_c0         reference: unsupported insn 0x4f0167e7
[SKIP  ] bb_libhwui_27b2c0_c1         reference: unsupported insn 0x4f0167e7
[SKIP  ] bb_libhwui_27b2c0_c2         reference: unsupported insn 0x4f0167e7
[PASS  ] bb_libhwui_27b300_c0         (406 bytes x86)
[PASS  ] bb_libhwui_27b300_c1         (406 bytes x86)
[PASS  ] bb_libhwui_27b300_c2         (406 bytes x86)
[SKIP  ] bb_libhwui_27b320_c0         reference: unsupported insn 0x5e0c06b6
[SKIP  ] bb_libhwui_27b320_c1         reference: unsupported insn 0x5e0c06b6
[SKIP  ] bb_libhwui_27b320_c2         reference: unsupported insn 0x5e0c06b6
[SKIP  ] bb_libhwui_27b340_c0         reference: unsupported insn 0x5e0c0457
[SKIP  ] bb_libhwui_27b340_c1         reference: unsupported insn 0x5e0c0457
[SKIP  ] bb_libhwui_27b340_c2         reference: unsupported insn 0x5e0c0457
[SKIP  ] bb_libhwui_27b360_c0         reference: unsupported insn 0x5e1404d3
[SKIP  ] bb_libhwui_27b360_c1         reference: unsupported insn 0x5e1404d3
[SKIP  ] bb_libhwui_27b360_c2         reference: unsupported insn 0x5e1404d3
[PASS  ] bb_libhwui_27b3ec_c0         (668 bytes x86)
[PASS  ] bb_libhwui_27b3ec_c1         (668 bytes x86)
[PASS  ] bb_libhwui_27b3ec_c2         (668 bytes x86)
[PASS  ] bb_libhwui_27b4ac_c0         (688 bytes x86)
[PASS  ] bb_libhwui_27b4ac_c1         (688 bytes x86)
[PASS  ] bb_libhwui_27b4ac_c2         (688 bytes x86)
[PASS  ] bb_libhwui_27c03c_c0         (177 bytes x86)
[PASS  ] bb_libhwui_27c03c_c1         (177 bytes x86)
[PASS  ] bb_libhwui_27c03c_c2         (177 bytes x86)
[SKIP  ] bb_libhwui_27d620_c0         reference: unsupported insn 0x1e270101
[SKIP  ] bb_libhwui_27d620_c1         reference: unsupported insn 0x1e270101
[SKIP  ] bb_libhwui_27d620_c2         reference: unsupported insn 0x1e270101
[SKIP  ] bb_libhwui_27d640_c0         reference: unsupported insn 0x1e26000a
[SKIP  ] bb_libhwui_27d640_c1         reference: unsupported insn 0x1e26000a
[SKIP  ] bb_libhwui_27d640_c2         reference: unsupported insn 0x1e26000a
[SKIP  ] bb_libhwui_27e31c_c0         reference: unsupported insn 0x7e30d8e7
[SKIP  ] bb_libhwui_27e31c_c1         reference: unsupported insn 0x7e30d8e7
[SKIP  ] bb_libhwui_27e31c_c2         reference: unsupported insn 0x7e30d8e7
[SKIP  ] bb_libhwui_27e328_c0         reference: unsupported insn 0x1e270100
[SKIP  ] bb_libhwui_27e328_c1         reference: unsupported insn 0x1e270100
[SKIP  ] bb_libhwui_27e328_c2         reference: unsupported insn 0x1e270100
[SKIP  ] bb_libhwui_27e334_c0         reference: unsupported insn 0x1e270110
[SKIP  ] bb_libhwui_27e334_c1         reference: unsupported insn 0x1e270110
[SKIP  ] bb_libhwui_27e334_c2         reference: unsupported insn 0x1e270110
[SKIP  ] bb_libhwui_27e354_c0         reference: unsupported insn 0x1e270110
[SKIP  ] bb_libhwui_27e354_c1         reference: unsupported insn 0x1e270110
[SKIP  ] bb_libhwui_27e354_c2         reference: unsupported insn 0x1e270110
[SKIP  ] bb_libhwui_27e368_c0         reference: unsupported insn 0x0ea00810
[SKIP  ] bb_libhwui_27e368_c1         reference: unsupported insn 0x0ea00810
[SKIP  ] bb_libhwui_27e368_c2         reference: unsupported insn 0x0ea00810
[SKIP  ] bb_libhwui_27e388_c0         reference: unsupported insn 0x1e2844e0
[SKIP  ] bb_libhwui_27e388_c1         reference: unsupported insn 0x1e2844e0
[SKIP  ] bb_libhwui_27e388_c2         reference: unsupported insn 0x1e2844e0
[SKIP  ] bb_libhwui_27e3a8_c0         reference: unsupported insn 0x0f0167e4
[SKIP  ] bb_libhwui_27e3a8_c1         reference: unsupported insn 0x0f0167e4
[SKIP  ] bb_libhwui_27e3a8_c2         reference: unsupported insn 0x0f0167e4
[SKIP  ] bb_libhwui_27e3cc_c0         reference: unsupported insn 0x7e30d800
[SKIP  ] bb_libhwui_27e3cc_c1         reference: unsupported insn 0x7e30d800
[SKIP  ] bb_libhwui_27e3cc_c2         reference: unsupported insn 0x7e30d800
[SKIP  ] bb_libhwui_27e444_c0         reference: unsupported insn 0x0f03f700
[SKIP  ] bb_libhwui_27e444_c1         reference: unsupported insn 0x0f03f700
[SKIP  ] bb_libhwui_27e444_c2         reference: unsupported insn 0x0f03f700
[SKIP  ] bb_libhwui_27e464_c0         reference: unsupported insn 0x7e30da10
[SKIP  ] bb_libhwui_27e464_c1         reference: unsupported insn 0x7e30da10
[SKIP  ] bb_libhwui_27e464_c2         reference: unsupported insn 0x7e30da10
[SKIP  ] bb_libhwui_27e478_c0         reference: unsupported insn 0x0f0167f1
[SKIP  ] bb_libhwui_27e478_c1         reference: unsupported insn 0x0f0167f1
[SKIP  ] bb_libhwui_27e478_c2         reference: unsupported insn 0x0f0167f1
[PASS  ] bb_libhwui_27e4a4_c0         (341 bytes x86)
[PASS  ] bb_libhwui_27e4a4_c1         (341 bytes x86)
[PASS  ] bb_libhwui_27e4a4_c2         (341 bytes x86)
[SKIP  ] bb_libhwui_27e4dc_c0         reference: unsupported insn 0x5e0c04f2
[SKIP  ] bb_libhwui_27e4dc_c1         reference: unsupported insn 0x5e0c04f2
[SKIP  ] bb_libhwui_27e4dc_c2         reference: unsupported insn 0x5e0c04f2
[SKIP  ] bb_libhwui_27e4fc_c0         reference: unsupported insn 0x0f9190c6
[SKIP  ] bb_libhwui_27e4fc_c1         reference: unsupported insn 0x0f9190c6
[SKIP  ] bb_libhwui_27e4fc_c2         reference: unsupported insn 0x0f9190c6
[SKIP  ] bb_libhwui_27e51c_c0         reference: unsupported insn 0x0f9290d3
[SKIP  ] bb_libhwui_27e51c_c1         reference: unsupported insn 0x0f9290d3
[SKIP  ] bb_libhwui_27e51c_c2         reference: unsupported insn 0x0f9290d3
[PASS  ] bb_libhwui_27e528_c0         (455 bytes x86)
[PASS  ] bb_libhwui_27e528_c1         (455 bytes x86)
[PASS  ] bb_libhwui_27e528_c2         (455 bytes x86)
[SKIP  ] bb_libhwui_27e548_c0         reference: unsupported insn 0x5fa09005
[SKIP  ] bb_libhwui_27e548_c1         reference: unsupported insn 0x5fa09005
[SKIP  ] bb_libhwui_27e548_c2         reference: unsupported insn 0x5fa09005
[SKIP  ] bb_libhwui_27e5a8_c0         reference: unsupported insn 0x0f0167e5
[SKIP  ] bb_libhwui_27e5a8_c1         reference: unsupported insn 0x0f0167e5
[SKIP  ] bb_libhwui_27e5a8_c2         reference: unsupported insn 0x0f0167e5
[PASS  ] bb_libhwui_27e608_c0         (401 bytes x86)
[PASS  ] bb_libhwui_27e608_c1         (401 bytes x86)
[PASS  ] bb_libhwui_27e608_c2         (401 bytes x86)
[PASS  ] bb_libhwui_27e630_c0         (219 bytes x86)
[PASS  ] bb_libhwui_27e630_c1         (219 bytes x86)
[PASS  ] bb_libhwui_27e630_c2         (219 bytes x86)
[SKIP  ] bb_libhwui_27e670_c0         reference: unsupported insn 0x1e6f1001
[SKIP  ] bb_libhwui_27e670_c1         reference: unsupported insn 0x1e6f1001
[SKIP  ] bb_libhwui_27e670_c2         reference: unsupported insn 0x1e6f1001
[SKIP  ] bb_libhwui_27e7d0_c0         reference: unsupported insn 0x7e30d807
[SKIP  ] bb_libhwui_27e7d0_c1         reference: unsupported insn 0x7e30d807
[SKIP  ] bb_libhwui_27e7d0_c2         reference: unsupported insn 0x7e30d807
[SKIP  ] bb_libhwui_27eab0_c0         reference: unsupported insn 0x1e6f1001
[SKIP  ] bb_libhwui_27eab0_c1         reference: unsupported insn 0x1e6f1001
[SKIP  ] bb_libhwui_27eab0_c2         reference: unsupported insn 0x1e6f1001
[SKIP  ] bb_libhwui_27f708_c0         reference: unsupported insn 0x7ea1b800
[SKIP  ] bb_libhwui_27f708_c1         reference: unsupported insn 0x7ea1b800
[SKIP  ] bb_libhwui_27f708_c2         reference: unsupported insn 0x7ea1b800
[SKIP  ] bb_libhwui_27f840_c0         reference: unsupported insn 0x1e260048
[SKIP  ] bb_libhwui_27f840_c1         reference: unsupported insn 0x1e260048
[SKIP  ] bb_libhwui_27f840_c2         reference: unsupported insn 0x1e260048
[SKIP  ] bb_libhwui_27f868_c0         reference: unsupported insn 0x1e260048
[SKIP  ] bb_libhwui_27f868_c1         reference: unsupported insn 0x1e260048
[SKIP  ] bb_libhwui_27f868_c2         reference: unsupported insn 0x1e260048
[SKIP  ] bb_libhwui_27f878_c0         reference: unsupported insn 0x1e260028
[SKIP  ] bb_libhwui_27f878_c1         reference: unsupported insn 0x1e260028
[SKIP  ] bb_libhwui_27f878_c2         reference: unsupported insn 0x1e260028
[PASS  ] bb_libhwui_27f894_c0         (141 bytes x86)
[PASS  ] bb_libhwui_27f894_c1         (141 bytes x86)
[PASS  ] bb_libhwui_27f894_c2         (141 bytes x86)
[PASS  ] bb_libhwui_27f8a0_c0         (186 bytes x86)
[PASS  ] bb_libhwui_27f8a0_c1         (186 bytes x86)
[PASS  ] bb_libhwui_27f8a0_c2         (186 bytes x86)
[SKIP  ] bb_libhwui_2808a0_c0         reference: unsupported insn 0x1e200420
[SKIP  ] bb_libhwui_2808a0_c1         reference: unsupported insn 0x1e200420
[SKIP  ] bb_libhwui_2808a0_c2         reference: unsupported insn 0x1e200420
[SKIP  ] bb_libhwui_281060_c0         reference: unsupported insn 0x2f00e406
[SKIP  ] bb_libhwui_281060_c1         reference: unsupported insn 0x2f00e406
[SKIP  ] bb_libhwui_281060_c2         reference: unsupported insn 0x2f00e406
[PASS  ] bb_libhwui_281080_c0         (265 bytes x86)
[PASS  ] bb_libhwui_281080_c1         (265 bytes x86)
[PASS  ] bb_libhwui_281080_c2         (265 bytes x86)
[PASS  ] bb_libhwui_281218_c0         (637 bytes x86)
[PASS  ] bb_libhwui_281218_c1         (637 bytes x86)
[PASS  ] bb_libhwui_281218_c2         (637 bytes x86)
[PASS  ] bb_libhwui_281358_c0         (499 bytes x86)
[PASS  ] bb_libhwui_281358_c1         (499 bytes x86)
[PASS  ] bb_libhwui_281358_c2         (499 bytes x86)
[PASS  ] bb_libhwui_281378_c0         (676 bytes x86)
[PASS  ] bb_libhwui_281378_c1         (676 bytes x86)
[PASS  ] bb_libhwui_281378_c2         (676 bytes x86)
[PASS  ] bb_libhwui_281400_c0         (641 bytes x86)
[PASS  ] bb_libhwui_281400_c1         (641 bytes x86)
[PASS  ] bb_libhwui_281400_c2         (641 bytes x86)
[SKIP  ] bb_libhwui_281420_c0         reference: unsupported insn 0x1e2c1005
[SKIP  ] bb_libhwui_281420_c1         reference: unsupported insn 0x1e2c1005
[SKIP  ] bb_libhwui_281420_c2         reference: unsupported insn 0x1e2c1005
[PASS  ] bb_libhwui_281440_c0         (293 bytes x86)
[PASS  ] bb_libhwui_281440_c1         (293 bytes x86)
[PASS  ] bb_libhwui_281440_c2         (293 bytes x86)
[PASS  ] bb_libhwui_281d50_c0         (849 bytes x86)
[PASS  ] bb_libhwui_281d50_c1         (849 bytes x86)
[PASS  ] bb_libhwui_281d50_c2         (849 bytes x86)
[PASS  ] bb_libhwui_281d70_c0         (849 bytes x86)
[PASS  ] bb_libhwui_281d70_c1         (849 bytes x86)
[PASS  ] bb_libhwui_281d70_c2         (849 bytes x86)
[SKIP  ] bb_libhwui_281df0_c0         reference: unsupported insn 0x1e260029
[SKIP  ] bb_libhwui_281df0_c1         reference: unsupported insn 0x1e260029
[SKIP  ] bb_libhwui_281df0_c2         reference: unsupported insn 0x1e260029
[SKIP  ] bb_libhwui_281e2c_c0         reference: unsupported insn 0x2f056622
[SKIP  ] bb_libhwui_281e2c_c1         reference: unsupported insn 0x2f056622
[SKIP  ] bb_libhwui_281e2c_c2         reference: unsupported insn 0x2f056622
[SKIP  ] bb_libhwui_281e6c_c0         reference: unsupported insn 0x2ea03020
[SKIP  ] bb_libhwui_281e6c_c1         reference: unsupported insn 0x2ea03020
[SKIP  ] bb_libhwui_281e6c_c2         reference: unsupported insn 0x2ea03020
[SKIP  ] bb_libhwui_2822c0_c0         reference: unsupported insn 0x1e2e1000
[SKIP  ] bb_libhwui_2822c0_c1         reference: unsupported insn 0x1e2e1000
[SKIP  ] bb_libhwui_2822c0_c2         reference: unsupported insn 0x1e2e1000
[SKIP  ] bb_libhwui_282434_c0         reference: unsupported insn 0x0ea00823
[SKIP  ] bb_libhwui_282434_c1         reference: unsupported insn 0x0ea00823
[SKIP  ] bb_libhwui_282434_c2         reference: unsupported insn 0x0ea00823
[SKIP  ] bb_libhwui_28247c_c0         reference: unsupported insn 0x0ea00801
[SKIP  ] bb_libhwui_28247c_c1         reference: unsupported insn 0x0ea00801
[SKIP  ] bb_libhwui_28247c_c2         reference: unsupported insn 0x0ea00801
[SKIP  ] bb_libhwui_2825a8_c0         reference: unsupported insn 0x1e6c1004
[SKIP  ] bb_libhwui_2825a8_c1         reference: unsupported insn 0x1e6c1004
[SKIP  ] bb_libhwui_2825a8_c2         reference: unsupported insn 0x1e6c1004
[SKIP  ] bb_libhwui_2825c8_c0         reference: unsupported insn 0x7ea1d4a5
[SKIP  ] bb_libhwui_2825c8_c1         reference: unsupported insn 0x7ea1d4a5
[SKIP  ] bb_libhwui_2825c8_c2         reference: unsupported insn 0x7ea1d4a5
[SKIP  ] bb_libhwui_2825f8_c0         reference: unsupported insn 0x1e6c1005
[SKIP  ] bb_libhwui_2825f8_c1         reference: unsupported insn 0x1e6c1005
[SKIP  ] bb_libhwui_2825f8_c2         reference: unsupported insn 0x1e6c1005
[SKIP  ] bb_libhwui_282618_c0         reference: unsupported insn 0x7ea3d4a5
[SKIP  ] bb_libhwui_282618_c1         reference: unsupported insn 0x7ea3d4a5
[SKIP  ] bb_libhwui_282618_c2         reference: unsupported insn 0x7ea3d4a5
[SKIP  ] bb_libhwui_282638_c0         reference: unsupported insn 0x1e270122
[SKIP  ] bb_libhwui_282638_c1         reference: unsupported insn 0x1e270122
[SKIP  ] bb_libhwui_282638_c2         reference: unsupported insn 0x1e270122
[SKIP  ] bb_libhwui_28264c_c0         reference: unsupported insn 0x1e270121
[SKIP  ] bb_libhwui_28264c_c1         reference: unsupported insn 0x1e270121
[SKIP  ] bb_libhwui_28264c_c2         reference: unsupported insn 0x1e270121
[SKIP  ] bb_libhwui_282b2c_c0         reference: unsupported insn 0x1e270100
[SKIP  ] bb_libhwui_282b2c_c1         reference: unsupported insn 0x1e270100
[SKIP  ] bb_libhwui_282b2c_c2         reference: unsupported insn 0x1e270100
[PASS  ] bb_libhwui_282d98_c0         (163 bytes x86)
[PASS  ] bb_libhwui_282d98_c1         (163 bytes x86)
[PASS  ] bb_libhwui_282d98_c2         (163 bytes x86)
[SKIP  ] bb_libhwui_2834a8_c0         reference: unsupported insn 0x7ea4d4a0
[SKIP  ] bb_libhwui_2834a8_c1         reference: unsupported insn 0x7ea4d4a0
[SKIP  ] bb_libhwui_2834a8_c2         reference: unsupported insn 0x7ea4d4a0
[PASS  ] bb_libhwui_28350c_c0         (849 bytes x86)
[PASS  ] bb_libhwui_28350c_c1         (849 bytes x86)
[PASS  ] bb_libhwui_28350c_c2         (849 bytes x86)
[PASS  ] bb_libhwui_28352c_c0         (849 bytes x86)
[PASS  ] bb_libhwui_28352c_c1         (849 bytes x86)
[PASS  ] bb_libhwui_28352c_c2         (849 bytes x86)
[PASS  ] bb_libhwui_286318_c0         (849 bytes x86)
[PASS  ] bb_libhwui_286318_c1         (849 bytes x86)
[PASS  ] bb_libhwui_286318_c2         (849 bytes x86)
[PASS  ] bb_libhwui_286338_c0         (849 bytes x86)
[PASS  ] bb_libhwui_286338_c1         (849 bytes x86)
[PASS  ] bb_libhwui_286338_c2         (849 bytes x86)
[FAIL  ] bb_libhwui_2863f4_c0           v1  DBT=0x00000000000000000000000000000000  REF=0x00000000000000001212121212121210
             v1  DBT=0x00000000000000000000000000000000  REF=0x00000000000000001212121212121210
             v3  DBT=0x00000000000000001212121212121210  REF=0x00000000000000000000000000000000
[FAIL  ] bb_libhwui_2863f4_c1           v1  DBT=0x0000000000000000bf800000bf800000  REF=0x00000000000000008606060680000000
             v1  DBT=0x0000000000000000bf800000bf800000  REF=0x00000000000000008606060680000000
             v3  DBT=0x00000000000000008606060606060606  REF=0x00000000000000008606060600000000
[PASS  ] bb_libhwui_2863f4_c2         (586 bytes x86)
[SKIP  ] bb_libhwui_286434_c0         reference: unsupported insn 0x2ea13061
[SKIP  ] bb_libhwui_286434_c1         reference: unsupported insn 0x2ea13061
[SKIP  ] bb_libhwui_286434_c2         reference: unsupported insn 0x2ea13061
[SKIP  ] bb_libhwui_28666c_c0         reference: unsupported insn 0x7eb5d6c3
[SKIP  ] bb_libhwui_28666c_c1         reference: unsupported insn 0x7eb5d6c3
[SKIP  ] bb_libhwui_28666c_c2         reference: unsupported insn 0x7eb5d6c3
[SKIP  ] bb_libhwui_2867f0_c0         reference: unsupported insn 0x5e0c06a2
[SKIP  ] bb_libhwui_2867f0_c1         reference: unsupported insn 0x5e0c06a2
[SKIP  ] bb_libhwui_2867f0_c2         reference: unsupported insn 0x5e0c06a2
[SKIP  ] bb_libhwui_286820_c0         reference: unsupported insn 0x4f03f607
[SKIP  ] bb_libhwui_286820_c1         reference: unsupported insn 0x4f03f607
[SKIP  ] bb_libhwui_286820_c2         reference: unsupported insn 0x4f03f607
[PASS  ] bb_libhwui_286838_c0         (107 bytes x86)
[PASS  ] bb_libhwui_286838_c1         (107 bytes x86)
[PASS  ] bb_libhwui_286838_c2         (107 bytes x86)
[SKIP  ] bb_libhwui_28685c_c0         reference: unsupported insn 0x7ea4d463
[SKIP  ] bb_libhwui_28685c_c1         reference: unsupported insn 0x7ea4d463
[SKIP  ] bb_libhwui_28685c_c2         reference: unsupported insn 0x7ea4d463
[SKIP  ] bb_libhwui_286878_c0         reference: unsupported insn 0x1e270124
[SKIP  ] bb_libhwui_286878_c1         reference: unsupported insn 0x1e270124
[SKIP  ] bb_libhwui_286878_c2         reference: unsupported insn 0x1e270124
[SKIP  ] bb_libhwui_286a4c_c0         reference: unsupported insn 0x4f879021
[SKIP  ] bb_libhwui_286a4c_c1         reference: unsupported insn 0x4f879021
[SKIP  ] bb_libhwui_286a4c_c2         reference: unsupported insn 0x4f879021
[PASS  ] bb_libhwui_286c98_c0         (198 bytes x86)
[PASS  ] bb_libhwui_286c98_c1         (198 bytes x86)
[PASS  ] bb_libhwui_286c98_c2         (198 bytes x86)
[SKIP  ] bb_libhwui_286cb0_c0         reference: unsupported insn 0x1e2e1002
[SKIP  ] bb_libhwui_286cb0_c1         reference: unsupported insn 0x1e2e1002
[SKIP  ] bb_libhwui_286cb0_c2         reference: unsupported insn 0x1e2e1002
[SKIP  ] bb_libhwui_286cbc_c0         reference: unsupported insn 0x1e260269
[SKIP  ] bb_libhwui_286cbc_c1         reference: unsupported insn 0x1e260269
[SKIP  ] bb_libhwui_286cbc_c2         reference: unsupported insn 0x1e260269
[SKIP  ] bb_libhwui_286cdc_c0         reference: unsupported insn 0x1e26024c
[SKIP  ] bb_libhwui_286cdc_c1         reference: unsupported insn 0x1e26024c
[SKIP  ] bb_libhwui_286cdc_c2         reference: unsupported insn 0x1e26024c
[SKIP  ] bb_libhwui_286e8c_c0         reference: unsupported insn 0x1e2e1003
[SKIP  ] bb_libhwui_286e8c_c1         reference: unsupported insn 0x1e2e1003
[SKIP  ] bb_libhwui_286e8c_c2         reference: unsupported insn 0x1e2e1003
[SKIP  ] bb_libhwui_286f54_c0         reference: unsupported insn 0x1e2e1004
[SKIP  ] bb_libhwui_286f54_c1         reference: unsupported insn 0x1e2e1004
[SKIP  ] bb_libhwui_286f54_c2         reference: unsupported insn 0x1e2e1004
[PASS  ] bb_libhwui_287414_c0         (463 bytes x86)
[PASS  ] bb_libhwui_287414_c1         (463 bytes x86)
[PASS  ] bb_libhwui_287414_c2         (463 bytes x86)
[SKIP  ] bb_libhwui_287434_c0         reference: unsupported insn 0x0ea00802
[SKIP  ] bb_libhwui_287434_c1         reference: unsupported insn 0x0ea00802
[SKIP  ] bb_libhwui_287434_c2         reference: unsupported insn 0x0ea00802
[SKIP  ] bb_libhwui_2876c0_c0         reference: unsupported insn 0x0f000423
[SKIP  ] bb_libhwui_2876c0_c1         reference: unsupported insn 0x0f000423
[SKIP  ] bb_libhwui_2876c0_c2         reference: unsupported insn 0x0f000423
[SKIP  ] bb_libhwui_2876e0_c0         reference: unsupported insn 0x6f07e7e2
[SKIP  ] bb_libhwui_2876e0_c1         reference: unsupported insn 0x6f07e7e2
[SKIP  ] bb_libhwui_2876e0_c2         reference: unsupported insn 0x6f07e7e2
[SKIP  ] bb_libhwui_287700_c0         reference: unsupported insn 0x1e260008
[SKIP  ] bb_libhwui_287700_c1         reference: unsupported insn 0x1e260008
[SKIP  ] bb_libhwui_287700_c2         reference: unsupported insn 0x1e260008
[SKIP  ] bb_libhwui_287720_c0         reference: unsupported insn 0x9e660029
[SKIP  ] bb_libhwui_287720_c1         reference: unsupported insn 0x9e660029
[SKIP  ] bb_libhwui_287720_c2         reference: unsupported insn 0x9e660029
[SKIP  ] bb_libhwui_2885d0_c0         reference: unsupported insn 0x1e2e1001
[SKIP  ] bb_libhwui_2885d0_c1         reference: unsupported insn 0x1e2e1001
[SKIP  ] bb_libhwui_2885d0_c2         reference: unsupported insn 0x1e2e1001
[PASS  ] bb_libhwui_28866c_c0         (849 bytes x86)
[PASS  ] bb_libhwui_28866c_c1         (849 bytes x86)
[PASS  ] bb_libhwui_28866c_c2         (849 bytes x86)
[PASS  ] bb_libhwui_28868c_c0         (849 bytes x86)
[PASS  ] bb_libhwui_28868c_c1         (849 bytes x86)
[PASS  ] bb_libhwui_28868c_c2         (849 bytes x86)
[PASS  ] bb_libhwui_2886ac_c0         (730 bytes x86)
[PASS  ] bb_libhwui_2886ac_c1         (730 bytes x86)
[PASS  ] bb_libhwui_2886ac_c2         (730 bytes x86)
[PASS  ] bb_libhwui_288860_c0         (172 bytes x86)
[PASS  ] bb_libhwui_288860_c1         (172 bytes x86)
[PASS  ] bb_libhwui_288860_c2         (172 bytes x86)
[PASS  ] bb_libhwui_288874_c0         (218 bytes x86)
[PASS  ] bb_libhwui_288874_c1         (218 bytes x86)
[PASS  ] bb_libhwui_288874_c2         (218 bytes x86)
[PASS  ] bb_libhwui_2889d4_c0         (169 bytes x86)
[PASS  ] bb_libhwui_2889d4_c1         (169 bytes x86)
[PASS  ] bb_libhwui_2889d4_c2         (169 bytes x86)
[PASS  ] bb_libhwui_2889e0_c0         (424 bytes x86)
[PASS  ] bb_libhwui_2889e0_c1         (424 bytes x86)
[PASS  ] bb_libhwui_2889e0_c2         (424 bytes x86)
[PASS  ] bb_libhwui_288a1c_c0         (211 bytes x86)
[PASS  ] bb_libhwui_288a1c_c1         (211 bytes x86)
[PASS  ] bb_libhwui_288a1c_c2         (211 bytes x86)
[PASS  ] bb_libhwui_288b08_c0         (383 bytes x86)
[PASS  ] bb_libhwui_288b08_c1         (383 bytes x86)
[PASS  ] bb_libhwui_288b08_c2         (383 bytes x86)
[SKIP  ] bb_libhwui_288b28_c0         reference: unsupported insn 0x6f00e403
[SKIP  ] bb_libhwui_288b28_c1         reference: unsupported insn 0x6f00e403
[SKIP  ] bb_libhwui_288b28_c2         reference: unsupported insn 0x6f00e403
[SKIP  ] bb_libhwui_288cdc_c0         reference: unsupported insn 0x1e2e1000
[SKIP  ] bb_libhwui_288cdc_c1         reference: unsupported insn 0x1e2e1000
[SKIP  ] bb_libhwui_288cdc_c2         reference: unsupported insn 0x1e2e1000
[PASS  ] bb_libhwui_288da8_c0         (125 bytes x86)
[PASS  ] bb_libhwui_288da8_c1         (125 bytes x86)
[PASS  ] bb_libhwui_288da8_c2         (125 bytes x86)
[PASS  ] bb_libhwui_288dd0_c0         (233 bytes x86)
[PASS  ] bb_libhwui_288dd0_c1         (233 bytes x86)
[PASS  ] bb_libhwui_288dd0_c2         (233 bytes x86)
[PASS  ] bb_libhwui_288de0_c0         (233 bytes x86)
[PASS  ] bb_libhwui_288de0_c1         (233 bytes x86)
[PASS  ] bb_libhwui_288de0_c2         (233 bytes x86)
[PASS  ] bb_libhwui_288df0_c0         (327 bytes x86)
[PASS  ] bb_libhwui_288df0_c1         (327 bytes x86)
[PASS  ] bb_libhwui_288df0_c2         (327 bytes x86)
[PASS  ] bb_libhwui_288e08_c0         (406 bytes x86)
[PASS  ] bb_libhwui_288e08_c1         (406 bytes x86)
[PASS  ] bb_libhwui_288e08_c2         (406 bytes x86)
[PASS  ] bb_libhwui_288e24_c0         (162 bytes x86)
[PASS  ] bb_libhwui_288e24_c1         (162 bytes x86)
[PASS  ] bb_libhwui_288e24_c2         (162 bytes x86)
[PASS  ] bb_libhwui_289348_c0         (552 bytes x86)
[PASS  ] bb_libhwui_289348_c1         (552 bytes x86)
[PASS  ] bb_libhwui_289348_c2         (552 bytes x86)
[SKIP  ] bb_libhwui_289368_c0         reference: unsupported insn 0x2e205841
[SKIP  ] bb_libhwui_289368_c1         reference: unsupported insn 0x2e205841
[SKIP  ] bb_libhwui_289368_c2         reference: unsupported insn 0x2e205841
[SKIP  ] bb_libhwui_289388_c0         reference: unsupported insn 0x1e26002c
[SKIP  ] bb_libhwui_289388_c1         reference: unsupported insn 0x1e26002c
[SKIP  ] bb_libhwui_289388_c2         reference: unsupported insn 0x1e26002c
[SKIP  ] bb_libhwui_2893a8_c0         reference: unsupported insn 0x1e260009
[SKIP  ] bb_libhwui_2893a8_c1         reference: unsupported insn 0x1e260009
[SKIP  ] bb_libhwui_2893a8_c2         reference: unsupported insn 0x1e260009
[SKIP  ] bb_libhwui_289844_c0         reference: unsupported insn 0x4ea00a76
[SKIP  ] bb_libhwui_289844_c1         reference: unsupported insn 0x4ea00a76
[SKIP  ] bb_libhwui_289844_c2         reference: unsupported insn 0x4ea00a76
[SKIP  ] bb_libhwui_289864_c0         reference: unsupported insn 0x4ea008c2
[SKIP  ] bb_libhwui_289864_c1         reference: unsupported insn 0x4ea008c2
[SKIP  ] bb_libhwui_289864_c2         reference: unsupported insn 0x4ea008c2
[SKIP  ] bb_libhwui_289884_c0         reference: unsupported insn 0x1e260389
[SKIP  ] bb_libhwui_289884_c1         reference: unsupported insn 0x1e260389
[SKIP  ] bb_libhwui_289884_c2         reference: unsupported insn 0x1e260389
[PASS  ] bb_libhwui_2898a4_c0         (428 bytes x86)
[PASS  ] bb_libhwui_2898a4_c1         (428 bytes x86)
[PASS  ] bb_libhwui_2898a4_c2         (428 bytes x86)
[PASS  ] bb_libhwui_2898c4_c0         (214 bytes x86)
[PASS  ] bb_libhwui_2898c4_c1         (214 bytes x86)
[PASS  ] bb_libhwui_2898c4_c2         (214 bytes x86)
[PASS  ] bb_libhwui_2898f8_c0         (382 bytes x86)
[PASS  ] bb_libhwui_2898f8_c1         (382 bytes x86)
[PASS  ] bb_libhwui_2898f8_c2         (382 bytes x86)
[PASS  ] bb_libhwui_289918_c0         (390 bytes x86)
[PASS  ] bb_libhwui_289918_c1         (390 bytes x86)
[PASS  ] bb_libhwui_289918_c2         (390 bytes x86)
[PASS  ] bb_libhwui_289938_c0         (395 bytes x86)
[PASS  ] bb_libhwui_289938_c1         (395 bytes x86)
[PASS  ] bb_libhwui_289938_c2         (395 bytes x86)
[PASS  ] bb_libhwui_289958_c0         (404 bytes x86)
[PASS  ] bb_libhwui_289958_c1         (404 bytes x86)
[PASS  ] bb_libhwui_289958_c2         (404 bytes x86)
[SKIP  ] bb_libhwui_289978_c0         reference: unsupported insn 0x6e205b9c
[SKIP  ] bb_libhwui_289978_c1         reference: unsupported insn 0x6e205b9c
[SKIP  ] bb_libhwui_289978_c2         reference: unsupported insn 0x6e205b9c
[PASS  ] bb_libhwui_289998_c0         (426 bytes x86)
[PASS  ] bb_libhwui_289998_c1         (426 bytes x86)
[PASS  ] bb_libhwui_289998_c2         (426 bytes x86)
[SKIP  ] bb_libhwui_289a98_c0         reference: unsupported insn 0x6e205af0
[SKIP  ] bb_libhwui_289a98_c1         reference: unsupported insn 0x6e205af0
[SKIP  ] bb_libhwui_289a98_c2         reference: unsupported insn 0x6e205af0
[PASS  ] bb_libhwui_289b98_c0         (351 bytes x86)
[PASS  ] bb_libhwui_289b98_c1         (351 bytes x86)
[PASS  ] bb_libhwui_289b98_c2         (351 bytes x86)
[PASS  ] bb_libhwui_289bb8_c0         (396 bytes x86)
[PASS  ] bb_libhwui_289bb8_c1         (396 bytes x86)
[PASS  ] bb_libhwui_289bb8_c2         (396 bytes x86)
[PASS  ] bb_libhwui_28b380_c0         (350 bytes x86)
[PASS  ] bb_libhwui_28b380_c1         (350 bytes x86)
[PASS  ] bb_libhwui_28b380_c2         (350 bytes x86)
[PASS  ] bb_libhwui_28b3a0_c0         (364 bytes x86)
[PASS  ] bb_libhwui_28b3a0_c1         (364 bytes x86)
[PASS  ] bb_libhwui_28b3a0_c2         (364 bytes x86)
[PASS  ] bb_libhwui_28b3e0_c0         (337 bytes x86)
[PASS  ] bb_libhwui_28b3e0_c1         (337 bytes x86)
[PASS  ] bb_libhwui_28b3e0_c2         (337 bytes x86)
[PASS  ] bb_libhwui_28b400_c0         (407 bytes x86)
[PASS  ] bb_libhwui_28b400_c1         (407 bytes x86)
[PASS  ] bb_libhwui_28b400_c2         (407 bytes x86)
[PASS  ] bb_libhwui_28bdc8_c0         (169 bytes x86)
[PASS  ] bb_libhwui_28bdc8_c1         (169 bytes x86)
[PASS  ] bb_libhwui_28bdc8_c2         (169 bytes x86)
[SKIP  ] bb_libhwui_28bdd4_c0         reference: unsupported insn 0x2f00e400
[SKIP  ] bb_libhwui_28bdd4_c1         reference: unsupported insn 0x2f00e400
[SKIP  ] bb_libhwui_28bdd4_c2         reference: unsupported insn 0x2f00e400
[PASS  ] bb_libhwui_28be50_c0         (170 bytes x86)
[PASS  ] bb_libhwui_28be50_c1         (170 bytes x86)
[PASS  ] bb_libhwui_28be50_c2         (170 bytes x86)
[SKIP  ] bb_libhwui_28be5c_c0         reference: unsupported insn 0x2f00e404
[SKIP  ] bb_libhwui_28be5c_c1         reference: unsupported insn 0x2f00e404
[SKIP  ] bb_libhwui_28be5c_c2         reference: unsupported insn 0x2f00e404
[SKIP  ] bb_libhwui_28bf24_c0         reference: unsupported insn 0x1e270002
[SKIP  ] bb_libhwui_28bf24_c1         reference: unsupported insn 0x1e270002
[SKIP  ] bb_libhwui_28bf24_c2         reference: unsupported insn 0x1e270002
[SKIP  ] bb_libhwui_28bf4c_c0         reference: unsupported insn 0x1e270166
[SKIP  ] bb_libhwui_28bf4c_c1         reference: unsupported insn 0x1e270166
[SKIP  ] bb_libhwui_28bf4c_c2         reference: unsupported insn 0x1e270166
[SKIP  ] bb_libhwui_28bfa8_c0         reference: unsupported insn 0x2f00e402
[SKIP  ] bb_libhwui_28bfa8_c1         reference: unsupported insn 0x2f00e402
[SKIP  ] bb_libhwui_28bfa8_c2         reference: unsupported insn 0x2f00e402
[SKIP  ] bb_libhwui_28bfc8_c0         reference: unsupported insn 0x1e24a462
[SKIP  ] bb_libhwui_28bfc8_c1         reference: unsupported insn 0x1e24a462
[SKIP  ] bb_libhwui_28bfc8_c2         reference: unsupported insn 0x1e24a462
[SKIP  ] bb_libhwui_28bfe4_c0         reference: unsupported insn 0x2f00e400
[SKIP  ] bb_libhwui_28bfe4_c1         reference: unsupported insn 0x2f00e400
[SKIP  ] bb_libhwui_28bfe4_c2         reference: unsupported insn 0x2f00e400
[SKIP  ] bb_libhwui_28c020_c0         reference: unsupported insn 0x1e2c1006
[SKIP  ] bb_libhwui_28c020_c1         reference: unsupported insn 0x1e2c1006
[SKIP  ] bb_libhwui_28c020_c2         reference: unsupported insn 0x1e2c1006
[SKIP  ] bb_libhwui_28c040_c0         reference: unsupported insn 0x1e224484
[SKIP  ] bb_libhwui_28c040_c1         reference: unsupported insn 0x1e224484
[SKIP  ] bb_libhwui_28c040_c2         reference: unsupported insn 0x1e224484
[SKIP  ] bb_libhwui_28c09c_c0         reference: unsupported insn 0x2f00e406
[SKIP  ] bb_libhwui_28c09c_c1         reference: unsupported insn 0x2f00e406
[SKIP  ] bb_libhwui_28c09c_c2         reference: unsupported insn 0x2f00e406
[SKIP  ] bb_libhwui_28c0bc_c0         reference: unsupported insn 0x1e30a4e2
[SKIP  ] bb_libhwui_28c0bc_c1         reference: unsupported insn 0x1e30a4e2
[SKIP  ] bb_libhwui_28c0bc_c2         reference: unsupported insn 0x1e30a4e2
[SKIP  ] bb_libhwui_28c0f8_c0         reference: unsupported insn 0x1e2c1012
[SKIP  ] bb_libhwui_28c0f8_c1         reference: unsupported insn 0x1e2c1012
[SKIP  ] bb_libhwui_28c0f8_c2         reference: unsupported insn 0x1e2c1012
[SKIP  ] bb_libhwui_28c118_c0         reference: unsupported insn 0x1e264604
[SKIP  ] bb_libhwui_28c118_c1         reference: unsupported insn 0x1e264604
[SKIP  ] bb_libhwui_28c118_c2         reference: unsupported insn 0x1e264604
[SKIP  ] bb_libhwui_28c134_c0         reference: unsupported insn 0x2f00e404
[SKIP  ] bb_libhwui_28c134_c1         reference: unsupported insn 0x2f00e404
[SKIP  ] bb_libhwui_28c134_c2         reference: unsupported insn 0x2f00e404
[SKIP  ] bb_libhwui_28c394_c0         reference: unsupported insn 0x2f00e406
[SKIP  ] bb_libhwui_28c394_c1         reference: unsupported insn 0x2f00e406
[SKIP  ] bb_libhwui_28c394_c2         reference: unsupported insn 0x2f00e406
[SKIP  ] bb_libhwui_28c3b4_c0         reference: unsupported insn 0x2f00e402
[SKIP  ] bb_libhwui_28c3b4_c1         reference: unsupported insn 0x2f00e402
[SKIP  ] bb_libhwui_28c3b4_c2         reference: unsupported insn 0x2f00e402
[PASS  ] bb_libhwui_28da94_c0         (849 bytes x86)
[PASS  ] bb_libhwui_28da94_c1         (849 bytes x86)
[PASS  ] bb_libhwui_28da94_c2         (849 bytes x86)
[PASS  ] bb_libhwui_28dab4_c0         (849 bytes x86)
[PASS  ] bb_libhwui_28dab4_c1         (849 bytes x86)
[PASS  ] bb_libhwui_28dab4_c2         (849 bytes x86)
[PASS  ] bb_libhwui_28db14_c0         (382 bytes x86)
[PASS  ] bb_libhwui_28db14_c1         (382 bytes x86)
[PASS  ] bb_libhwui_28db14_c2         (382 bytes x86)
[SKIP  ] bb_libhwui_28dcd4_c0         reference: unsupported insn 0x0ea00823
[SKIP  ] bb_libhwui_28dcd4_c1         reference: unsupported insn 0x0ea00823
[SKIP  ] bb_libhwui_28dcd4_c2         reference: unsupported insn 0x0ea00823
[SKIP  ] bb_libhwui_28dcf4_c0         reference: unsupported insn 0x0ea00842
[SKIP  ] bb_libhwui_28dcf4_c1         reference: unsupported insn 0x0ea00842
[SKIP  ] bb_libhwui_28dcf4_c2         reference: unsupported insn 0x0ea00842
[PASS  ] bb_libhwui_28ddd0_c0         (849 bytes x86)
[PASS  ] bb_libhwui_28ddd0_c1         (849 bytes x86)
[PASS  ] bb_libhwui_28ddd0_c2         (849 bytes x86)
[PASS  ] bb_libhwui_28de88_c0         (288 bytes x86)
[PASS  ] bb_libhwui_28de88_c1         (288 bytes x86)
[PASS  ] bb_libhwui_28de88_c2         (288 bytes x86)
[SKIP  ] bb_libhwui_28ded4_c0         reference: unsupported insn 0x7ea0d4a6
[SKIP  ] bb_libhwui_28ded4_c1         reference: unsupported insn 0x7ea0d4a6
[SKIP  ] bb_libhwui_28ded4_c2         reference: unsupported insn 0x7ea0d4a6
[SKIP  ] bb_libhwui_28def0_c0         reference: unsupported insn 0x1e6c1007
[SKIP  ] bb_libhwui_28def0_c1         reference: unsupported insn 0x1e6c1007
[SKIP  ] bb_libhwui_28def0_c2         reference: unsupported insn 0x1e6c1007
[SKIP  ] bb_libhwui_28df10_c0         reference: unsupported insn 0x7ea3d4f1
[SKIP  ] bb_libhwui_28df10_c1         reference: unsupported insn 0x7ea3d4f1
[SKIP  ] bb_libhwui_28df10_c2         reference: unsupported insn 0x7ea3d4f1
[PASS  ] bb_libhwui_28df90_c0         (296 bytes x86)
[PASS  ] bb_libhwui_28df90_c1         (296 bytes x86)
[PASS  ] bb_libhwui_28df90_c2         (296 bytes x86)
[SKIP  ] bb_libhwui_28dfe4_c0         reference: unsupported insn 0x7ea4d4a0
[SKIP  ] bb_libhwui_28dfe4_c1         reference: unsupported insn 0x7ea4d4a0
[SKIP  ] bb_libhwui_28dfe4_c2         reference: unsupported insn 0x7ea4d4a0
[SKIP  ] bb_libhwui_28e13c_c0         reference: unsupported insn 0x2f00e400
[SKIP  ] bb_libhwui_28e13c_c1         reference: unsupported insn 0x2f00e400
[SKIP  ] bb_libhwui_28e13c_c2         reference: unsupported insn 0x2f00e400
[SKIP  ] bb_libhwui_28e154_c0         reference: unsupported insn 0x1e2e1000
[SKIP  ] bb_libhwui_28e154_c1         reference: unsupported insn 0x1e2e1000
[SKIP  ] bb_libhwui_28e154_c2         reference: unsupported insn 0x1e2e1000
[SKIP  ] bb_libhwui_28e200_c0         reference: unsupported insn 0x4f03f611
[SKIP  ] bb_libhwui_28e200_c1         reference: unsupported insn 0x4f03f611
[SKIP  ] bb_libhwui_28e200_c2         reference: unsupported insn 0x4f03f611
[PASS  ] bb_libhwui_28e218_c0         (107 bytes x86)
[PASS  ] bb_libhwui_28e218_c1         (107 bytes x86)
[PASS  ] bb_libhwui_28e218_c2         (107 bytes x86)
[PASS  ] bb_libhwui_28e780_c0         (849 bytes x86)
[PASS  ] bb_libhwui_28e780_c1         (849 bytes x86)
[PASS  ] bb_libhwui_28e780_c2         (849 bytes x86)
[PASS  ] bb_libhwui_28e7a0_c0         (849 bytes x86)
[PASS  ] bb_libhwui_28e7a0_c1         (849 bytes x86)
[PASS  ] bb_libhwui_28e7a0_c2         (849 bytes x86)
[PASS  ] bb_libhwui_28e7c0_c0         (549 bytes x86)
[PASS  ] bb_libhwui_28e7c0_c1         (549 bytes x86)
[PASS  ] bb_libhwui_28e7c0_c2         (549 bytes x86)
[PASS  ] bb_libhwui_28e8d0_c0         (83 bytes x86)
[PASS  ] bb_libhwui_28e8d0_c1         (83 bytes x86)
[PASS  ] bb_libhwui_28e8d0_c2         (83 bytes x86)
[PASS  ] bb_libhwui_28f158_c0         (207 bytes x86)
[PASS  ] bb_libhwui_28f158_c1         (207 bytes x86)
[PASS  ] bb_libhwui_28f158_c2         (207 bytes x86)
[SKIP  ] bb_libhwui_28f188_c0         reference: unsupported insn 0x1e2e1000
[SKIP  ] bb_libhwui_28f188_c1         reference: unsupported insn 0x1e2e1000
[SKIP  ] bb_libhwui_28f188_c2         reference: unsupported insn 0x1e2e1000
[PASS  ] bb_libhwui_28f708_c0         (246 bytes x86)
[PASS  ] bb_libhwui_28f708_c1         (246 bytes x86)
[PASS  ] bb_libhwui_28f708_c2         (246 bytes x86)
[PASS  ] bb_libhwui_28fd78_c0         (183 bytes x86)
[PASS  ] bb_libhwui_28fd78_c1         (183 bytes x86)
[PASS  ] bb_libhwui_28fd78_c2         (183 bytes x86)
[SKIP  ] bb_libhwui_28fea4_c0         reference: unsupported insn 0x1e260049
[SKIP  ] bb_libhwui_28fea4_c1         reference: unsupported insn 0x1e260049
[SKIP  ] bb_libhwui_28fea4_c2         reference: unsupported insn 0x1e260049
[SKIP  ] bb_libhwui_28feb0_c0         reference: unsupported insn 0x1e6c1003
[SKIP  ] bb_libhwui_28feb0_c1         reference: unsupported insn 0x1e6c1003
[SKIP  ] bb_libhwui_28feb0_c2         reference: unsupported insn 0x1e6c1003
[SKIP  ] bb_libhwui_28fed0_c0         reference: unsupported insn 0x1e270105
[SKIP  ] bb_libhwui_28fed0_c1         reference: unsupported insn 0x1e270105
[SKIP  ] bb_libhwui_28fed0_c2         reference: unsupported insn 0x1e270105
[SKIP  ] bb_libhwui_28fef0_c0         reference: unsupported insn 0x5e0c0442
[SKIP  ] bb_libhwui_28fef0_c1         reference: unsupported insn 0x5e0c0442
[SKIP  ] bb_libhwui_28fef0_c2         reference: unsupported insn 0x5e0c0442
[SKIP  ] bb_libhwui_28ff10_c0         reference: unsupported insn 0x1e270123
[SKIP  ] bb_libhwui_28ff10_c1         reference: unsupported insn 0x1e270123
[SKIP  ] bb_libhwui_28ff10_c2         reference: unsupported insn 0x1e270123
[SKIP  ] bb_libhwui_28ff28_c0         reference: unsupported insn 0x6f056621
[SKIP  ] bb_libhwui_28ff28_c1         reference: unsupported insn 0x6f056621
[SKIP  ] bb_libhwui_28ff28_c2         reference: unsupported insn 0x6f056621
[SKIP  ] bb_libhwui_290080_c0         reference: unsupported insn 0x1e260009
[SKIP  ] bb_libhwui_290080_c1         reference: unsupported insn 0x1e260009
[SKIP  ] bb_libhwui_290080_c2         reference: unsupported insn 0x1e260009
[SKIP  ] bb_libhwui_2900ac_c0         reference: unsupported insn 0x9e66000a
[SKIP  ] bb_libhwui_2900ac_c1         reference: unsupported insn 0x9e66000a
[SKIP  ] bb_libhwui_2900ac_c2         reference: unsupported insn 0x9e66000a
[SKIP  ] bb_libhwui_290174_c0         reference: unsupported insn 0x2f03d7e0
[SKIP  ] bb_libhwui_290174_c1         reference: unsupported insn 0x2f03d7e0
[SKIP  ] bb_libhwui_290174_c2         reference: unsupported insn 0x2f03d7e0
[SKIP  ] bb_libhwui_290b20_c0         reference: unsupported insn 0x2f00e400
[SKIP  ] bb_libhwui_290b20_c1         reference: unsupported insn 0x2f00e400
[SKIP  ] bb_libhwui_290b20_c2         reference: unsupported insn 0x2f00e400
[SKIP  ] bb_libhwui_2910a0_c0         reference: unsupported insn 0x1e270100
[SKIP  ] bb_libhwui_2910a0_c1         reference: unsupported insn 0x1e270100
[SKIP  ] bb_libhwui_2910a0_c2         reference: unsupported insn 0x1e270100
[SKIP  ] bb_libhwui_2910dc_c0         reference: unsupported insn 0x1e270100
[SKIP  ] bb_libhwui_2910dc_c1         reference: unsupported insn 0x1e270100
[SKIP  ] bb_libhwui_2910dc_c2         reference: unsupported insn 0x1e270100
[SKIP  ] bb_libhwui_291124_c0         reference: unsupported insn 0x1e2601a8
[SKIP  ] bb_libhwui_291124_c1         reference: unsupported insn 0x1e2601a8
[SKIP  ] bb_libhwui_291124_c2         reference: unsupported insn 0x1e2601a8
[SKIP  ] bb_libhwui_291164_c0         reference: unsupported insn 0x2f00e40b
[SKIP  ] bb_libhwui_291164_c1         reference: unsupported insn 0x2f00e40b
[SKIP  ] bb_libhwui_291164_c2         reference: unsupported insn 0x2f00e40b
[SKIP  ] bb_libhwui_291184_c0         reference: unsupported insn 0x1e270101
[SKIP  ] bb_libhwui_291184_c1         reference: unsupported insn 0x1e270101
[SKIP  ] bb_libhwui_291184_c2         reference: unsupported insn 0x1e270101
[SKIP  ] bb_libhwui_291380_c0         reference: unsupported insn 0x0e61680a
[SKIP  ] bb_libhwui_291380_c1         reference: unsupported insn 0x0e61680a
[SKIP  ] bb_libhwui_291380_c2         reference: unsupported insn 0x0e61680a
[SKIP  ] bb_libhwui_29174c_c0         reference: unsupported insn 0x1e2600a8
[SKIP  ] bb_libhwui_29174c_c1         reference: unsupported insn 0x1e2600a8
[SKIP  ] bb_libhwui_29174c_c2         reference: unsupported insn 0x1e2600a8
[SKIP  ] bb_libhwui_29176c_c0         reference: unsupported insn 0x1e270107
[SKIP  ] bb_libhwui_29176c_c1         reference: unsupported insn 0x1e270107
[SKIP  ] bb_libhwui_29176c_c2         reference: unsupported insn 0x1e270107
[SKIP  ] bb_libhwui_29178c_c0         reference: unsupported insn 0x5ea1b8c7
[SKIP  ] bb_libhwui_29178c_c1         reference: unsupported insn 0x5ea1b8c7
[SKIP  ] bb_libhwui_29178c_c2         reference: unsupported insn 0x5ea1b8c7
[SKIP  ] bb_libhwui_2917d8_c0         reference: unsupported insn 0x2f056630
[SKIP  ] bb_libhwui_2917d8_c1         reference: unsupported insn 0x2f056630
[SKIP  ] bb_libhwui_2917d8_c2         reference: unsupported insn 0x2f056630
[SKIP  ] bb_libhwui_291818_c0         reference: unsupported insn 0x0e21d8f1
[SKIP  ] bb_libhwui_291818_c1         reference: unsupported insn 0x0e21d8f1
[SKIP  ] bb_libhwui_291818_c2         reference: unsupported insn 0x0e21d8f1
[SKIP  ] bb_libhwui_291838_c0         reference: unsupported insn 0x2e205a10
[SKIP  ] bb_libhwui_291838_c1         reference: unsupported insn 0x2e205a10
[SKIP  ] bb_libhwui_291838_c2         reference: unsupported insn 0x2e205a10
[PASS  ] bb_libhwui_291870_c0         (443 bytes x86)
[PASS  ] bb_libhwui_291870_c1         (443 bytes x86)
[PASS  ] bb_libhwui_291870_c2         (443 bytes x86)
[SKIP  ] bb_libhwui_291a74_c0         reference: unsupported insn 0x1e311000
[SKIP  ] bb_libhwui_291a74_c1         reference: unsupported insn 0x1e311000
[SKIP  ] bb_libhwui_291a74_c2         reference: unsupported insn 0x1e311000
[SKIP  ] bb_libhwui_291bd0_c0         reference: unsupported insn 0x0f0265c0
[SKIP  ] bb_libhwui_291bd0_c1         reference: unsupported insn 0x0f0265c0
[SKIP  ] bb_libhwui_291bd0_c2         reference: unsupported insn 0x0f0265c0
[SKIP  ] bb_libhwui_291bdc_c0         reference: unsupported insn 0x1e280128
[SKIP  ] bb_libhwui_291bdc_c1         reference: unsupported insn 0x1e280128
[SKIP  ] bb_libhwui_291bdc_c2         reference: unsupported insn 0x1e280128
[SKIP  ] bb_libhwui_2921ec_c0         reference: unsupported insn 0x0f026480
[SKIP  ] bb_libhwui_2921ec_c1         reference: unsupported insn 0x0f026480
[SKIP  ] bb_libhwui_2921ec_c2         reference: unsupported insn 0x0f026480
[SKIP  ] bb_libhwui_293a90_c0         reference: unsupported insn 0x9e670110
[SKIP  ] bb_libhwui_293a90_c1         reference: unsupported insn 0x9e670110
[SKIP  ] bb_libhwui_293a90_c2         reference: unsupported insn 0x9e670110
[PASS  ] bb_libhwui_293ab0_c0         (344 bytes x86)
[PASS  ] bb_libhwui_293ab0_c1         (344 bytes x86)
[PASS  ] bb_libhwui_293ab0_c2         (344 bytes x86)
[PASS  ] bb_libhwui_293ad0_c0         (475 bytes x86)
[PASS  ] bb_libhwui_293ad0_c1         (475 bytes x86)
[PASS  ] bb_libhwui_293ad0_c2         (475 bytes x86)
[PASS  ] bb_libhwui_293af0_c0         (488 bytes x86)
[PASS  ] bb_libhwui_293af0_c1         (488 bytes x86)
[PASS  ] bb_libhwui_293af0_c2         (488 bytes x86)
[SKIP  ] bb_libhwui_293b78_c0         reference: unsupported insn 0x0f026440
[SKIP  ] bb_libhwui_293b78_c1         reference: unsupported insn 0x0f026440
[SKIP  ] bb_libhwui_293b78_c2         reference: unsupported insn 0x0f026440
[SKIP  ] bb_libhwui_294770_c0         reference: unsupported insn 0x2f00e402
[SKIP  ] bb_libhwui_294770_c1         reference: unsupported insn 0x2f00e402
[SKIP  ] bb_libhwui_294770_c2         reference: unsupported insn 0x2f00e402
[SKIP  ] bb_libhwui_294a20_c0         reference: unsupported insn 0x4f03f601
[SKIP  ] bb_libhwui_294a20_c1         reference: unsupported insn 0x4f03f601
[SKIP  ] bb_libhwui_294a20_c2         reference: unsupported insn 0x4f03f601
[PASS  ] bb_libhwui_294a40_c0         (416 bytes x86)
[PASS  ] bb_libhwui_294a40_c1         (416 bytes x86)
[PASS  ] bb_libhwui_294a40_c2         (416 bytes x86)
[PASS  ] bb_libhwui_294a60_c0         (443 bytes x86)
[PASS  ] bb_libhwui_294a60_c1         (443 bytes x86)
[PASS  ] bb_libhwui_294a60_c2         (443 bytes x86)
[SKIP  ] bb_libhwui_294a80_c0         reference: unsupported insn 0x5e0c0401
[SKIP  ] bb_libhwui_294a80_c1         reference: unsupported insn 0x5e0c0401
[SKIP  ] bb_libhwui_294a80_c2         reference: unsupported insn 0x5e0c0401
[PASS  ] bb_libhwui_294ab8_c0         (471 bytes x86)
[PASS  ] bb_libhwui_294ab8_c1         (471 bytes x86)
[PASS  ] bb_libhwui_294ab8_c2         (471 bytes x86)
[PASS  ] bb_libhwui_294ad8_c0         (444 bytes x86)
[PASS  ] bb_libhwui_294ad8_c1         (444 bytes x86)
[PASS  ] bb_libhwui_294ad8_c2         (444 bytes x86)
[SKIP  ] bb_libhwui_294af8_c0         reference: unsupported insn 0x4ea00850
[SKIP  ] bb_libhwui_294af8_c1         reference: unsupported insn 0x4ea00850
[SKIP  ] bb_libhwui_294af8_c2         reference: unsupported insn 0x4ea00850
[PASS  ] bb_libhwui_294b18_c0         (444 bytes x86)
[PASS  ] bb_libhwui_294b18_c1         (444 bytes x86)
[PASS  ] bb_libhwui_294b18_c2         (444 bytes x86)
[PASS  ] bb_libhwui_294b38_c0         (504 bytes x86)
[PASS  ] bb_libhwui_294b38_c1         (504 bytes x86)
[PASS  ] bb_libhwui_294b38_c2         (504 bytes x86)
[SKIP  ] bb_libhwui_294b58_c0         reference: unsupported insn 0x5e0c04e3
[SKIP  ] bb_libhwui_294b58_c1         reference: unsupported insn 0x5e0c04e3
[SKIP  ] bb_libhwui_294b58_c2         reference: unsupported insn 0x5e0c04e3
[SKIP  ] bb_libhwui_294b78_c0         reference: unsupported insn 0x5e0c04d2
[SKIP  ] bb_libhwui_294b78_c1         reference: unsupported insn 0x5e0c04d2
[SKIP  ] bb_libhwui_294b78_c2         reference: unsupported insn 0x5e0c04d2
[SKIP  ] bb_libhwui_294b98_c0         reference: unsupported insn 0x5e0c0487
[SKIP  ] bb_libhwui_294b98_c1         reference: unsupported insn 0x5e0c0487
[SKIP  ] bb_libhwui_294b98_c2         reference: unsupported insn 0x5e0c0487
[PASS  ] bb_libhwui_294bb8_c0         (551 bytes x86)
[PASS  ] bb_libhwui_294bb8_c1         (551 bytes x86)
[PASS  ] bb_libhwui_294bb8_c2         (551 bytes x86)
[PASS  ] bb_libhwui_294bd8_c0         (425 bytes x86)
[PASS  ] bb_libhwui_294bd8_c1         (425 bytes x86)
[PASS  ] bb_libhwui_294bd8_c2         (425 bytes x86)
[PASS  ] bb_libhwui_294bf8_c0         (297 bytes x86)
[PASS  ] bb_libhwui_294bf8_c1         (297 bytes x86)
[PASS  ] bb_libhwui_294bf8_c2         (297 bytes x86)
[PASS  ] bb_libhwui_294c18_c0         (370 bytes x86)
[PASS  ] bb_libhwui_294c18_c1         (370 bytes x86)
[PASS  ] bb_libhwui_294c18_c2         (370 bytes x86)
[SKIP  ] bb_libhwui_296594_c0         reference: unsupported insn 0x1e270020
[SKIP  ] bb_libhwui_296594_c1         reference: unsupported insn 0x1e270020
[SKIP  ] bb_libhwui_296594_c2         reference: unsupported insn 0x1e270020
[SKIP  ] bb_libhwui_29687c_c0         reference: unsupported insn 0x2f00e400
[SKIP  ] bb_libhwui_29687c_c1         reference: unsupported insn 0x2f00e400
[SKIP  ] bb_libhwui_29687c_c2         reference: unsupported insn 0x2f00e400
[SKIP  ] bb_libhwui_299544_c0         reference: unsupported insn 0x0ea00803
[SKIP  ] bb_libhwui_299544_c1         reference: unsupported insn 0x0ea00803
[SKIP  ] bb_libhwui_299544_c2         reference: unsupported insn 0x0ea00803
[SKIP  ] bb_libhwui_29958c_c0         reference: unsupported insn 0x0ea00801
[SKIP  ] bb_libhwui_29958c_c1         reference: unsupported insn 0x0ea00801
[SKIP  ] bb_libhwui_29958c_c2         reference: unsupported insn 0x0ea00801
[SKIP  ] bb_libhwui_2996d4_c0         reference: unsupported insn 0x1e6c1005
[SKIP  ] bb_libhwui_2996d4_c1         reference: unsupported insn 0x1e6c1005
[SKIP  ] bb_libhwui_2996d4_c2         reference: unsupported insn 0x1e6c1005
[SKIP  ] bb_libhwui_2996f4_c0         reference: unsupported insn 0x7ea1d486
[SKIP  ] bb_libhwui_2996f4_c1         reference: unsupported insn 0x7ea1d486
[SKIP  ] bb_libhwui_2996f4_c2         reference: unsupported insn 0x7ea1d486
[SKIP  ] bb_libhwui_299700_c0         reference: unsupported insn 0x1e270107
[SKIP  ] bb_libhwui_299700_c1         reference: unsupported insn 0x1e270107
[SKIP  ] bb_libhwui_299700_c2         reference: unsupported insn 0x1e270107
[SKIP  ] bb_libhwui_299720_c0         reference: unsupported insn 0x1e6c1007
[SKIP  ] bb_libhwui_299720_c1         reference: unsupported insn 0x1e6c1007
[SKIP  ] bb_libhwui_299720_c2         reference: unsupported insn 0x1e6c1007
[SKIP  ] bb_libhwui_299744_c0         reference: unsupported insn 0x1e270111
[SKIP  ] bb_libhwui_299744_c1         reference: unsupported insn 0x1e270111
[SKIP  ] bb_libhwui_299744_c2         reference: unsupported insn 0x1e270111
[PASS  ] bb_libhwui_2997c8_c0         (296 bytes x86)
[PASS  ] bb_libhwui_2997c8_c1         (296 bytes x86)
[PASS  ] bb_libhwui_2997c8_c2         (296 bytes x86)
[PASS  ] bb_libhwui_299a38_c0         (107 bytes x86)
[PASS  ] bb_libhwui_299a38_c1         (107 bytes x86)
[PASS  ] bb_libhwui_299a38_c2         (107 bytes x86)
[PASS  ] bb_libhwui_299a80_c0         (288 bytes x86)
[PASS  ] bb_libhwui_299a80_c1         (288 bytes x86)
[PASS  ] bb_libhwui_299a80_c2         (288 bytes x86)
[PASS  ] bb_libhwui_29ad4c_c0         (730 bytes x86)
[PASS  ] bb_libhwui_29ad4c_c1         (730 bytes x86)
[PASS  ] bb_libhwui_29ad4c_c2         (730 bytes x86)
[PASS  ] bb_libhwui_29af28_c0         (218 bytes x86)
[PASS  ] bb_libhwui_29af28_c1         (218 bytes x86)
[PASS  ] bb_libhwui_29af28_c2         (218 bytes x86)
[PASS  ] bb_libhwui_29b080_c0         (730 bytes x86)
[PASS  ] bb_libhwui_29b080_c1         (730 bytes x86)
[PASS  ] bb_libhwui_29b080_c2         (730 bytes x86)
[SKIP  ] bb_libhwui_29b34c_c0         reference: unsupported insn 0x1e2e1001
[SKIP  ] bb_libhwui_29b34c_c1         reference: unsupported insn 0x1e2e1001
[SKIP  ] bb_libhwui_29b34c_c2         reference: unsupported insn 0x1e2e1001
[SKIP  ] bb_libhwui_29b3fc_c0         reference: unsupported insn 0x1e260008
[SKIP  ] bb_libhwui_29b3fc_c1         reference: unsupported insn 0x1e260008
[SKIP  ] bb_libhwui_29b3fc_c2         reference: unsupported insn 0x1e260008
[SKIP  ] bb_libhwui_29b438_c0         reference: unsupported insn 0x1e2e1001
[SKIP  ] bb_libhwui_29b438_c1         reference: unsupported insn 0x1e2e1001
[SKIP  ] bb_libhwui_29b438_c2         reference: unsupported insn 0x1e2e1001
[SKIP  ] bb_libhwui_29b4ac_c0         reference: unsupported insn 0x4ea00823
[SKIP  ] bb_libhwui_29b4ac_c1         reference: unsupported insn 0x4ea00823
[SKIP  ] bb_libhwui_29b4ac_c2         reference: unsupported insn 0x4ea00823
[SKIP  ] bb_libhwui_29b4ec_c0         reference: unsupported insn 0x1e260008
[SKIP  ] bb_libhwui_29b4ec_c1         reference: unsupported insn 0x1e260008
[SKIP  ] bb_libhwui_29b4ec_c2         reference: unsupported insn 0x1e260008
[PASS  ] bb_libhwui_29b56c_c0         (429 bytes x86)
[PASS  ] bb_libhwui_29b56c_c1         (429 bytes x86)
[PASS  ] bb_libhwui_29b56c_c2         (429 bytes x86)
[PASS  ] bb_libhwui_29b58c_c0         (734 bytes x86)
[PASS  ] bb_libhwui_29b58c_c1         (734 bytes x86)
[PASS  ] bb_libhwui_29b58c_c2         (734 bytes x86)
[PASS  ] bb_libhwui_29b5f4_c0         (417 bytes x86)
[PASS  ] bb_libhwui_29b5f4_c1         (417 bytes x86)
[PASS  ] bb_libhwui_29b5f4_c2         (417 bytes x86)
[SKIP  ] bb_libhwui_29b924_c0         reference: unsupported insn 0x4ea00b37
[SKIP  ] bb_libhwui_29b924_c1         reference: unsupported insn 0x4ea00b37
[SKIP  ] bb_libhwui_29b924_c2         reference: unsupported insn 0x4ea00b37
[PASS  ] bb_libhwui_29b944_c0         (425 bytes x86)
[PASS  ] bb_libhwui_29b944_c1         (425 bytes x86)
[PASS  ] bb_libhwui_29b944_c2         (425 bytes x86)
[PASS  ] bb_libhwui_29b964_c0         (428 bytes x86)
[PASS  ] bb_libhwui_29b964_c1         (428 bytes x86)
[PASS  ] bb_libhwui_29b964_c2         (428 bytes x86)
[PASS  ] bb_libhwui_29b9ac_c0         (382 bytes x86)
[PASS  ] bb_libhwui_29b9ac_c1         (382 bytes x86)
[PASS  ] bb_libhwui_29b9ac_c2         (382 bytes x86)
[PASS  ] bb_libhwui_29b9cc_c0         (390 bytes x86)
[PASS  ] bb_libhwui_29b9cc_c1         (390 bytes x86)
[PASS  ] bb_libhwui_29b9cc_c2         (390 bytes x86)
[PASS  ] bb_libhwui_29ba0c_c0         (404 bytes x86)
[PASS  ] bb_libhwui_29ba0c_c1         (404 bytes x86)
[PASS  ] bb_libhwui_29ba0c_c2         (404 bytes x86)
[SKIP  ] bb_libhwui_29ba2c_c0         reference: unsupported insn 0x6e205b9c
[SKIP  ] bb_libhwui_29ba2c_c1         reference: unsupported insn 0x6e205b9c
[SKIP  ] bb_libhwui_29ba2c_c2         reference: unsupported insn 0x6e205b9c
[PASS  ] bb_libhwui_29ba4c_c0         (426 bytes x86)
[PASS  ] bb_libhwui_29ba4c_c1         (426 bytes x86)
[PASS  ] bb_libhwui_29ba4c_c2         (426 bytes x86)
[PASS  ] bb_libhwui_29baac_c0         (467 bytes x86)
[PASS  ] bb_libhwui_29baac_c1         (467 bytes x86)
[PASS  ] bb_libhwui_29baac_c2         (467 bytes x86)
[SKIP  ] bb_libhwui_29bb4c_c0         reference: unsupported insn 0x6e205af0
[SKIP  ] bb_libhwui_29bb4c_c1         reference: unsupported insn 0x6e205af0
[SKIP  ] bb_libhwui_29bb4c_c2         reference: unsupported insn 0x6e205af0
[PASS  ] bb_libhwui_29bb8c_c0         (433 bytes x86)
[PASS  ] bb_libhwui_29bb8c_c1         (433 bytes x86)
[PASS  ] bb_libhwui_29bb8c_c2         (433 bytes x86)
[PASS  ] bb_libhwui_29be64_c0         (425 bytes x86)
[PASS  ] bb_libhwui_29be64_c1         (425 bytes x86)
[PASS  ] bb_libhwui_29be64_c2         (425 bytes x86)
[PASS  ] bb_libhwui_29bed0_c0         (387 bytes x86)
[PASS  ] bb_libhwui_29bed0_c1         (387 bytes x86)
[PASS  ] bb_libhwui_29bed0_c2         (387 bytes x86)
[SKIP  ] bb_libhwui_29bef0_c0         reference: unsupported insn 0x6e205a6e
[SKIP  ] bb_libhwui_29bef0_c1         reference: unsupported insn 0x6e205a6e
[SKIP  ] bb_libhwui_29bef0_c2         reference: unsupported insn 0x6e205a6e
[PASS  ] bb_libhwui_29bf10_c0         (432 bytes x86)
[PASS  ] bb_libhwui_29bf10_c1         (432 bytes x86)
[PASS  ] bb_libhwui_29bf10_c2         (432 bytes x86)
[PASS  ] bb_libhwui_29bf30_c0         (364 bytes x86)
[PASS  ] bb_libhwui_29bf30_c1         (364 bytes x86)
[PASS  ] bb_libhwui_29bf30_c2         (364 bytes x86)
[PASS  ] bb_libhwui_29bf50_c0         (441 bytes x86)
[PASS  ] bb_libhwui_29bf50_c1         (441 bytes x86)
[PASS  ] bb_libhwui_29bf50_c2         (441 bytes x86)
[PASS  ] bb_libhwui_29bf70_c0         (399 bytes x86)
[PASS  ] bb_libhwui_29bf70_c1         (399 bytes x86)
[PASS  ] bb_libhwui_29bf70_c2         (399 bytes x86)
[PASS  ] bb_libhwui_29c0b0_c0         (416 bytes x86)
[PASS  ] bb_libhwui_29c0b0_c1         (416 bytes x86)
[PASS  ] bb_libhwui_29c0b0_c2         (416 bytes x86)
[SKIP  ] bb_libhwui_29c13c_c0         reference: unsupported insn 0x4ea00845
[SKIP  ] bb_libhwui_29c13c_c1         reference: unsupported insn 0x4ea00845
[SKIP  ] bb_libhwui_29c13c_c2         reference: unsupported insn 0x4ea00845
[PASS  ] bb_libhwui_29c190_c0         (351 bytes x86)
[PASS  ] bb_libhwui_29c190_c1         (351 bytes x86)
[PASS  ] bb_libhwui_29c190_c2         (351 bytes x86)
[PASS  ] bb_libhwui_29c1f0_c0         (400 bytes x86)
[PASS  ] bb_libhwui_29c1f0_c1         (400 bytes x86)
[PASS  ] bb_libhwui_29c1f0_c2         (400 bytes x86)
[PASS  ] bb_libhwui_29c270_c0         (297 bytes x86)
[PASS  ] bb_libhwui_29c270_c1         (297 bytes x86)
[PASS  ] bb_libhwui_29c270_c2         (297 bytes x86)
[PASS  ] bb_libhwui_29c36c_c0         (367 bytes x86)
[PASS  ] bb_libhwui_29c36c_c1         (367 bytes x86)
[PASS  ] bb_libhwui_29c36c_c2         (367 bytes x86)
[SKIP  ] bb_libhwui_29c38c_c0         reference: unsupported insn 0x2e205af3
[SKIP  ] bb_libhwui_29c38c_c1         reference: unsupported insn 0x2e205af3
[SKIP  ] bb_libhwui_29c38c_c2         reference: unsupported insn 0x2e205af3
[PASS  ] bb_libhwui_29c42c_c0         (382 bytes x86)
[PASS  ] bb_libhwui_29c42c_c1         (382 bytes x86)
[PASS  ] bb_libhwui_29c42c_c2         (382 bytes x86)
[PASS  ] bb_libhwui_29c46c_c0         (501 bytes x86)
[PASS  ] bb_libhwui_29c46c_c1         (501 bytes x86)
[PASS  ] bb_libhwui_29c46c_c2         (501 bytes x86)
[SKIP  ] bb_libhwui_29c980_c0         reference: unsupported insn 0x7ea1d403
[SKIP  ] bb_libhwui_29c980_c1         reference: unsupported insn 0x7ea1d403
[SKIP  ] bb_libhwui_29c980_c2         reference: unsupported insn 0x7ea1d403
[SKIP  ] bb_libhwui_29ca04_c0         reference: unsupported insn 0x7ea3d441
[SKIP  ] bb_libhwui_29ca04_c1         reference: unsupported insn 0x7ea3d441
[SKIP  ] bb_libhwui_29ca04_c2         reference: unsupported insn 0x7ea3d441
[PASS  ] bb_libhwui_29cc1c_c0         (433 bytes x86)
[PASS  ] bb_libhwui_29cc1c_c1         (433 bytes x86)
[PASS  ] bb_libhwui_29cc1c_c2         (433 bytes x86)
[PASS  ] bb_libhwui_29cda0_c0         (433 bytes x86)
[PASS  ] bb_libhwui_29cda0_c1         (433 bytes x86)
[PASS  ] bb_libhwui_29cda0_c2         (433 bytes x86)
[PASS  ] bb_libhwui_29cfb8_c0         (433 bytes x86)
[PASS  ] bb_libhwui_29cfb8_c1         (433 bytes x86)
[PASS  ] bb_libhwui_29cfb8_c2         (433 bytes x86)
[PASS  ] bb_libhwui_29d180_c0         (849 bytes x86)
[PASS  ] bb_libhwui_29d180_c1         (849 bytes x86)
[PASS  ] bb_libhwui_29d180_c2         (849 bytes x86)
[SKIP  ] bb_libhwui_29d1c4_c0         reference: unsupported insn 0x1e2e1006
[SKIP  ] bb_libhwui_29d1c4_c1         reference: unsupported insn 0x1e2e1006
[SKIP  ] bb_libhwui_29d1c4_c2         reference: unsupported insn 0x1e2e1006
[SKIP  ] bb_libhwui_29d1d8_c0         reference: unsupported insn 0x0f0167be
[SKIP  ] bb_libhwui_29d1d8_c1         reference: unsupported insn 0x0f0167be
[SKIP  ] bb_libhwui_29d1d8_c2         reference: unsupported insn 0x0f0167be
[PASS  ] bb_libhwui_29d1f8_c0         (433 bytes x86)
[PASS  ] bb_libhwui_29d1f8_c1         (433 bytes x86)
[PASS  ] bb_libhwui_29d1f8_c2         (433 bytes x86)
[SKIP  ] bb_libhwui_29d218_c0         reference: unsupported insn 0x7ebbd75c
[SKIP  ] bb_libhwui_29d218_c1         reference: unsupported insn 0x7ebbd75c
[SKIP  ] bb_libhwui_29d218_c2         reference: unsupported insn 0x7ebbd75c
[PASS  ] bb_libhwui_29d22c_c0         (849 bytes x86)
[PASS  ] bb_libhwui_29d22c_c1         (849 bytes x86)
[PASS  ] bb_libhwui_29d22c_c2         (849 bytes x86)
[PASS  ] bb_libhwui_29d24c_c0         (815 bytes x86)
[PASS  ] bb_libhwui_29d24c_c1         (815 bytes x86)
[PASS  ] bb_libhwui_29d24c_c2         (815 bytes x86)
[SKIP  ] bb_libhwui_29d26c_c0         reference: unsupported insn 0x1e2e101e
[SKIP  ] bb_libhwui_29d26c_c1         reference: unsupported insn 0x1e2e101e
[SKIP  ] bb_libhwui_29d26c_c2         reference: unsupported insn 0x1e2e101e
[SKIP  ] bb_libhwui_29d280_c0         reference: unsupported insn 0x1e2e101c
[SKIP  ] bb_libhwui_29d280_c1         reference: unsupported insn 0x1e2e101c
[SKIP  ] bb_libhwui_29d280_c2         reference: unsupported insn 0x1e2e101c
[SKIP  ] bb_libhwui_29d28c_c0         reference: unsupported insn 0x1e2e101d
[SKIP  ] bb_libhwui_29d28c_c1         reference: unsupported insn 0x1e2e101d
[SKIP  ] bb_libhwui_29d28c_c2         reference: unsupported insn 0x1e2e101d
[SKIP  ] bb_libhwui_29d2ac_c0         reference: unsupported insn 0x0f0167ad
[SKIP  ] bb_libhwui_29d2ac_c1         reference: unsupported insn 0x0f0167ad
[SKIP  ] bb_libhwui_29d2ac_c2         reference: unsupported insn 0x0f0167ad
[SKIP  ] bb_libhwui_29d2cc_c0         reference: unsupported insn 0x7eacd576
[SKIP  ] bb_libhwui_29d2cc_c1         reference: unsupported insn 0x7eacd576
[SKIP  ] bb_libhwui_29d2cc_c2         reference: unsupported insn 0x7eacd576
[SKIP  ] bb_libhwui_29d2fc_c0         reference: unsupported insn 0x4f869006
[SKIP  ] bb_libhwui_29d2fc_c1         reference: unsupported insn 0x4f869006
[SKIP  ] bb_libhwui_29d2fc_c2         reference: unsupported insn 0x4f869006
[SKIP  ] bb_libhwui_29d31c_c0         reference: unsupported insn 0x4f9c901c
[SKIP  ] bb_libhwui_29d31c_c1         reference: unsupported insn 0x4f9c901c
[SKIP  ] bb_libhwui_29d31c_c2         reference: unsupported insn 0x4f9c901c
[SKIP  ] bb_libhwui_29d33c_c0         reference: unsupported insn 0x4f939063
[SKIP  ] bb_libhwui_29d33c_c1         reference: unsupported insn 0x4f939063
[SKIP  ] bb_libhwui_29d33c_c2         reference: unsupported insn 0x4f939063
[SKIP  ] bb_libhwui_29d35c_c0         reference: unsupported insn 0x4f999042
[SKIP  ] bb_libhwui_29d35c_c1         reference: unsupported insn 0x4f999042
[SKIP  ] bb_libhwui_29d35c_c2         reference: unsupported insn 0x4f999042
[SKIP  ] bb_libhwui_29d37c_c0         reference: unsupported insn 0x4f9190c6
[SKIP  ] bb_libhwui_29d37c_c1         reference: unsupported insn 0x4f9190c6
[SKIP  ] bb_libhwui_29d37c_c2         reference: unsupported insn 0x4f9190c6
[SKIP  ] bb_libhwui_29d39c_c0         reference: unsupported insn 0x4f03f604
[SKIP  ] bb_libhwui_29d39c_c1         reference: unsupported insn 0x4f03f604
[SKIP  ] bb_libhwui_29d39c_c2         reference: unsupported insn 0x4f03f604
[PASS  ] bb_libhwui_29d3bc_c0         (445 bytes x86)
[PASS  ] bb_libhwui_29d3bc_c1         (445 bytes x86)
[PASS  ] bb_libhwui_29d3bc_c2         (445 bytes x86)
[PASS  ] bb_libhwui_29d3dc_c0         (431 bytes x86)
[PASS  ] bb_libhwui_29d3dc_c1         (431 bytes x86)
[PASS  ] bb_libhwui_29d3dc_c2         (431 bytes x86)
[PASS  ] bb_libhwui_29d3fc_c0         (439 bytes x86)
[PASS  ] bb_libhwui_29d3fc_c1         (439 bytes x86)
[PASS  ] bb_libhwui_29d3fc_c2         (439 bytes x86)
[SKIP  ] bb_libhwui_29d41c_c0         reference: unsupported insn 0x1e260028
[SKIP  ] bb_libhwui_29d41c_c1         reference: unsupported insn 0x1e260028
[SKIP  ] bb_libhwui_29d41c_c2         reference: unsupported insn 0x1e260028
[PASS  ] bb_libhwui_29daec_c0         (217 bytes x86)
[PASS  ] bb_libhwui_29daec_c1         (217 bytes x86)
[PASS  ] bb_libhwui_29daec_c2         (217 bytes x86)
[PASS  ] bb_libhwui_29db00_c0         (217 bytes x86)
[PASS  ] bb_libhwui_29db00_c1         (217 bytes x86)
[PASS  ] bb_libhwui_29db00_c2         (217 bytes x86)
[PASS  ] bb_libhwui_29db14_c0         (217 bytes x86)
[PASS  ] bb_libhwui_29db14_c1         (217 bytes x86)
[PASS  ] bb_libhwui_29db14_c2         (217 bytes x86)
[PASS  ] bb_libhwui_29db28_c0         (217 bytes x86)
[PASS  ] bb_libhwui_29db28_c1         (217 bytes x86)
[PASS  ] bb_libhwui_29db28_c2         (217 bytes x86)
[SKIP  ] bb_libhwui_29de40_c0         reference: unsupported insn 0x1e2e1001
[SKIP  ] bb_libhwui_29de40_c1         reference: unsupported insn 0x1e2e1001
[SKIP  ] bb_libhwui_29de40_c2         reference: unsupported insn 0x1e2e1001
[SKIP  ] bb_libhwui_29de58_c0         reference: unsupported insn 0x1e2e1002
[SKIP  ] bb_libhwui_29de58_c1         reference: unsupported insn 0x1e2e1002
[SKIP  ] bb_libhwui_29de58_c2         reference: unsupported insn 0x1e2e1002
[SKIP  ] bb_libhwui_29de70_c0         reference: unsupported insn 0x1e2e1003
[SKIP  ] bb_libhwui_29de70_c1         reference: unsupported insn 0x1e2e1003
[SKIP  ] bb_libhwui_29de70_c2         reference: unsupported insn 0x1e2e1003
[SKIP  ] bb_libhwui_29e478_c0         reference: unsupported insn 0x1e2e1000
[SKIP  ] bb_libhwui_29e478_c1         reference: unsupported insn 0x1e2e1000
[SKIP  ] bb_libhwui_29e478_c2         reference: unsupported insn 0x1e2e1000
[SKIP  ] bb_libhwui_29e490_c0         reference: unsupported insn 0x1e2e100c
[SKIP  ] bb_libhwui_29e490_c1         reference: unsupported insn 0x1e2e100c
[SKIP  ] bb_libhwui_29e490_c2         reference: unsupported insn 0x1e2e100c
[SKIP  ] bb_libhwui_29e4a8_c0         reference: unsupported insn 0x1e2e100d
[SKIP  ] bb_libhwui_29e4a8_c1         reference: unsupported insn 0x1e2e100d
[SKIP  ] bb_libhwui_29e4a8_c2         reference: unsupported insn 0x1e2e100d
[SKIP  ] bb_libhwui_29e4c0_c0         reference: unsupported insn 0x1e2e100e
[SKIP  ] bb_libhwui_29e4c0_c1         reference: unsupported insn 0x1e2e100e
[SKIP  ] bb_libhwui_29e4c0_c2         reference: unsupported insn 0x1e2e100e
[SKIP  ] bb_libhwui_29e4d8_c0         reference: unsupported insn 0x1e2e1008
[SKIP  ] bb_libhwui_29e4d8_c1         reference: unsupported insn 0x1e2e1008
[SKIP  ] bb_libhwui_29e4d8_c2         reference: unsupported insn 0x1e2e1008
[PASS  ] bb_libhwui_29f784_c0         (179 bytes x86)
[PASS  ] bb_libhwui_29f784_c1         (179 bytes x86)
[PASS  ] bb_libhwui_29f784_c2         (179 bytes x86)
[PASS  ] bb_libhwui_2a0ae8_c0         (495 bytes x86)
[PASS  ] bb_libhwui_2a0ae8_c1         (495 bytes x86)
[PASS  ] bb_libhwui_2a0ae8_c2         (495 bytes x86)
[SKIP  ] bb_libhwui_2a1204_c0         reference: unsupported insn 0x1e3e1001
[SKIP  ] bb_libhwui_2a1204_c1         reference: unsupported insn 0x1e3e1001
[SKIP  ] bb_libhwui_2a1204_c2         reference: unsupported insn 0x1e3e1001
[SKIP  ] bb_libhwui_2a12dc_c0         reference: unsupported insn 0x7ea0d464
[SKIP  ] bb_libhwui_2a12dc_c1         reference: unsupported insn 0x7ea0d464
[SKIP  ] bb_libhwui_2a12dc_c2         reference: unsupported insn 0x7ea0d464
[SKIP  ] bb_libhwui_2a12f0_c0         reference: unsupported insn 0x1e270105
[SKIP  ] bb_libhwui_2a12f0_c1         reference: unsupported insn 0x1e270105
[SKIP  ] bb_libhwui_2a12f0_c2         reference: unsupported insn 0x1e270105
[SKIP  ] bb_libhwui_2a1304_c0         reference: unsupported insn 0x1e270103
[SKIP  ] bb_libhwui_2a1304_c1         reference: unsupported insn 0x1e270103
[SKIP  ] bb_libhwui_2a1304_c2         reference: unsupported insn 0x1e270103
[SKIP  ] bb_libhwui_2a1318_c0         reference: unsupported insn 0x7ea2d420
[SKIP  ] bb_libhwui_2a1318_c1         reference: unsupported insn 0x7ea2d420
[SKIP  ] bb_libhwui_2a1318_c2         reference: unsupported insn 0x7ea2d420
[SKIP  ] bb_libhwui_2a1438_c0         reference: unsupported insn 0x1e2e1001
[SKIP  ] bb_libhwui_2a1438_c1         reference: unsupported insn 0x1e2e1001
[SKIP  ] bb_libhwui_2a1438_c2         reference: unsupported insn 0x1e2e1001
[SKIP  ] bb_libhwui_2a1460_c0         reference: unsupported insn 0x7ea0d420
[SKIP  ] bb_libhwui_2a1460_c1         reference: unsupported insn 0x7ea0d420
[SKIP  ] bb_libhwui_2a1460_c2         reference: unsupported insn 0x7ea0d420
[SKIP  ] bb_libhwui_2a18d0_c0         reference: unsupported insn 0x1e229002
[SKIP  ] bb_libhwui_2a18d0_c1         reference: unsupported insn 0x1e229002
[SKIP  ] bb_libhwui_2a18d0_c2         reference: unsupported insn 0x1e229002
[SKIP  ] bb_libhwui_2a1920_c0         reference: unsupported insn 0x0ea00865
[SKIP  ] bb_libhwui_2a1920_c1         reference: unsupported insn 0x0ea00865
[SKIP  ] bb_libhwui_2a1920_c2         reference: unsupported insn 0x0ea00865
[SKIP  ] bb_libhwui_2a1940_c0         reference: unsupported insn 0x5e0c04a5
[SKIP  ] bb_libhwui_2a1940_c1         reference: unsupported insn 0x5e0c04a5
[SKIP  ] bb_libhwui_2a1940_c2         reference: unsupported insn 0x5e0c04a5
[SKIP  ] bb_libhwui_2a1a84_c0         reference: unsupported insn 0x5e0c0463
[SKIP  ] bb_libhwui_2a1a84_c1         reference: unsupported insn 0x5e0c0463
[SKIP  ] bb_libhwui_2a1a84_c2         reference: unsupported insn 0x5e0c0463
[SKIP  ] bb_libhwui_2a1ac4_c0         reference: unsupported insn 0x5e0c0462
[SKIP  ] bb_libhwui_2a1ac4_c1         reference: unsupported insn 0x5e0c0462
[SKIP  ] bb_libhwui_2a1ac4_c2         reference: unsupported insn 0x5e0c0462
[SKIP  ] bb_libhwui_2a1b74_c0         reference: unsupported insn 0x0ea00802
[SKIP  ] bb_libhwui_2a1b74_c1         reference: unsupported insn 0x0ea00802
[SKIP  ] bb_libhwui_2a1b74_c2         reference: unsupported insn 0x0ea00802
[PASS  ] bb_libhwui_2a1b94_c0         (197 bytes x86)
[PASS  ] bb_libhwui_2a1b94_c1         (197 bytes x86)
[PASS  ] bb_libhwui_2a1b94_c2         (197 bytes x86)
[PASS  ] bb_libhwui_2a1cbc_c0         (747 bytes x86)
[PASS  ] bb_libhwui_2a1cbc_c1         (747 bytes x86)
[PASS  ] bb_libhwui_2a1cbc_c2         (747 bytes x86)
[PASS  ] bb_libhwui_2a1dcc_c0         (450 bytes x86)
[PASS  ] bb_libhwui_2a1dcc_c1         (450 bytes x86)
[PASS  ] bb_libhwui_2a1dcc_c2         (450 bytes x86)
[PASS  ] bb_libhwui_2a1ee0_c0         (433 bytes x86)
[PASS  ] bb_libhwui_2a1ee0_c1         (433 bytes x86)
[PASS  ] bb_libhwui_2a1ee0_c2         (433 bytes x86)
[PASS  ] bb_libhwui_2a1f70_c0         (166 bytes x86)
[PASS  ] bb_libhwui_2a1f70_c1         (166 bytes x86)
[PASS  ] bb_libhwui_2a1f70_c2         (166 bytes x86)
[PASS  ] bb_libhwui_2a1f88_c0         (161 bytes x86)
[PASS  ] bb_libhwui_2a1f88_c1         (161 bytes x86)
[PASS  ] bb_libhwui_2a1f88_c2         (161 bytes x86)
[PASS  ] bb_libhwui_2a1f94_c0         (179 bytes x86)
[PASS  ] bb_libhwui_2a1f94_c1         (179 bytes x86)
[PASS  ] bb_libhwui_2a1f94_c2         (179 bytes x86)
[PASS  ] bb_libhwui_2a1fa0_c0         (179 bytes x86)
[PASS  ] bb_libhwui_2a1fa0_c1         (179 bytes x86)
[PASS  ] bb_libhwui_2a1fa0_c2         (179 bytes x86)
[PASS  ] bb_libhwui_2a2018_c0         (179 bytes x86)
[PASS  ] bb_libhwui_2a2018_c1         (179 bytes x86)
[PASS  ] bb_libhwui_2a2018_c2         (179 bytes x86)
[PASS  ] bb_libhwui_2a2090_c0         (179 bytes x86)
[PASS  ] bb_libhwui_2a2090_c1         (179 bytes x86)
[PASS  ] bb_libhwui_2a2090_c2         (179 bytes x86)
[SKIP  ] bb_libhwui_2a2180_c0         reference: unsupported insn 0x1e6e100f
[SKIP  ] bb_libhwui_2a2180_c1         reference: unsupported insn 0x1e6e100f
[SKIP  ] bb_libhwui_2a2180_c2         reference: unsupported insn 0x1e6e100f
[PASS  ] bb_libhwui_2a2210_c0         (179 bytes x86)
[PASS  ] bb_libhwui_2a2210_c1         (179 bytes x86)
[PASS  ] bb_libhwui_2a2210_c2         (179 bytes x86)
[SKIP  ] bb_libhwui_2a221c_c0         reference: unsupported insn 0x2f00e402
[SKIP  ] bb_libhwui_2a221c_c1         reference: unsupported insn 0x2f00e402
[SKIP  ] bb_libhwui_2a221c_c2         reference: unsupported insn 0x2f00e402
[SKIP  ] bb_libhwui_2a236c_c0         reference: unsupported insn 0x2f00e410
[SKIP  ] bb_libhwui_2a236c_c1         reference: unsupported insn 0x2f00e410
[SKIP  ] bb_libhwui_2a236c_c2         reference: unsupported insn 0x2f00e410
[SKIP  ] bb_libhwui_2a238c_c0         reference: unsupported insn 0x1e301484
[SKIP  ] bb_libhwui_2a238c_c1         reference: unsupported insn 0x1e301484
[SKIP  ] bb_libhwui_2a238c_c2         reference: unsupported insn 0x1e301484
[SKIP  ] bb_libhwui_2a23ac_c0         reference: unsupported insn 0x1e3014a4
[SKIP  ] bb_libhwui_2a23ac_c1         reference: unsupported insn 0x1e3014a4
[SKIP  ] bb_libhwui_2a23ac_c2         reference: unsupported insn 0x1e3014a4
[SKIP  ] bb_libhwui_2a23ec_c0         reference: unsupported insn 0x1e2c1002
[SKIP  ] bb_libhwui_2a23ec_c1         reference: unsupported insn 0x1e2c1002
[SKIP  ] bb_libhwui_2a23ec_c2         reference: unsupported insn 0x1e2c1002
[PASS  ] bb_libhwui_2a23fc_c0         (179 bytes x86)
[PASS  ] bb_libhwui_2a23fc_c1         (179 bytes x86)
[PASS  ] bb_libhwui_2a23fc_c2         (179 bytes x86)
[SKIP  ] bb_libhwui_2a2414_c0         reference: unsupported insn 0x1e230420
[SKIP  ] bb_libhwui_2a2414_c1         reference: unsupported insn 0x1e230420
[SKIP  ] bb_libhwui_2a2414_c2         reference: unsupported insn 0x1e230420
[PASS  ] bb_libhwui_2a244c_c0         (179 bytes x86)
[PASS  ] bb_libhwui_2a244c_c1         (179 bytes x86)
[PASS  ] bb_libhwui_2a244c_c2         (179 bytes x86)
[PASS  ] bb_libhwui_2a2460_c0         (179 bytes x86)
[PASS  ] bb_libhwui_2a2460_c1         (179 bytes x86)
[PASS  ] bb_libhwui_2a2460_c2         (179 bytes x86)
[PASS  ] bb_libhwui_2a2474_c0         (179 bytes x86)
[PASS  ] bb_libhwui_2a2474_c1         (179 bytes x86)
[PASS  ] bb_libhwui_2a2474_c2         (179 bytes x86)
[PASS  ] bb_libhwui_2a2488_c0         (179 bytes x86)
[PASS  ] bb_libhwui_2a2488_c1         (179 bytes x86)
[PASS  ] bb_libhwui_2a2488_c2         (179 bytes x86)
[PASS  ] bb_libhwui_2a249c_c0         (179 bytes x86)
[PASS  ] bb_libhwui_2a249c_c1         (179 bytes x86)
[PASS  ] bb_libhwui_2a249c_c2         (179 bytes x86)
[PASS  ] bb_libhwui_2a24b0_c0         (179 bytes x86)
[PASS  ] bb_libhwui_2a24b0_c1         (179 bytes x86)
[PASS  ] bb_libhwui_2a24b0_c2         (179 bytes x86)
[PASS  ] bb_libhwui_2a24c4_c0         (179 bytes x86)
[PASS  ] bb_libhwui_2a24c4_c1         (179 bytes x86)
[PASS  ] bb_libhwui_2a24c4_c2         (179 bytes x86)
[PASS  ] bb_libhwui_2a24d8_c0         (179 bytes x86)
[PASS  ] bb_libhwui_2a24d8_c1         (179 bytes x86)
[PASS  ] bb_libhwui_2a24d8_c2         (179 bytes x86)
[PASS  ] bb_libhwui_2a24ec_c0         (179 bytes x86)
[PASS  ] bb_libhwui_2a24ec_c1         (179 bytes x86)
[PASS  ] bb_libhwui_2a24ec_c2         (179 bytes x86)
[PASS  ] bb_libhwui_2a2500_c0         (179 bytes x86)
[PASS  ] bb_libhwui_2a2500_c1         (179 bytes x86)
[PASS  ] bb_libhwui_2a2500_c2         (179 bytes x86)
[PASS  ] bb_libhwui_2a2514_c0         (179 bytes x86)
[PASS  ] bb_libhwui_2a2514_c1         (179 bytes x86)
[PASS  ] bb_libhwui_2a2514_c2         (179 bytes x86)
[PASS  ] bb_libhwui_2a2528_c0         (179 bytes x86)
[PASS  ] bb_libhwui_2a2528_c1         (179 bytes x86)
[PASS  ] bb_libhwui_2a2528_c2         (179 bytes x86)
[PASS  ] bb_libhwui_2a253c_c0         (179 bytes x86)
[PASS  ] bb_libhwui_2a253c_c1         (179 bytes x86)
[PASS  ] bb_libhwui_2a253c_c2         (179 bytes x86)
[PASS  ] bb_libhwui_2a2550_c0         (179 bytes x86)
[PASS  ] bb_libhwui_2a2550_c1         (179 bytes x86)
[PASS  ] bb_libhwui_2a2550_c2         (179 bytes x86)
[PASS  ] bb_libhwui_2a2564_c0         (179 bytes x86)
[PASS  ] bb_libhwui_2a2564_c1         (179 bytes x86)
[PASS  ] bb_libhwui_2a2564_c2         (179 bytes x86)
[PASS  ] bb_libhwui_2a2578_c0         (179 bytes x86)
[PASS  ] bb_libhwui_2a2578_c1         (179 bytes x86)
[PASS  ] bb_libhwui_2a2578_c2         (179 bytes x86)
[PASS  ] bb_libhwui_2a2584_c0         (795 bytes x86)
[PASS  ] bb_libhwui_2a2584_c1         (795 bytes x86)
[PASS  ] bb_libhwui_2a2584_c2         (795 bytes x86)
[PASS  ] bb_libhwui_2a25a4_c0         (713 bytes x86)
[PASS  ] bb_libhwui_2a25a4_c1         (713 bytes x86)
[PASS  ] bb_libhwui_2a25a4_c2         (713 bytes x86)
[PASS  ] bb_libhwui_2a25c4_c0         (738 bytes x86)
[PASS  ] bb_libhwui_2a25c4_c1         (738 bytes x86)
[PASS  ] bb_libhwui_2a25c4_c2         (738 bytes x86)
[SKIP  ] bb_libhwui_2a25e4_c0         reference: unsupported insn 0x1e210460
[SKIP  ] bb_libhwui_2a25e4_c1         reference: unsupported insn 0x1e210460
[SKIP  ] bb_libhwui_2a25e4_c2         reference: unsupported insn 0x1e210460
[PASS  ] bb_libhwui_2a2604_c0         (735 bytes x86)
[PASS  ] bb_libhwui_2a2604_c1         (735 bytes x86)
[PASS  ] bb_libhwui_2a2604_c2         (735 bytes x86)
[SKIP  ] bb_libhwui_2a2624_c0         reference: unsupported insn 0x1e230420
[SKIP  ] bb_libhwui_2a2624_c1         reference: unsupported insn 0x1e230420
[SKIP  ] bb_libhwui_2a2624_c2         reference: unsupported insn 0x1e230420
[PASS  ] bb_libhwui_2a2644_c0         (376 bytes x86)
[PASS  ] bb_libhwui_2a2644_c1         (376 bytes x86)
[PASS  ] bb_libhwui_2a2644_c2         (376 bytes x86)
[PASS  ] bb_libhwui_2a28c4_c0         (726 bytes x86)
[PASS  ] bb_libhwui_2a28c4_c1         (726 bytes x86)
[PASS  ] bb_libhwui_2a28c4_c2         (726 bytes x86)
[SKIP  ] bb_libhwui_2a2934_c0         reference: unsupported insn 0x2f00e401
[SKIP  ] bb_libhwui_2a2934_c1         reference: unsupported insn 0x2f00e401
[SKIP  ] bb_libhwui_2a2934_c2         reference: unsupported insn 0x2f00e401
[PASS  ] bb_libhwui_2a2a88_c0         (229 bytes x86)
[PASS  ] bb_libhwui_2a2a88_c1         (229 bytes x86)
[PASS  ] bb_libhwui_2a2a88_c2         (229 bytes x86)
[PASS  ] bb_libhwui_2a2b20_c0         (278 bytes x86)
[PASS  ] bb_libhwui_2a2b20_c1         (278 bytes x86)
[PASS  ] bb_libhwui_2a2b20_c2         (278 bytes x86)
[PASS  ] bb_libhwui_2a3344_c0         (178 bytes x86)
[PASS  ] bb_libhwui_2a3344_c1         (178 bytes x86)
[PASS  ] bb_libhwui_2a3344_c2         (178 bytes x86)
[SKIP  ] bb_libhwui_2a3350_c0         reference: unsupported insn 0x1e3e1004
[SKIP  ] bb_libhwui_2a3350_c1         reference: unsupported insn 0x1e3e1004
[SKIP  ] bb_libhwui_2a3350_c2         reference: unsupported insn 0x1e3e1004
[PASS  ] bb_libhwui_2a3370_c0         (288 bytes x86)
[PASS  ] bb_libhwui_2a3370_c1         (288 bytes x86)
[PASS  ] bb_libhwui_2a3370_c2         (288 bytes x86)
[SKIP  ] bb_libhwui_2a33c0_c0         reference: unsupported insn 0x1e2c1004
[SKIP  ] bb_libhwui_2a33c0_c1         reference: unsupported insn 0x1e2c1004
[SKIP  ] bb_libhwui_2a33c0_c2         reference: unsupported insn 0x1e2c1004
[SKIP  ] bb_libhwui_2a3404_c0         reference: unsupported insn 0x0f0167e3
[SKIP  ] bb_libhwui_2a3404_c1         reference: unsupported insn 0x0f0167e3
[SKIP  ] bb_libhwui_2a3404_c2         reference: unsupported insn 0x0f0167e3
[SKIP  ] bb_libhwui_2a342c_c0         reference: unsupported insn 0x0f03f602
[SKIP  ] bb_libhwui_2a342c_c1         reference: unsupported insn 0x0f03f602
[SKIP  ] bb_libhwui_2a342c_c2         reference: unsupported insn 0x0f03f602
[SKIP  ] bb_libhwui_2a4594_c0         reference: unsupported insn 0x1e260049
[SKIP  ] bb_libhwui_2a4594_c1         reference: unsupported insn 0x1e260049
[SKIP  ] bb_libhwui_2a4594_c2         reference: unsupported insn 0x1e260049
[SKIP  ] bb_libhwui_2a4634_c0         reference: unsupported insn 0x5e0c04c0
[SKIP  ] bb_libhwui_2a4634_c1         reference: unsupported insn 0x5e0c04c0
[SKIP  ] bb_libhwui_2a4634_c2         reference: unsupported insn 0x5e0c04c0
[SKIP  ] bb_libhwui_2a46ec_c0         reference: unsupported insn 0x5e0c0404
[SKIP  ] bb_libhwui_2a46ec_c1         reference: unsupported insn 0x5e0c0404
[SKIP  ] bb_libhwui_2a46ec_c2         reference: unsupported insn 0x5e0c0404
[SKIP  ] bb_libhwui_2a476c_c0         reference: unsupported insn 0x1e2c1001
[SKIP  ] bb_libhwui_2a476c_c1         reference: unsupported insn 0x1e2c1001
[SKIP  ] bb_libhwui_2a476c_c2         reference: unsupported insn 0x1e2c1001
[PASS  ] bb_libhwui_2a48e0_c0         (128 bytes x86)
[PASS  ] bb_libhwui_2a48e0_c1         (128 bytes x86)
[PASS  ] bb_libhwui_2a48e0_c2         (128 bytes x86)
[SKIP  ] bb_libhwui_2a4c2c_c0         reference: unsupported insn 0x1e2c1010
[SKIP  ] bb_libhwui_2a4c2c_c1         reference: unsupported insn 0x1e2c1010
[SKIP  ] bb_libhwui_2a4c2c_c2         reference: unsupported insn 0x1e2c1010
[SKIP  ] bb_libhwui_2a4c50_c0         reference: unsupported insn 0x1e2a1011
[SKIP  ] bb_libhwui_2a4c50_c1         reference: unsupported insn 0x1e2a1011
[SKIP  ] bb_libhwui_2a4c50_c2         reference: unsupported insn 0x1e2a1011
[PASS  ] bb_libhwui_2a4c68_c0         (179 bytes x86)
[PASS  ] bb_libhwui_2a4c68_c1         (179 bytes x86)
[PASS  ] bb_libhwui_2a4c68_c2         (179 bytes x86)
[PASS  ] bb_libhwui_2a4c74_c0         (523 bytes x86)
[PASS  ] bb_libhwui_2a4c74_c1         (523 bytes x86)
[PASS  ] bb_libhwui_2a4c74_c2         (523 bytes x86)
[PASS  ] bb_libhwui_2a4c94_c0         (109 bytes x86)
[PASS  ] bb_libhwui_2a4c94_c1         (109 bytes x86)
[PASS  ] bb_libhwui_2a4c94_c2         (109 bytes x86)
[SKIP  ] bb_libhwui_2a4f34_c0         reference: unsupported insn 0x1e2c1010
[SKIP  ] bb_libhwui_2a4f34_c1         reference: unsupported insn 0x1e2c1010
[SKIP  ] bb_libhwui_2a4f34_c2         reference: unsupported insn 0x1e2c1010
[SKIP  ] bb_libhwui_2a4f58_c0         reference: unsupported insn 0x1e2a1011
[SKIP  ] bb_libhwui_2a4f58_c1         reference: unsupported insn 0x1e2a1011
[SKIP  ] bb_libhwui_2a4f58_c2         reference: unsupported insn 0x1e2a1011
[PASS  ] bb_libhwui_2a4f70_c0         (179 bytes x86)
[PASS  ] bb_libhwui_2a4f70_c1         (179 bytes x86)
[PASS  ] bb_libhwui_2a4f70_c2         (179 bytes x86)
[PASS  ] bb_libhwui_2a4f7c_c0         (523 bytes x86)
[PASS  ] bb_libhwui_2a4f7c_c1         (523 bytes x86)
[PASS  ] bb_libhwui_2a4f7c_c2         (523 bytes x86)
[PASS  ] bb_libhwui_2a4f9c_c0         (109 bytes x86)
[PASS  ] bb_libhwui_2a4f9c_c1         (109 bytes x86)
[PASS  ] bb_libhwui_2a4f9c_c2         (109 bytes x86)
[SKIP  ] bb_libhwui_2a5354_c0         reference: unsupported insn 0x0ea00823
[SKIP  ] bb_libhwui_2a5354_c1         reference: unsupported insn 0x0ea00823
[SKIP  ] bb_libhwui_2a5354_c2         reference: unsupported insn 0x0ea00823
[SKIP  ] bb_libhwui_2a5940_c0         reference: unsupported insn 0x1e270102
[SKIP  ] bb_libhwui_2a5940_c1         reference: unsupported insn 0x1e270102
[SKIP  ] bb_libhwui_2a5940_c2         reference: unsupported insn 0x1e270102
[SKIP  ] bb_libhwui_2a5950_c0         reference: unsupported insn 0x1e270101
[SKIP  ] bb_libhwui_2a5950_c1         reference: unsupported insn 0x1e270101
[SKIP  ] bb_libhwui_2a5950_c2         reference: unsupported insn 0x1e270101
[SKIP  ] bb_libhwui_2a59a8_c0         reference: unsupported insn 0x1e270101
[SKIP  ] bb_libhwui_2a59a8_c1         reference: unsupported insn 0x1e270101
[SKIP  ] bb_libhwui_2a59a8_c2         reference: unsupported insn 0x1e270101
[SKIP  ] bb_libhwui_2a59c0_c0         reference: unsupported insn 0x1e2c1000
[SKIP  ] bb_libhwui_2a59c0_c1         reference: unsupported insn 0x1e2c1000
[SKIP  ] bb_libhwui_2a59c0_c2         reference: unsupported insn 0x1e2c1000
[SKIP  ] bb_libhwui_2a59f8_c0         reference: unsupported insn 0x1e260088
[SKIP  ] bb_libhwui_2a59f8_c1         reference: unsupported insn 0x1e260088
[SKIP  ] bb_libhwui_2a59f8_c2         reference: unsupported insn 0x1e260088
[PASS  ] bb_libhwui_2a5a18_c0         (179 bytes x86)
[PASS  ] bb_libhwui_2a5a18_c1         (179 bytes x86)
[PASS  ] bb_libhwui_2a5a18_c2         (179 bytes x86)
[PASS  ] bb_libhwui_2a5a24_c0         (179 bytes x86)
[PASS  ] bb_libhwui_2a5a24_c1         (179 bytes x86)
[PASS  ] bb_libhwui_2a5a24_c2         (179 bytes x86)
[PASS  ] bb_libhwui_2a5a30_c0         (287 bytes x86)
[PASS  ] bb_libhwui_2a5a30_c1         (287 bytes x86)
[PASS  ] bb_libhwui_2a5a30_c2         (287 bytes x86)
[PASS  ] bb_libhwui_2a5a44_c0         (287 bytes x86)
[PASS  ] bb_libhwui_2a5a44_c1         (287 bytes x86)
[PASS  ] bb_libhwui_2a5a44_c2         (287 bytes x86)
[SKIP  ] bb_libhwui_2a5b50_c0         reference: unsupported insn 0x5e0c0420
[SKIP  ] bb_libhwui_2a5b50_c1         reference: unsupported insn 0x5e0c0420
[SKIP  ] bb_libhwui_2a5b50_c2         reference: unsupported insn 0x5e0c0420
[PASS  ] bb_libhwui_2a5b74_c0         (355 bytes x86)
[PASS  ] bb_libhwui_2a5b74_c1         (355 bytes x86)
[PASS  ] bb_libhwui_2a5b74_c2         (355 bytes x86)
[SKIP  ] bb_libhwui_2a6988_c0         reference: unsupported insn 0x1e6f1000
[SKIP  ] bb_libhwui_2a6988_c1         reference: unsupported insn 0x1e6f1000
[SKIP  ] bb_libhwui_2a6988_c2         reference: unsupported insn 0x1e6f1000
[SKIP  ] bb_libhwui_2a8754_c0         reference: unsupported insn 0x2f00e402
[SKIP  ] bb_libhwui_2a8754_c1         reference: unsupported insn 0x2f00e402
[SKIP  ] bb_libhwui_2a8754_c2         reference: unsupported insn 0x2f00e402
[PASS  ] bb_libhwui_2a8810_c0         (394 bytes x86)
[PASS  ] bb_libhwui_2a8810_c1         (394 bytes x86)
[PASS  ] bb_libhwui_2a8810_c2         (394 bytes x86)
[SKIP  ] bb_libhwui_2a8b0c_c0         reference: unsupported insn 0x1e2e1002
[SKIP  ] bb_libhwui_2a8b0c_c1         reference: unsupported insn 0x1e2e1002
[SKIP  ] bb_libhwui_2a8b0c_c2         reference: unsupported insn 0x1e2e1002
[SKIP  ] bb_libhwui_2a8b74_c0         reference: unsupported insn 0x2f00e402
[SKIP  ] bb_libhwui_2a8b74_c1         reference: unsupported insn 0x2f00e402
[SKIP  ] bb_libhwui_2a8b74_c2         reference: unsupported insn 0x2f00e402
[SKIP  ] bb_libhwui_2a8b88_c0         reference: unsupported insn 0x2f00e402
[SKIP  ] bb_libhwui_2a8b88_c1         reference: unsupported insn 0x2f00e402
[SKIP  ] bb_libhwui_2a8b88_c2         reference: unsupported insn 0x2f00e402
[SKIP  ] bb_libhwui_2a8bac_c0         reference: unsupported insn 0x2f00e402
[SKIP  ] bb_libhwui_2a8bac_c1         reference: unsupported insn 0x2f00e402
[SKIP  ] bb_libhwui_2a8bac_c2         reference: unsupported insn 0x2f00e402
[PASS  ] bb_libhwui_2a8e78_c0         (398 bytes x86)
[PASS  ] bb_libhwui_2a8e78_c1         (398 bytes x86)
[PASS  ] bb_libhwui_2a8e78_c2         (398 bytes x86)
[PASS  ] bb_libhwui_2a9ec0_c0         (889 bytes x86)
[PASS  ] bb_libhwui_2a9ec0_c1         (889 bytes x86)
[PASS  ] bb_libhwui_2a9ec0_c2         (889 bytes x86)
[PASS  ] bb_libhwui_2a9ee0_c0         (560 bytes x86)
[PASS  ] bb_libhwui_2a9ee0_c1         (560 bytes x86)
[PASS  ] bb_libhwui_2a9ee0_c2         (560 bytes x86)
[PASS  ] bb_libhwui_2a9f58_c0         (371 bytes x86)
[PASS  ] bb_libhwui_2a9f58_c1         (371 bytes x86)
[PASS  ] bb_libhwui_2a9f58_c2         (371 bytes x86)
[SKIP  ] bb_libhwui_2ab298_c0         reference: unsupported insn 0x4fc29022
[SKIP  ] bb_libhwui_2ab298_c1         reference: unsupported insn 0x4fc29022
[SKIP  ] bb_libhwui_2ab298_c2         reference: unsupported insn 0x4fc29022
[SKIP  ] bb_libhwui_2ab3b0_c0         reference: unsupported insn 0x2f00e401
[SKIP  ] bb_libhwui_2ab3b0_c1         reference: unsupported insn 0x2f00e401
[SKIP  ] bb_libhwui_2ab3b0_c2         reference: unsupported insn 0x2f00e401
[SKIP  ] bb_libhwui_2ab820_c0         reference: unsupported insn 0x5e0c0402
[SKIP  ] bb_libhwui_2ab820_c1         reference: unsupported insn 0x5e0c0402
[SKIP  ] bb_libhwui_2ab820_c2         reference: unsupported insn 0x5e0c0402
[SKIP  ] bb_libhwui_2ab89c_c0         reference: unsupported insn 0x1e270100
[SKIP  ] bb_libhwui_2ab89c_c1         reference: unsupported insn 0x1e270100
[SKIP  ] bb_libhwui_2ab89c_c2         reference: unsupported insn 0x1e270100
[PASS  ] bb_libhwui_2ab8e8_c0         (495 bytes x86)
[PASS  ] bb_libhwui_2ab8e8_c1         (495 bytes x86)
[PASS  ] bb_libhwui_2ab8e8_c2         (495 bytes x86)
[SKIP  ] bb_libhwui_2ab934_c0         reference: unsupported insn 0x0e617800
[SKIP  ] bb_libhwui_2ab934_c1         reference: unsupported insn 0x0e617800
[SKIP  ] bb_libhwui_2ab934_c2         reference: unsupported insn 0x0e617800
[SKIP  ] bb_libhwui_2ab970_c0         reference: unsupported insn 0x0e617821
[SKIP  ] bb_libhwui_2ab970_c1         reference: unsupported insn 0x0e617821
[SKIP  ] bb_libhwui_2ab970_c2         reference: unsupported insn 0x0e617821
[SKIP  ] bb_libhwui_2abec0_c0         reference: unsupported insn 0x6f00e401
[SKIP  ] bb_libhwui_2abec0_c1         reference: unsupported insn 0x6f00e401
[SKIP  ] bb_libhwui_2abec0_c2         reference: unsupported insn 0x6f00e401
[SKIP  ] bb_libhwui_2abee0_c0         reference: unsupported insn 0x4ea1b800
[SKIP  ] bb_libhwui_2abee0_c1         reference: unsupported insn 0x4ea1b800
[SKIP  ] bb_libhwui_2abee0_c2         reference: unsupported insn 0x4ea1b800
[PASS  ] bb_libhwui_2ac350_c0         (555 bytes x86)
[PASS  ] bb_libhwui_2ac350_c1         (555 bytes x86)
[PASS  ] bb_libhwui_2ac350_c2         (555 bytes x86)
[SKIP  ] bb_libhwui_2ad5f0_c0         reference: unsupported insn 0x1e2e1002
[SKIP  ] bb_libhwui_2ad5f0_c1         reference: unsupported insn 0x1e2e1002
[SKIP  ] bb_libhwui_2ad5f0_c2         reference: unsupported insn 0x1e2e1002
[SKIP  ] bb_libhwui_2ae360_c0         reference: unsupported insn 0x1e3e1000
[SKIP  ] bb_libhwui_2ae360_c1         reference: unsupported insn 0x1e3e1000
[SKIP  ] bb_libhwui_2ae360_c2         reference: unsupported insn 0x1e3e1000
[SKIP  ] bb_libhwui_2ae3ec_c0         reference: unsupported insn 0x1e270101
[SKIP  ] bb_libhwui_2ae3ec_c1         reference: unsupported insn 0x1e270101
[SKIP  ] bb_libhwui_2ae3ec_c2         reference: unsupported insn 0x1e270101
[SKIP  ] bb_libhwui_2ae51c_c0         reference: unsupported insn 0x6f00e400
[SKIP  ] bb_libhwui_2ae51c_c1         reference: unsupported insn 0x6f00e400
[SKIP  ] bb_libhwui_2ae51c_c2         reference: unsupported insn 0x6f00e400
[SKIP  ] bb_libhwui_2ae580_c0         reference: unsupported insn 0x9e660009
[SKIP  ] bb_libhwui_2ae580_c1         reference: unsupported insn 0x9e660009
[SKIP  ] bb_libhwui_2ae580_c2         reference: unsupported insn 0x9e660009
[SKIP  ] bb_libhwui_2aea18_c0         reference: unsupported insn 0x2f00e406
[SKIP  ] bb_libhwui_2aea18_c1         reference: unsupported insn 0x2f00e406
[SKIP  ] bb_libhwui_2aea18_c2         reference: unsupported insn 0x2f00e406
[SKIP  ] bb_libhwui_2aea38_c0         reference: unsupported insn 0x1e261464
[SKIP  ] bb_libhwui_2aea38_c1         reference: unsupported insn 0x1e261464
[SKIP  ] bb_libhwui_2aea38_c2         reference: unsupported insn 0x1e261464
[PASS  ] bb_libhwui_2aea58_c0         (119 bytes x86)
[PASS  ] bb_libhwui_2aea58_c1         (119 bytes x86)
[PASS  ] bb_libhwui_2aea58_c2         (119 bytes x86)
[SKIP  ] bb_libhwui_2aeab8_c0         reference: unsupported insn 0x0e6178a5
[SKIP  ] bb_libhwui_2aeab8_c1         reference: unsupported insn 0x0e6178a5
[SKIP  ] bb_libhwui_2aeab8_c2         reference: unsupported insn 0x0e6178a5
[SKIP  ] bb_libhwui_2aeaf8_c0         reference: unsupported insn 0x7e70da24
[SKIP  ] bb_libhwui_2aeaf8_c1         reference: unsupported insn 0x7e70da24
[SKIP  ] bb_libhwui_2aeaf8_c2         reference: unsupported insn 0x7e70da24
[SKIP  ] bb_libhwui_2aeb18_c0         reference: unsupported insn 0x6f00e402
[SKIP  ] bb_libhwui_2aeb18_c1         reference: unsupported insn 0x6f00e402
[SKIP  ] bb_libhwui_2aeb18_c2         reference: unsupported insn 0x6f00e402
[PASS  ] bb_libhwui_2b004c_c0         (726 bytes x86)
[PASS  ] bb_libhwui_2b004c_c1         (726 bytes x86)
[PASS  ] bb_libhwui_2b004c_c2         (726 bytes x86)
[PASS  ] bb_libhwui_2b00f4_c0         (367 bytes x86)
[PASS  ] bb_libhwui_2b00f4_c1         (367 bytes x86)
[PASS  ] bb_libhwui_2b00f4_c2         (367 bytes x86)
[PASS  ] bb_libhwui_2b0154_c0         (364 bytes x86)
[PASS  ] bb_libhwui_2b0154_c1         (364 bytes x86)
[PASS  ] bb_libhwui_2b0154_c2         (364 bytes x86)
[SKIP  ] bb_libhwui_2b0174_c0         reference: unsupported insn 0x5fb09270
[SKIP  ] bb_libhwui_2b0174_c1         reference: unsupported insn 0x5fb09270
[SKIP  ] bb_libhwui_2b0174_c2         reference: unsupported insn 0x5fb09270
[PASS  ] bb_libhwui_2b0194_c0         (321 bytes x86)
[PASS  ] bb_libhwui_2b0194_c1         (321 bytes x86)
[PASS  ] bb_libhwui_2b0194_c2         (321 bytes x86)
[SKIP  ] bb_libhwui_2b114c_c0         reference: unsupported insn 0x1e2e1003
[SKIP  ] bb_libhwui_2b114c_c1         reference: unsupported insn 0x1e2e1003
[SKIP  ] bb_libhwui_2b114c_c2         reference: unsupported insn 0x1e2e1003
[SKIP  ] bb_libhwui_2b1b34_c0         reference: unsupported insn 0x9e6703e0
[SKIP  ] bb_libhwui_2b1b34_c1         reference: unsupported insn 0x9e6703e0
[SKIP  ] bb_libhwui_2b1b34_c2         reference: unsupported insn 0x9e6703e0
[SKIP  ] bb_libhwui_2b1ec4_c0         reference: unsupported insn 0x1e270143
[SKIP  ] bb_libhwui_2b1ec4_c1         reference: unsupported insn 0x1e270143
[SKIP  ] bb_libhwui_2b1ec4_c2         reference: unsupported insn 0x1e270143
[SKIP  ] bb_libhwui_2b1ed8_c0         reference: unsupported insn 0x1e270143
[SKIP  ] bb_libhwui_2b1ed8_c1         reference: unsupported insn 0x1e270143
[SKIP  ] bb_libhwui_2b1ed8_c2         reference: unsupported insn 0x1e270143
[PASS  ] bb_libhwui_2b1f48_c0         (174 bytes x86)
[PASS  ] bb_libhwui_2b1f48_c1         (174 bytes x86)
[PASS  ] bb_libhwui_2b1f48_c2         (174 bytes x86)
[SKIP  ] bb_libhwui_2b1f54_c0         reference: unsupported insn 0x1e270143
[SKIP  ] bb_libhwui_2b1f54_c1         reference: unsupported insn 0x1e270143
[SKIP  ] bb_libhwui_2b1f54_c2         reference: unsupported insn 0x1e270143
[SKIP  ] bb_libhwui_2b2028_c0         reference: unsupported insn 0x1e270183
[SKIP  ] bb_libhwui_2b2028_c1         reference: unsupported insn 0x1e270183
[SKIP  ] bb_libhwui_2b2028_c2         reference: unsupported insn 0x1e270183
[SKIP  ] bb_libhwui_2b2038_c0         reference: unsupported insn 0x1e2701a3
[SKIP  ] bb_libhwui_2b2038_c1         reference: unsupported insn 0x1e2701a3
[SKIP  ] bb_libhwui_2b2038_c2         reference: unsupported insn 0x1e2701a3
[SKIP  ] bb_libhwui_2b2058_c0         reference: unsupported insn 0x1e270183
[SKIP  ] bb_libhwui_2b2058_c1         reference: unsupported insn 0x1e270183
[SKIP  ] bb_libhwui_2b2058_c2         reference: unsupported insn 0x1e270183
[SKIP  ] bb_libhwui_2b3f24_c0         reference: unsupported insn 0x6f00e400
[SKIP  ] bb_libhwui_2b3f24_c1         reference: unsupported insn 0x6f00e400
[SKIP  ] bb_libhwui_2b3f24_c2         reference: unsupported insn 0x6f00e400
[SKIP  ] bb_libhwui_2b4f74_c0         reference: unsupported insn 0x2f00e406
[SKIP  ] bb_libhwui_2b4f74_c1         reference: unsupported insn 0x2f00e406
[SKIP  ] bb_libhwui_2b4f74_c2         reference: unsupported insn 0x2f00e406
[SKIP  ] bb_libhwui_2b4f94_c0         reference: unsupported insn 0x1e261464
[SKIP  ] bb_libhwui_2b4f94_c1         reference: unsupported insn 0x1e261464
[SKIP  ] bb_libhwui_2b4f94_c2         reference: unsupported insn 0x1e261464
[SKIP  ] bb_libhwui_2b4fec_c0         reference: unsupported insn 0x0e6178a5
[SKIP  ] bb_libhwui_2b4fec_c1         reference: unsupported insn 0x0e6178a5
[SKIP  ] bb_libhwui_2b4fec_c2         reference: unsupported insn 0x0e6178a5
[PASS  ] bb_libhwui_2b5200_c0         (386 bytes x86)
[PASS  ] bb_libhwui_2b5200_c1         (386 bytes x86)
[PASS  ] bb_libhwui_2b5200_c2         (386 bytes x86)
[PASS  ] bb_libhwui_2b5260_c0         (364 bytes x86)
[PASS  ] bb_libhwui_2b5260_c1         (364 bytes x86)
[PASS  ] bb_libhwui_2b5260_c2         (364 bytes x86)
[SKIP  ] bb_libhwui_2b5280_c0         reference: unsupported insn 0x5fb09270
[SKIP  ] bb_libhwui_2b5280_c1         reference: unsupported insn 0x5fb09270
[SKIP  ] bb_libhwui_2b5280_c2         reference: unsupported insn 0x5fb09270
[PASS  ] bb_libhwui_2b52a0_c0         (374 bytes x86)
[PASS  ] bb_libhwui_2b52a0_c1         (374 bytes x86)
[PASS  ] bb_libhwui_2b52a0_c2         (374 bytes x86)
[SKIP  ] bb_libhwui_2b8c78_c0         reference: unsupported insn 0x7e30d821
[SKIP  ] bb_libhwui_2b8c78_c1         reference: unsupported insn 0x7e30d821
[SKIP  ] bb_libhwui_2b8c78_c2         reference: unsupported insn 0x7e30d821
[SKIP  ] bb_libhwui_2b8c90_c0         reference: unsupported insn 0x5e0c0422
[SKIP  ] bb_libhwui_2b8c90_c1         reference: unsupported insn 0x5e0c0422
[SKIP  ] bb_libhwui_2b8c90_c2         reference: unsupported insn 0x5e0c0422
[SKIP  ] bb_libhwui_2b8cb0_c0         reference: unsupported insn 0x0f809021
[SKIP  ] bb_libhwui_2b8cb0_c1         reference: unsupported insn 0x0f809021
[SKIP  ] bb_libhwui_2b8cb0_c2         reference: unsupported insn 0x0f809021
[SKIP  ] bb_libhwui_2b8cd0_c0         reference: unsupported insn 0x0f8391c4
[SKIP  ] bb_libhwui_2b8cd0_c1         reference: unsupported insn 0x0f8391c4
[SKIP  ] bb_libhwui_2b8cd0_c2         reference: unsupported insn 0x0f8391c4
[SKIP  ] bb_libhwui_2b8cf0_c0         reference: unsupported insn 0x1e227441
[SKIP  ] bb_libhwui_2b8cf0_c1         reference: unsupported insn 0x1e227441
[SKIP  ] bb_libhwui_2b8cf0_c2         reference: unsupported insn 0x1e227441
[SKIP  ] bb_libhwui_2b8cfc_c0         reference: unsupported insn 0x0f8491c5
[SKIP  ] bb_libhwui_2b8cfc_c1         reference: unsupported insn 0x0f8491c5
[SKIP  ] bb_libhwui_2b8cfc_c2         reference: unsupported insn 0x0f8491c5
[SKIP  ] bb_libhwui_2b8e0c_c0         reference: unsupported insn 0x7e30d8c7
[SKIP  ] bb_libhwui_2b8e0c_c1         reference: unsupported insn 0x7e30d8c7
[SKIP  ] bb_libhwui_2b8e0c_c2         reference: unsupported insn 0x7e30d8c7
[SKIP  ] bb_libhwui_2b8e24_c0         reference: unsupported insn 0x1e2600c8
[SKIP  ] bb_libhwui_2b8e24_c1         reference: unsupported insn 0x1e2600c8
[SKIP  ] bb_libhwui_2b8e24_c2         reference: unsupported insn 0x1e2600c8
[SKIP  ] bb_libhwui_2b8e44_c0         reference: unsupported insn 0x0ea00865
[SKIP  ] bb_libhwui_2b8e44_c1         reference: unsupported insn 0x0ea00865
[SKIP  ] bb_libhwui_2b8e44_c2         reference: unsupported insn 0x0ea00865
[SKIP  ] bb_libhwui_2b8e6c_c0         reference: unsupported insn 0x7e30d864
[SKIP  ] bb_libhwui_2b8e6c_c1         reference: unsupported insn 0x7e30d864
[SKIP  ] bb_libhwui_2b8e6c_c2         reference: unsupported insn 0x7e30d864
[SKIP  ] bb_libhwui_2b8f84_c0         reference: unsupported insn 0x7e30d821
[SKIP  ] bb_libhwui_2b8f84_c1         reference: unsupported insn 0x7e30d821
[SKIP  ] bb_libhwui_2b8f84_c2         reference: unsupported insn 0x7e30d821
[SKIP  ] bb_libhwui_2b9134_c0         reference: unsupported insn 0x2f00e401
[SKIP  ] bb_libhwui_2b9134_c1         reference: unsupported insn 0x2f00e401
[SKIP  ] bb_libhwui_2b9134_c2         reference: unsupported insn 0x2f00e401
[SKIP  ] bb_libhwui_2b9174_c0         reference: unsupported insn 0x0e6178e7
[SKIP  ] bb_libhwui_2b9174_c1         reference: unsupported insn 0x0e6178e7
[SKIP  ] bb_libhwui_2b9174_c2         reference: unsupported insn 0x0e6178e7
[SKIP  ] bb_libhwui_2b920c_c0         reference: unsupported insn 0x5fa79231
[SKIP  ] bb_libhwui_2b920c_c1         reference: unsupported insn 0x5fa79231
[SKIP  ] bb_libhwui_2b920c_c2         reference: unsupported insn 0x5fa79231
[PASS  ] bb_libhwui_2b9244_c0         (428 bytes x86)
[PASS  ] bb_libhwui_2b9244_c1         (428 bytes x86)
[PASS  ] bb_libhwui_2b9244_c2         (428 bytes x86)
[PASS  ] bb_libhwui_2b9264_c0         (229 bytes x86)
[PASS  ] bb_libhwui_2b9264_c1         (229 bytes x86)
[PASS  ] bb_libhwui_2b9264_c2         (229 bytes x86)
[SKIP  ] bb_libhwui_2b9e58_c0         reference: unsupported insn 0x1e260008
[SKIP  ] bb_libhwui_2b9e58_c1         reference: unsupported insn 0x1e260008
[SKIP  ] bb_libhwui_2b9e58_c2         reference: unsupported insn 0x1e260008
[SKIP  ] bb_libhwui_2b9e88_c0         reference: unsupported insn 0x5fa39084
[SKIP  ] bb_libhwui_2b9e88_c1         reference: unsupported insn 0x5fa39084
[SKIP  ] bb_libhwui_2b9e88_c2         reference: unsupported insn 0x5fa39084
[SKIP  ] bb_libhwui_2b9eb4_c0         reference: unsupported insn 0x0f849021
[SKIP  ] bb_libhwui_2b9eb4_c1         reference: unsupported insn 0x0f849021
[SKIP  ] bb_libhwui_2b9eb4_c2         reference: unsupported insn 0x0f849021
[SKIP  ] bb_libhwui_2b9ed8_c0         reference: unsupported insn 0x1e2a1002
[SKIP  ] bb_libhwui_2b9ed8_c1         reference: unsupported insn 0x1e2a1002
[SKIP  ] bb_libhwui_2b9ed8_c2         reference: unsupported insn 0x1e2a1002
[PASS  ] bb_libhwui_2b9ef0_c0         (179 bytes x86)
[PASS  ] bb_libhwui_2b9ef0_c1         (179 bytes x86)
[PASS  ] bb_libhwui_2b9ef0_c2         (179 bytes x86)
[SKIP  ] bb_libhwui_2bac44_c0         reference: unsupported insn 0x6e205800
[SKIP  ] bb_libhwui_2bac44_c1         reference: unsupported insn 0x6e205800
[SKIP  ] bb_libhwui_2bac44_c2         reference: unsupported insn 0x6e205800
[SKIP  ] bb_libhwui_2bad3c_c0         reference: unsupported insn 0x2f00e400
[SKIP  ] bb_libhwui_2bad3c_c1         reference: unsupported insn 0x2f00e400
[SKIP  ] bb_libhwui_2bad3c_c2         reference: unsupported insn 0x2f00e400
[SKIP  ] bb_libhwui_2badec_c0         reference: unsupported insn 0x1e2600aa
[SKIP  ] bb_libhwui_2badec_c1         reference: unsupported insn 0x1e2600aa
[SKIP  ] bb_libhwui_2badec_c2         reference: unsupported insn 0x1e2600aa
[SKIP  ] bb_libhwui_2bae10_c0         reference: unsupported insn 0x1e2600aa
[SKIP  ] bb_libhwui_2bae10_c1         reference: unsupported insn 0x1e2600aa
[SKIP  ] bb_libhwui_2bae10_c2         reference: unsupported insn 0x1e2600aa
[SKIP  ] bb_libhwui_2bae24_c0         reference: unsupported insn 0x2e205864
[SKIP  ] bb_libhwui_2bae24_c1         reference: unsupported insn 0x2e205864
[SKIP  ] bb_libhwui_2bae24_c2         reference: unsupported insn 0x2e205864
[SKIP  ] bb_libhwui_2bb040_c0         reference: unsupported insn 0x1e2e1002
[SKIP  ] bb_libhwui_2bb040_c1         reference: unsupported insn 0x1e2e1002
[SKIP  ] bb_libhwui_2bb040_c2         reference: unsupported insn 0x1e2e1002
[SKIP  ] bb_libhwui_2bb060_c0         reference: unsupported insn 0x1e2c5004
[SKIP  ] bb_libhwui_2bb060_c1         reference: unsupported insn 0x1e2c5004
[SKIP  ] bb_libhwui_2bb060_c2         reference: unsupported insn 0x1e2c5004
[PASS  ] bb_libhwui_2bb280_c0         (177 bytes x86)
[PASS  ] bb_libhwui_2bb280_c1         (177 bytes x86)
[PASS  ] bb_libhwui_2bb280_c2         (177 bytes x86)
[SKIP  ] bb_libhwui_2bb28c_c0         reference: unsupported insn 0x1e260088
[SKIP  ] bb_libhwui_2bb28c_c1         reference: unsupported insn 0x1e260088
[SKIP  ] bb_libhwui_2bb28c_c2         reference: unsupported insn 0x1e260088
[SKIP  ] bb_libhwui_2bb2a0_c0         reference: unsupported insn 0x0ea00864
[SKIP  ] bb_libhwui_2bb2a0_c1         reference: unsupported insn 0x0ea00864
[SKIP  ] bb_libhwui_2bb2a0_c2         reference: unsupported insn 0x0ea00864
[SKIP  ] bb_libhwui_2bb2e8_c0         reference: unsupported insn 0x1e260208
[SKIP  ] bb_libhwui_2bb2e8_c1         reference: unsupported insn 0x1e260208
[SKIP  ] bb_libhwui_2bb2e8_c2         reference: unsupported insn 0x1e260208
[SKIP  ] bb_libhwui_2bb2fc_c0         reference: unsupported insn 0x0ea008f0
[SKIP  ] bb_libhwui_2bb2fc_c1         reference: unsupported insn 0x0ea008f0
[SKIP  ] bb_libhwui_2bb2fc_c2         reference: unsupported insn 0x0ea008f0
[SKIP  ] bb_libhwui_2bb324_c0         reference: unsupported insn 0x7e30d8a5
[SKIP  ] bb_libhwui_2bb324_c1         reference: unsupported insn 0x7e30d8a5
[SKIP  ] bb_libhwui_2bb324_c2         reference: unsupported insn 0x7e30d8a5
[SKIP  ] bb_libhwui_2bb3e8_c0         reference: unsupported insn 0x1e260089
[SKIP  ] bb_libhwui_2bb3e8_c1         reference: unsupported insn 0x1e260089
[SKIP  ] bb_libhwui_2bb3e8_c2         reference: unsupported insn 0x1e260089
[SKIP  ] bb_libhwui_2bb3f8_c0         reference: unsupported insn 0x1e2600a9
[SKIP  ] bb_libhwui_2bb3f8_c1         reference: unsupported insn 0x1e2600a9
[SKIP  ] bb_libhwui_2bb3f8_c2         reference: unsupported insn 0x1e2600a9
[SKIP  ] bb_libhwui_2bb404_c0         reference: unsupported insn 0x0f0167e3
[SKIP  ] bb_libhwui_2bb404_c1         reference: unsupported insn 0x0f0167e3
[SKIP  ] bb_libhwui_2bb404_c2         reference: unsupported insn 0x0f0167e3
[SKIP  ] bb_libhwui_2bb424_c0         reference: unsupported insn 0x4f0167e2
[SKIP  ] bb_libhwui_2bb424_c1         reference: unsupported insn 0x4f0167e2
[SKIP  ] bb_libhwui_2bb424_c2         reference: unsupported insn 0x4f0167e2
[PASS  ] bb_libhwui_2bb480_c0         (349 bytes x86)
[PASS  ] bb_libhwui_2bb480_c1         (349 bytes x86)
[PASS  ] bb_libhwui_2bb480_c2         (349 bytes x86)
[PASS  ] bb_libhwui_2bb4b0_c0         (115 bytes x86)
[PASS  ] bb_libhwui_2bb4b0_c1         (115 bytes x86)
[PASS  ] bb_libhwui_2bb4b0_c2         (115 bytes x86)
[PASS  ] bb_libhwui_2bb570_c0         (418 bytes x86)
[PASS  ] bb_libhwui_2bb570_c1         (418 bytes x86)
[PASS  ] bb_libhwui_2bb570_c2         (418 bytes x86)
[SKIP  ] bb_libhwui_2bba28_c0         reference: unsupported insn 0x1e21c400
[SKIP  ] bb_libhwui_2bba28_c1         reference: unsupported insn 0x1e21c400
[SKIP  ] bb_libhwui_2bba28_c2         reference: unsupported insn 0x1e21c400
[SKIP  ] bb_libhwui_2bba40_c0         reference: unsupported insn 0x1e200420
[SKIP  ] bb_libhwui_2bba40_c1         reference: unsupported insn 0x1e200420
[SKIP  ] bb_libhwui_2bba40_c2         reference: unsupported insn 0x1e200420
[SKIP  ] bb_libhwui_2bbaa8_c0         reference: unsupported insn 0x1e26004c
[SKIP  ] bb_libhwui_2bbaa8_c1         reference: unsupported insn 0x1e26004c
[SKIP  ] bb_libhwui_2bbaa8_c2         reference: unsupported insn 0x1e26004c
[SKIP  ] bb_libhwui_2bc3ac_c0         reference: unsupported insn 0x1e240440
[SKIP  ] bb_libhwui_2bc3ac_c1         reference: unsupported insn 0x1e240440
[SKIP  ] bb_libhwui_2bc3ac_c2         reference: unsupported insn 0x1e240440
[SKIP  ] bb_libhwui_2bc7a8_c0         reference: unsupported insn 0x1e26004a
[SKIP  ] bb_libhwui_2bc7a8_c1         reference: unsupported insn 0x1e26004a
[SKIP  ] bb_libhwui_2bc7a8_c2         reference: unsupported insn 0x1e26004a
[PASS  ] bb_libhwui_2bc854_c0         (549 bytes x86)
[PASS  ] bb_libhwui_2bc854_c1         (549 bytes x86)
[PASS  ] bb_libhwui_2bc854_c2         (549 bytes x86)
[PASS  ] bb_libhwui_2bc86c_c0         (552 bytes x86)
[PASS  ] bb_libhwui_2bc86c_c1         (552 bytes x86)
[PASS  ] bb_libhwui_2bc86c_c2         (552 bytes x86)
[PASS  ] bb_libhwui_2bc8f4_c0         (552 bytes x86)
[PASS  ] bb_libhwui_2bc8f4_c1         (552 bytes x86)
[PASS  ] bb_libhwui_2bc8f4_c2         (552 bytes x86)
[PASS  ] bb_libhwui_2bc91c_c0         (626 bytes x86)
[PASS  ] bb_libhwui_2bc91c_c1         (626 bytes x86)
[PASS  ] bb_libhwui_2bc91c_c2         (626 bytes x86)
[PASS  ] bb_libhwui_2bc964_c0         (549 bytes x86)
[PASS  ] bb_libhwui_2bc964_c1         (549 bytes x86)
[PASS  ] bb_libhwui_2bc964_c2         (549 bytes x86)
[PASS  ] bb_libhwui_2bc97c_c0         (552 bytes x86)
[PASS  ] bb_libhwui_2bc97c_c1         (552 bytes x86)
[PASS  ] bb_libhwui_2bc97c_c2         (552 bytes x86)
[PASS  ] bb_libhwui_2bc99c_c0         (626 bytes x86)
[PASS  ] bb_libhwui_2bc99c_c1         (626 bytes x86)
[PASS  ] bb_libhwui_2bc99c_c2         (626 bytes x86)
[PASS  ] bb_libhwui_2bca50_c0         (626 bytes x86)
[PASS  ] bb_libhwui_2bca50_c1         (626 bytes x86)
[PASS  ] bb_libhwui_2bca50_c2         (626 bytes x86)
[PASS  ] bb_libhwui_2bcab0_c0         (552 bytes x86)
[PASS  ] bb_libhwui_2bcab0_c1         (552 bytes x86)
[PASS  ] bb_libhwui_2bcab0_c2         (552 bytes x86)
[PASS  ] bb_libhwui_2bcad0_c0         (626 bytes x86)
[PASS  ] bb_libhwui_2bcad0_c1         (626 bytes x86)
[PASS  ] bb_libhwui_2bcad0_c2         (626 bytes x86)
[PASS  ] bb_libhwui_2bcb80_c0         (171 bytes x86)
[PASS  ] bb_libhwui_2bcb80_c1         (171 bytes x86)
[PASS  ] bb_libhwui_2bcb80_c2         (171 bytes x86)
[PASS  ] bb_libhwui_2bcb94_c0         (168 bytes x86)
[PASS  ] bb_libhwui_2bcb94_c1         (168 bytes x86)
[PASS  ] bb_libhwui_2bcb94_c2         (168 bytes x86)
[PASS  ] bb_libhwui_2bcba8_c0         (168 bytes x86)
[PASS  ] bb_libhwui_2bcba8_c1         (168 bytes x86)
[PASS  ] bb_libhwui_2bcba8_c2         (168 bytes x86)
[PASS  ] bb_libhwui_2bcc98_c0         (552 bytes x86)
[PASS  ] bb_libhwui_2bcc98_c1         (552 bytes x86)
[PASS  ] bb_libhwui_2bcc98_c2         (552 bytes x86)
[PASS  ] bb_libhwui_2bccc0_c0         (552 bytes x86)
[PASS  ] bb_libhwui_2bccc0_c1         (552 bytes x86)
[PASS  ] bb_libhwui_2bccc0_c2         (552 bytes x86)
[PASS  ] bb_libhwui_2bcce8_c0         (552 bytes x86)
[PASS  ] bb_libhwui_2bcce8_c1         (552 bytes x86)
[PASS  ] bb_libhwui_2bcce8_c2         (552 bytes x86)
[PASS  ] bb_libhwui_2bcd10_c0         (552 bytes x86)
[PASS  ] bb_libhwui_2bcd10_c1         (552 bytes x86)
[PASS  ] bb_libhwui_2bcd10_c2         (552 bytes x86)
[PASS  ] bb_libhwui_2bcd30_c0         (626 bytes x86)
[PASS  ] bb_libhwui_2bcd30_c1         (626 bytes x86)
[PASS  ] bb_libhwui_2bcd30_c2         (626 bytes x86)
[PASS  ] bb_libhwui_2bcd70_c0         (199 bytes x86)
[PASS  ] bb_libhwui_2bcd70_c1         (199 bytes x86)
[PASS  ] bb_libhwui_2bcd70_c2         (199 bytes x86)
[PASS  ] bb_libhwui_2bcd7c_c0         (626 bytes x86)
[PASS  ] bb_libhwui_2bcd7c_c1         (626 bytes x86)
[PASS  ] bb_libhwui_2bcd7c_c2         (626 bytes x86)
[PASS  ] bb_libhwui_2bcd9c_c0         (598 bytes x86)
[PASS  ] bb_libhwui_2bcd9c_c1         (598 bytes x86)
[PASS  ] bb_libhwui_2bcd9c_c2         (598 bytes x86)
[PASS  ] bb_libhwui_2bcdc8_c0         (626 bytes x86)
[PASS  ] bb_libhwui_2bcdc8_c1         (626 bytes x86)
[PASS  ] bb_libhwui_2bcdc8_c2         (626 bytes x86)
[PASS  ] bb_libhwui_2bce14_c0         (626 bytes x86)
[PASS  ] bb_libhwui_2bce14_c1         (626 bytes x86)
[PASS  ] bb_libhwui_2bce14_c2         (626 bytes x86)
[PASS  ] bb_libhwui_2bd094_c0         (171 bytes x86)
[PASS  ] bb_libhwui_2bd094_c1         (171 bytes x86)
[PASS  ] bb_libhwui_2bd094_c2         (171 bytes x86)
[PASS  ] bb_libhwui_2bd3e8_c0         (525 bytes x86)
[PASS  ] bb_libhwui_2bd3e8_c1         (525 bytes x86)
[PASS  ] bb_libhwui_2bd3e8_c2         (525 bytes x86)
[PASS  ] bb_libhwui_2bd48c_c0         (672 bytes x86)
[PASS  ] bb_libhwui_2bd48c_c1         (672 bytes x86)
[PASS  ] bb_libhwui_2bd48c_c2         (672 bytes x86)
[PASS  ] bb_libhwui_2bd4f4_c0         (672 bytes x86)
[PASS  ] bb_libhwui_2bd4f4_c1         (672 bytes x86)
[PASS  ] bb_libhwui_2bd4f4_c2         (672 bytes x86)
[PASS  ] bb_libhwui_2bd518_c0         (549 bytes x86)
[PASS  ] bb_libhwui_2bd518_c1         (549 bytes x86)
[PASS  ] bb_libhwui_2bd518_c2         (549 bytes x86)
[PASS  ] bb_libhwui_2bd550_c0         (446 bytes x86)
[PASS  ] bb_libhwui_2bd550_c1         (446 bytes x86)
[PASS  ] bb_libhwui_2bd550_c2         (446 bytes x86)
[PASS  ] bb_libhwui_2bd570_c0         (433 bytes x86)
[PASS  ] bb_libhwui_2bd570_c1         (433 bytes x86)
[PASS  ] bb_libhwui_2bd570_c2         (433 bytes x86)
[PASS  ] bb_libhwui_2bd59c_c0         (167 bytes x86)
[PASS  ] bb_libhwui_2bd59c_c1         (167 bytes x86)
[PASS  ] bb_libhwui_2bd59c_c2         (167 bytes x86)
[SKIP  ] bb_libhwui_2bd614_c0         reference: unsupported insn 0x1e2e1003
[SKIP  ] bb_libhwui_2bd614_c1         reference: unsupported insn 0x1e2e1003
[SKIP  ] bb_libhwui_2bd614_c2         reference: unsupported insn 0x1e2e1003
[SKIP  ] bb_libhwui_2bd630_c0         reference: unsupported insn 0x1e2e1001
[SKIP  ] bb_libhwui_2bd630_c1         reference: unsupported insn 0x1e2e1001
[SKIP  ] bb_libhwui_2bd630_c2         reference: unsupported insn 0x1e2e1001
[SKIP  ] bb_libhwui_2bd64c_c0         reference: unsupported insn 0x1e2e1001
[SKIP  ] bb_libhwui_2bd64c_c1         reference: unsupported insn 0x1e2e1001
[SKIP  ] bb_libhwui_2bd64c_c2         reference: unsupported insn 0x1e2e1001
[SKIP  ] bb_libhwui_2bd668_c0         reference: unsupported insn 0x7a549922
[SKIP  ] bb_libhwui_2bd668_c1         reference: unsupported insn 0x7a549922
[SKIP  ] bb_libhwui_2bd668_c2         reference: unsupported insn 0x7a549922
[PASS  ] bb_libhwui_2bd688_c0         (231 bytes x86)
[PASS  ] bb_libhwui_2bd688_c1         (231 bytes x86)
[PASS  ] bb_libhwui_2bd688_c2         (231 bytes x86)
[SKIP  ] bb_libhwui_2bd69c_c0         reference: unsupported insn 0x1e2e1001
[SKIP  ] bb_libhwui_2bd69c_c1         reference: unsupported insn 0x1e2e1001
[SKIP  ] bb_libhwui_2bd69c_c2         reference: unsupported insn 0x1e2e1001
[SKIP  ] bb_libhwui_2bd6b8_c0         reference: unsupported insn 0x1e2e1001
[SKIP  ] bb_libhwui_2bd6b8_c1         reference: unsupported insn 0x1e2e1001
[SKIP  ] bb_libhwui_2bd6b8_c2         reference: unsupported insn 0x1e2e1001
[SKIP  ] bb_libhwui_2bd6d4_c0         reference: unsupported insn 0x1e2e1001
[SKIP  ] bb_libhwui_2bd6d4_c1         reference: unsupported insn 0x1e2e1001
[SKIP  ] bb_libhwui_2bd6d4_c2         reference: unsupported insn 0x1e2e1001
[PASS  ] bb_libhwui_2bd7d8_c0         (386 bytes x86)
[PASS  ] bb_libhwui_2bd7d8_c1         (386 bytes x86)
[PASS  ] bb_libhwui_2bd7d8_c2         (386 bytes x86)
[PASS  ] bb_libhwui_2bd8d8_c0         (400 bytes x86)
[PASS  ] bb_libhwui_2bd8d8_c1         (400 bytes x86)
[PASS  ] bb_libhwui_2bd8d8_c2         (400 bytes x86)
[SKIP  ] bb_libhwui_2bd95c_c0         reference: unsupported insn 0x1e6c100e
[SKIP  ] bb_libhwui_2bd95c_c1         reference: unsupported insn 0x1e6c100e
[SKIP  ] bb_libhwui_2bd95c_c2         reference: unsupported insn 0x1e6c100e
[SKIP  ] bb_libhwui_2bf000_c0         reference: unsupported insn 0x9e660049
[SKIP  ] bb_libhwui_2bf000_c1         reference: unsupported insn 0x9e660049
[SKIP  ] bb_libhwui_2bf000_c2         reference: unsupported insn 0x9e660049
[SKIP  ] bb_libhwui_2c05dc_c0         reference: unsupported insn 0x2f00e401
[SKIP  ] bb_libhwui_2c05dc_c1         reference: unsupported insn 0x2f00e401
[SKIP  ] bb_libhwui_2c05dc_c2         reference: unsupported insn 0x2f00e401
[PASS  ] bb_libhwui_2c05fc_c0         (477 bytes x86)
[PASS  ] bb_libhwui_2c05fc_c1         (477 bytes x86)
[PASS  ] bb_libhwui_2c05fc_c2         (477 bytes x86)
[PASS  ] bb_libhwui_2c0610_c0         (265 bytes x86)
[PASS  ] bb_libhwui_2c0610_c1         (265 bytes x86)
[PASS  ] bb_libhwui_2c0610_c2         (265 bytes x86)
[SKIP  ] bb_libhwui_2c1f20_c0         reference: unsupported insn 0x1e2e1001
[SKIP  ] bb_libhwui_2c1f20_c1         reference: unsupported insn 0x1e2e1001
[SKIP  ] bb_libhwui_2c1f20_c2         reference: unsupported insn 0x1e2e1001
[SKIP  ] bb_libhwui_2c1ffc_c0         reference: unsupported insn 0x2f00e400
[SKIP  ] bb_libhwui_2c1ffc_c1         reference: unsupported insn 0x2f00e400
[SKIP  ] bb_libhwui_2c1ffc_c2         reference: unsupported insn 0x2f00e400
[PASS  ] bb_libhwui_2c202c_c0         (173 bytes x86)
[PASS  ] bb_libhwui_2c202c_c1         (173 bytes x86)
[PASS  ] bb_libhwui_2c202c_c2         (173 bytes x86)
[PASS  ] bb_libhwui_2c2054_c0         (173 bytes x86)
[PASS  ] bb_libhwui_2c2054_c1         (173 bytes x86)
[PASS  ] bb_libhwui_2c2054_c2         (173 bytes x86)
[SKIP  ] bb_libhwui_2c20a4_c0         reference: unsupported insn 0x1e02fd22
[SKIP  ] bb_libhwui_2c20a4_c1         reference: unsupported insn 0x1e02fd22
[SKIP  ] bb_libhwui_2c20a4_c2         reference: unsupported insn 0x1e02fd22
[SKIP  ] bb_libhwui_2c2308_c0         reference: unsupported insn 0x1e2e1000
[SKIP  ] bb_libhwui_2c2308_c1         reference: unsupported insn 0x1e2e1000
[SKIP  ] bb_libhwui_2c2308_c2         reference: unsupported insn 0x1e2e1000
[SKIP  ] bb_libhwui_2c2354_c0         reference: unsupported insn 0x1e26000c
[SKIP  ] bb_libhwui_2c2354_c1         reference: unsupported insn 0x1e26000c
[SKIP  ] bb_libhwui_2c2354_c2         reference: unsupported insn 0x1e26000c
[SKIP  ] bb_libhwui_2c23dc_c0         reference: unsupported insn 0x7ea5d484
[SKIP  ] bb_libhwui_2c23dc_c1         reference: unsupported insn 0x7ea5d484
[SKIP  ] bb_libhwui_2c23dc_c2         reference: unsupported insn 0x7ea5d484
[SKIP  ] bb_libhwui_2c240c_c0         reference: unsupported insn 0x7eabd463
[SKIP  ] bb_libhwui_2c240c_c1         reference: unsupported insn 0x7eabd463
[SKIP  ] bb_libhwui_2c240c_c2         reference: unsupported insn 0x7eabd463
[SKIP  ] bb_libhwui_2c2430_c0         reference: unsupported insn 0x7ea2d462
[SKIP  ] bb_libhwui_2c2430_c1         reference: unsupported insn 0x7ea2d462
[SKIP  ] bb_libhwui_2c2430_c2         reference: unsupported insn 0x7ea2d462
[SKIP  ] bb_libhwui_2c2440_c0         reference: unsupported insn 0x7ea1d441
[SKIP  ] bb_libhwui_2c2440_c1         reference: unsupported insn 0x7ea1d441
[SKIP  ] bb_libhwui_2c2440_c2         reference: unsupported insn 0x7ea1d441
[PASS  ] bb_libhwui_2c24b0_c0         (109 bytes x86)
[PASS  ] bb_libhwui_2c24b0_c1         (109 bytes x86)
[PASS  ] bb_libhwui_2c24b0_c2         (109 bytes x86)
[SKIP  ] bb_libhwui_2c24d0_c0         reference: unsupported insn 0x2f00e401
[SKIP  ] bb_libhwui_2c24d0_c1         reference: unsupported insn 0x2f00e401
[SKIP  ] bb_libhwui_2c24d0_c2         reference: unsupported insn 0x2f00e401
[SKIP  ] bb_libhwui_2c24e8_c0         reference: unsupported insn 0x2f00e401
[SKIP  ] bb_libhwui_2c24e8_c1         reference: unsupported insn 0x2f00e401
[SKIP  ] bb_libhwui_2c24e8_c2         reference: unsupported insn 0x2f00e401
[PASS  ] bb_libhwui_2c251c_c0         (544 bytes x86)
[PASS  ] bb_libhwui_2c251c_c1         (544 bytes x86)
[PASS  ] bb_libhwui_2c251c_c2         (544 bytes x86)
[SKIP  ] bb_libhwui_2c25cc_c0         reference: unsupported insn 0x1e2e1000
[SKIP  ] bb_libhwui_2c25cc_c1         reference: unsupported insn 0x1e2e1000
[SKIP  ] bb_libhwui_2c25cc_c2         reference: unsupported insn 0x1e2e1000
[SKIP  ] bb_libhwui_2c3050_c0         reference: unsupported insn 0x1e270100
[SKIP  ] bb_libhwui_2c3050_c1         reference: unsupported insn 0x1e270100
[SKIP  ] bb_libhwui_2c3050_c2         reference: unsupported insn 0x1e270100
[SKIP  ] bb_libhwui_2c4308_c0         reference: unsupported insn 0x2f00e404
[SKIP  ] bb_libhwui_2c4308_c1         reference: unsupported insn 0x2f00e404
[SKIP  ] bb_libhwui_2c4308_c2         reference: unsupported insn 0x2f00e404
[PASS  ] bb_libhwui_2c4318_c0         (228 bytes x86)
[PASS  ] bb_libhwui_2c4318_c1         (228 bytes x86)
[PASS  ] bb_libhwui_2c4318_c2         (228 bytes x86)
[SKIP  ] bb_libhwui_2c4330_c0         reference: unsupported insn 0x0f066461
[SKIP  ] bb_libhwui_2c4330_c1         reference: unsupported insn 0x0f066461
[SKIP  ] bb_libhwui_2c4330_c2         reference: unsupported insn 0x0f066461
[SKIP  ] bb_libhwui_2c433c_c0         reference: unsupported insn 0x5ea1b801
[SKIP  ] bb_libhwui_2c433c_c1         reference: unsupported insn 0x5ea1b801
[SKIP  ] bb_libhwui_2c433c_c2         reference: unsupported insn 0x5ea1b801
[PASS  ] bb_libhwui_2c434c_c0         (318 bytes x86)
[PASS  ] bb_libhwui_2c434c_c1         (318 bytes x86)
[PASS  ] bb_libhwui_2c434c_c2         (318 bytes x86)
[SKIP  ] bb_libhwui_2cc144_c0         reference: unsupported insn 0x1e6f1000
[SKIP  ] bb_libhwui_2cc144_c1         reference: unsupported insn 0x1e6f1000
[SKIP  ] bb_libhwui_2cc144_c2         reference: unsupported insn 0x1e6f1000
[SKIP  ] bb_libhwui_2d64a8_c0         reference: unsupported insn 0x1e6f1000
[SKIP  ] bb_libhwui_2d64a8_c1         reference: unsupported insn 0x1e6f1000
[SKIP  ] bb_libhwui_2d64a8_c2         reference: unsupported insn 0x1e6f1000
[SKIP  ] bb_libhwui_2d707c_c0         reference: unsupported insn 0x1e270100
[SKIP  ] bb_libhwui_2d707c_c1         reference: unsupported insn 0x1e270100
[SKIP  ] bb_libhwui_2d707c_c2         reference: unsupported insn 0x1e270100
[SKIP  ] bb_libhwui_2d9824_c0         reference: unsupported insn 0x1e6e1000
[SKIP  ] bb_libhwui_2d9824_c1         reference: unsupported insn 0x1e6e1000
[SKIP  ] bb_libhwui_2d9824_c2         reference: unsupported insn 0x1e6e1000
[SKIP  ] bb_libhwui_2dd04c_c0         reference: unsupported insn 0x4fa59333
[SKIP  ] bb_libhwui_2dd04c_c1         reference: unsupported insn 0x4fa59333
[SKIP  ] bb_libhwui_2dd04c_c2         reference: unsupported insn 0x4fa59333
[SKIP  ] bb_libhwui_2dd06c_c0         reference: unsupported insn 0x4fa49335
[SKIP  ] bb_libhwui_2dd06c_c1         reference: unsupported insn 0x4fa49335
[SKIP  ] bb_libhwui_2dd06c_c2         reference: unsupported insn 0x4fa49335
[SKIP  ] bb_libhwui_2dd10c_c0         reference: unsupported insn 0x4fa290d4
[SKIP  ] bb_libhwui_2dd10c_c1         reference: unsupported insn 0x4fa290d4
[SKIP  ] bb_libhwui_2dd10c_c2         reference: unsupported insn 0x4fa290d4
[SKIP  ] bb_libhwui_2dd12c_c0         reference: unsupported insn 0x4f8298f3
[SKIP  ] bb_libhwui_2dd12c_c1         reference: unsupported insn 0x4f8298f3
[SKIP  ] bb_libhwui_2dd12c_c2         reference: unsupported insn 0x4f8298f3
[SKIP  ] bb_libhwui_2dd14c_c0         reference: unsupported insn 0x4fa39823
[SKIP  ] bb_libhwui_2dd14c_c1         reference: unsupported insn 0x4fa39823
[SKIP  ] bb_libhwui_2dd14c_c2         reference: unsupported insn 0x4fa39823
[SKIP  ] bb_libhwui_2dd2cc_c0         reference: unsupported insn 0x6f00e400
[SKIP  ] bb_libhwui_2dd2cc_c1         reference: unsupported insn 0x6f00e400
[SKIP  ] bb_libhwui_2dd2cc_c2         reference: unsupported insn 0x6f00e400
[PASS  ] bb_libhwui_2ddfbc_c0         (433 bytes x86)
[PASS  ] bb_libhwui_2ddfbc_c1         (433 bytes x86)
[PASS  ] bb_libhwui_2ddfbc_c2         (433 bytes x86)
[PASS  ] bb_libhwui_2ddfdc_c0         (433 bytes x86)
[PASS  ] bb_libhwui_2ddfdc_c1         (433 bytes x86)
[PASS  ] bb_libhwui_2ddfdc_c2         (433 bytes x86)
[PASS  ] bb_libhwui_2de03c_c0         (416 bytes x86)
[PASS  ] bb_libhwui_2de03c_c1         (416 bytes x86)
[PASS  ] bb_libhwui_2de03c_c2         (416 bytes x86)
[PASS  ] bb_libhwui_2de07c_c0         (382 bytes x86)
[PASS  ] bb_libhwui_2de07c_c1         (382 bytes x86)
[PASS  ] bb_libhwui_2de07c_c2         (382 bytes x86)
[SKIP  ] bb_libhwui_2de0bc_c0         reference: unsupported insn 0x4ea00b18
[SKIP  ] bb_libhwui_2de0bc_c1         reference: unsupported insn 0x4ea00b18
[SKIP  ] bb_libhwui_2de0bc_c2         reference: unsupported insn 0x4ea00b18
[PASS  ] bb_libhwui_2e5700_c0         (502 bytes x86)
[PASS  ] bb_libhwui_2e5700_c1         (502 bytes x86)
[PASS  ] bb_libhwui_2e5700_c2         (502 bytes x86)
[PASS  ] bb_libhwui_2e5720_c0         (685 bytes x86)
[PASS  ] bb_libhwui_2e5720_c1         (685 bytes x86)
[PASS  ] bb_libhwui_2e5720_c2         (685 bytes x86)
[SKIP  ] bb_libhwui_2e5740_c0         reference: unsupported insn 0x1e260028
[SKIP  ] bb_libhwui_2e5740_c1         reference: unsupported insn 0x1e260028
[SKIP  ] bb_libhwui_2e5740_c2         reference: unsupported insn 0x1e260028
[SKIP  ] bb_libhwui_2e5760_c0         reference: unsupported insn 0x1e26008b
[SKIP  ] bb_libhwui_2e5760_c1         reference: unsupported insn 0x1e26008b
[SKIP  ] bb_libhwui_2e5760_c2         reference: unsupported insn 0x1e26008b
[PASS  ] bb_libhwui_2e57f8_c0         (496 bytes x86)
[PASS  ] bb_libhwui_2e57f8_c1         (496 bytes x86)
[PASS  ] bb_libhwui_2e57f8_c2         (496 bytes x86)
[SKIP  ] bb_libhwui_2e5818_c0         reference: unsupported insn 0x1e260028
[SKIP  ] bb_libhwui_2e5818_c1         reference: unsupported insn 0x1e260028
[SKIP  ] bb_libhwui_2e5818_c2         reference: unsupported insn 0x1e260028
[SKIP  ] bb_libhwui_2e5838_c0         reference: unsupported insn 0x1e260009
[SKIP  ] bb_libhwui_2e5838_c1         reference: unsupported insn 0x1e260009
[SKIP  ] bb_libhwui_2e5838_c2         reference: unsupported insn 0x1e260009
[SKIP  ] bb_libhwui_2e58b0_c0         reference: unsupported insn 0x1e260028
[SKIP  ] bb_libhwui_2e58b0_c1         reference: unsupported insn 0x1e260028
[SKIP  ] bb_libhwui_2e58b0_c2         reference: unsupported insn 0x1e260028
[SKIP  ] bb_libhwui_2e591c_c0         reference: unsupported insn 0x1e260029
[SKIP  ] bb_libhwui_2e591c_c1         reference: unsupported insn 0x1e260029
[SKIP  ] bb_libhwui_2e591c_c2         reference: unsupported insn 0x1e260029
[SKIP  ] bb_libhwui_2e5960_c0         reference: unsupported insn 0x1e260009
[SKIP  ] bb_libhwui_2e5960_c1         reference: unsupported insn 0x1e260009
[SKIP  ] bb_libhwui_2e5960_c2         reference: unsupported insn 0x1e260009
[SKIP  ] bb_libhwui_2e80f0_c0         reference: unsupported insn 0x1e6e1000
[SKIP  ] bb_libhwui_2e80f0_c1         reference: unsupported insn 0x1e6e1000
[SKIP  ] bb_libhwui_2e80f0_c2         reference: unsupported insn 0x1e6e1000
[SKIP  ] bb_libhwui_2e9d20_c0         reference: unsupported insn 0x1e2e1000
[SKIP  ] bb_libhwui_2e9d20_c1         reference: unsupported insn 0x1e2e1000
[SKIP  ] bb_libhwui_2e9d20_c2         reference: unsupported insn 0x1e2e1000
[SKIP  ] bb_libhwui_2ea038_c0         reference: unsupported insn 0x5fa390b1
[SKIP  ] bb_libhwui_2ea038_c1         reference: unsupported insn 0x5fa390b1
[SKIP  ] bb_libhwui_2ea038_c2         reference: unsupported insn 0x5fa390b1
[SKIP  ] bb_libhwui_2ea058_c0         reference: unsupported insn 0x0ea00887
[SKIP  ] bb_libhwui_2ea058_c1         reference: unsupported insn 0x0ea00887
[SKIP  ] bb_libhwui_2ea058_c2         reference: unsupported insn 0x0ea00887
[SKIP  ] bb_libhwui_2ea0b4_c0         reference: unsupported insn 0x4f0167e2
[SKIP  ] bb_libhwui_2ea0b4_c1         reference: unsupported insn 0x4f0167e2
[SKIP  ] bb_libhwui_2ea0b4_c2         reference: unsupported insn 0x4f0167e2
[PASS  ] bb_libhwui_2ea11c_c0         (351 bytes x86)
[PASS  ] bb_libhwui_2ea11c_c1         (351 bytes x86)
[PASS  ] bb_libhwui_2ea11c_c2         (351 bytes x86)
[SKIP  ] bb_libhwui_2ea174_c0         reference: unsupported insn 0x1e260068
[SKIP  ] bb_libhwui_2ea174_c1         reference: unsupported insn 0x1e260068
[SKIP  ] bb_libhwui_2ea174_c2         reference: unsupported insn 0x1e260068
[PASS  ] bb_libhwui_2ea198_c0         (287 bytes x86)
[PASS  ] bb_libhwui_2ea198_c1         (287 bytes x86)
[PASS  ] bb_libhwui_2ea198_c2         (287 bytes x86)
[SKIP  ] bb_libhwui_2ea1b8_c0         reference: unsupported insn 0x7e30d863
[SKIP  ] bb_libhwui_2ea1b8_c1         reference: unsupported insn 0x7e30d863
[SKIP  ] bb_libhwui_2ea1b8_c2         reference: unsupported insn 0x7e30d863
[SKIP  ] bb_libhwui_2eb4e4_c0         reference: unsupported insn 0x1e6f1000
[SKIP  ] bb_libhwui_2eb4e4_c1         reference: unsupported insn 0x1e6f1000
[SKIP  ] bb_libhwui_2eb4e4_c2         reference: unsupported insn 0x1e6f1000
[SKIP  ] bb_libhwui_2ec9b4_c0         reference: unsupported insn 0x2f00e400
[SKIP  ] bb_libhwui_2ec9b4_c1         reference: unsupported insn 0x2f00e400
[SKIP  ] bb_libhwui_2ec9b4_c2         reference: unsupported insn 0x2f00e400
[SKIP  ] bb_libhwui_2eca24_c0         reference: unsupported insn 0x1e260108
[SKIP  ] bb_libhwui_2eca24_c1         reference: unsupported insn 0x1e260108
[SKIP  ] bb_libhwui_2eca24_c2         reference: unsupported insn 0x1e260108
[SKIP  ] bb_libhwui_2eda74_c0         reference: unsupported insn 0x2f00e404
[SKIP  ] bb_libhwui_2eda74_c1         reference: unsupported insn 0x2f00e404
[SKIP  ] bb_libhwui_2eda74_c2         reference: unsupported insn 0x2f00e404
[SKIP  ] bb_libhwui_2edc50_c0         reference: unsupported insn 0x1e270104
[SKIP  ] bb_libhwui_2edc50_c1         reference: unsupported insn 0x1e270104
[SKIP  ] bb_libhwui_2edc50_c2         reference: unsupported insn 0x1e270104
[SKIP  ] bb_libhwui_2edc70_c0         reference: unsupported insn 0x2f00e401
[SKIP  ] bb_libhwui_2edc70_c1         reference: unsupported insn 0x2f00e401
[SKIP  ] bb_libhwui_2edc70_c2         reference: unsupported insn 0x2f00e401
[PASS  ] bb_libhwui_2edd18_c0         (173 bytes x86)
[PASS  ] bb_libhwui_2edd18_c1         (173 bytes x86)
[PASS  ] bb_libhwui_2edd18_c2         (173 bytes x86)
[PASS  ] bb_libhwui_2edd74_c0         (168 bytes x86)
[PASS  ] bb_libhwui_2edd74_c1         (168 bytes x86)
[PASS  ] bb_libhwui_2edd74_c2         (168 bytes x86)
[SKIP  ] bb_libhwui_2ee1c4_c0         reference: unsupported insn 0x1e221004
[SKIP  ] bb_libhwui_2ee1c4_c1         reference: unsupported insn 0x1e221004
[SKIP  ] bb_libhwui_2ee1c4_c2         reference: unsupported insn 0x1e221004
[PASS  ] bb_libhwui_2ee1e4_c0         (154 bytes x86)
[PASS  ] bb_libhwui_2ee1e4_c1         (154 bytes x86)
[PASS  ] bb_libhwui_2ee1e4_c2         (154 bytes x86)
[SKIP  ] bb_libhwui_2ee4ac_c0         reference: unsupported insn 0x6f00e404
[SKIP  ] bb_libhwui_2ee4ac_c1         reference: unsupported insn 0x6f00e404
[SKIP  ] bb_libhwui_2ee4ac_c2         reference: unsupported insn 0x6f00e404
[SKIP  ] bb_libhwui_2ee668_c0         reference: unsupported insn 0x1e270102
[SKIP  ] bb_libhwui_2ee668_c1         reference: unsupported insn 0x1e270102
[SKIP  ] bb_libhwui_2ee668_c2         reference: unsupported insn 0x1e270102
[SKIP  ] bb_libhwui_2ee8e4_c0         reference: unsupported insn 0x2f00e402
[SKIP  ] bb_libhwui_2ee8e4_c1         reference: unsupported insn 0x2f00e402
[SKIP  ] bb_libhwui_2ee8e4_c2         reference: unsupported insn 0x2f00e402
[SKIP  ] bb_libhwui_2ee8fc_c0         reference: unsupported insn 0x1e270102
[SKIP  ] bb_libhwui_2ee8fc_c1         reference: unsupported insn 0x1e270102
[SKIP  ] bb_libhwui_2ee8fc_c2         reference: unsupported insn 0x1e270102
[PASS  ] bb_libhwui_2ef224_c0         (638 bytes x86)
[PASS  ] bb_libhwui_2ef224_c1         (638 bytes x86)
[PASS  ] bb_libhwui_2ef224_c2         (638 bytes x86)
[SKIP  ] bb_libhwui_2ef370_c0         reference: unsupported insn 0x2f00e401
[SKIP  ] bb_libhwui_2ef370_c1         reference: unsupported insn 0x2f00e401
[SKIP  ] bb_libhwui_2ef370_c2         reference: unsupported insn 0x2f00e401
[PASS  ] bb_libhwui_2eff78_c0         (173 bytes x86)
[PASS  ] bb_libhwui_2eff78_c1         (173 bytes x86)
[PASS  ] bb_libhwui_2eff78_c2         (173 bytes x86)
[PASS  ] bb_libhwui_2effec_c0         (181 bytes x86)
[PASS  ] bb_libhwui_2effec_c1         (181 bytes x86)
[PASS  ] bb_libhwui_2effec_c2         (181 bytes x86)
[PASS  ] bb_libhwui_2f006c_c0         (173 bytes x86)
[PASS  ] bb_libhwui_2f006c_c1         (173 bytes x86)
[PASS  ] bb_libhwui_2f006c_c2         (173 bytes x86)
[PASS  ] bb_libhwui_2f0160_c0         (269 bytes x86)
[PASS  ] bb_libhwui_2f0160_c1         (269 bytes x86)
[PASS  ] bb_libhwui_2f0160_c2         (269 bytes x86)
[SKIP  ] bb_libhwui_2f183c_c0         reference: unsupported insn 0x2f00e408
[SKIP  ] bb_libhwui_2f183c_c1         reference: unsupported insn 0x2f00e408
[SKIP  ] bb_libhwui_2f183c_c2         reference: unsupported insn 0x2f00e408
[PASS  ] bb_libhwui_2f1864_c0         (265 bytes x86)
[PASS  ] bb_libhwui_2f1864_c1         (265 bytes x86)
[PASS  ] bb_libhwui_2f1864_c2         (265 bytes x86)
[PASS  ] bb_libhwui_2f24e0_c0         (165 bytes x86)
[PASS  ] bb_libhwui_2f24e0_c1         (165 bytes x86)
[PASS  ] bb_libhwui_2f24e0_c2         (165 bytes x86)
[SKIP  ] bb_libhwui_2f35dc_c0         reference: unsupported insn 0x9e670140
[SKIP  ] bb_libhwui_2f35dc_c1         reference: unsupported insn 0x9e670140
[SKIP  ] bb_libhwui_2f35dc_c2         reference: unsupported insn 0x9e670140
[PASS  ] bb_libhwui_2f4ed4_c0         (266 bytes x86)
[PASS  ] bb_libhwui_2f4ed4_c1         (266 bytes x86)
[PASS  ] bb_libhwui_2f4ed4_c2         (266 bytes x86)
[SKIP  ] bb_libhwui_2f4ef0_c0         reference: unsupported insn 0x9e29000a
[SKIP  ] bb_libhwui_2f4ef0_c1         reference: unsupported insn 0x9e29000a
[SKIP  ] bb_libhwui_2f4ef0_c2         reference: unsupported insn 0x9e29000a
[SKIP  ] bb_libhwui_2f4f68_c0         reference: unsupported insn 0x9e670340
[SKIP  ] bb_libhwui_2f4f68_c1         reference: unsupported insn 0x9e670340
[SKIP  ] bb_libhwui_2f4f68_c2         reference: unsupported insn 0x9e670340
[SKIP  ] bb_libhwui_2f5550_c0         reference: unsupported insn 0x9e6702a0
[SKIP  ] bb_libhwui_2f5550_c1         reference: unsupported insn 0x9e6702a0
[SKIP  ] bb_libhwui_2f5550_c2         reference: unsupported insn 0x9e6702a0
[PASS  ] bb_libhwui_2f5fb0_c0         (747 bytes x86)
[PASS  ] bb_libhwui_2f5fb0_c1         (747 bytes x86)
[PASS  ] bb_libhwui_2f5fb0_c2         (747 bytes x86)
[SKIP  ] bb_libhwui_2f6e50_c0         reference: unsupported insn 0x2f00e408
[SKIP  ] bb_libhwui_2f6e50_c1         reference: unsupported insn 0x2f00e408
[SKIP  ] bb_libhwui_2f6e50_c2         reference: unsupported insn 0x2f00e408
[SKIP  ] bb_libhwui_2f6fdc_c0         reference: unsupported insn 0x0f9193b1
[SKIP  ] bb_libhwui_2f6fdc_c1         reference: unsupported insn 0x0f9193b1
[SKIP  ] bb_libhwui_2f6fdc_c2         reference: unsupported insn 0x0f9193b1
[SKIP  ] bb_libhwui_2f6ffc_c0         reference: unsupported insn 0x0f8693a6
[SKIP  ] bb_libhwui_2f6ffc_c1         reference: unsupported insn 0x0f8693a6
[SKIP  ] bb_libhwui_2f6ffc_c2         reference: unsupported insn 0x0f8693a6
[SKIP  ] bb_libhwui_2f701c_c0         reference: unsupported insn 0x0f939393
[SKIP  ] bb_libhwui_2f701c_c1         reference: unsupported insn 0x0f939393
[SKIP  ] bb_libhwui_2f701c_c2         reference: unsupported insn 0x0f939393
[PASS  ] bb_libhwui_2f709c_c0         (372 bytes x86)
[PASS  ] bb_libhwui_2f709c_c1         (372 bytes x86)
[PASS  ] bb_libhwui_2f709c_c2         (372 bytes x86)
[PASS  ] bb_libhwui_2f70bc_c0         (457 bytes x86)
[PASS  ] bb_libhwui_2f70bc_c1         (457 bytes x86)
[PASS  ] bb_libhwui_2f70bc_c2         (457 bytes x86)
[PASS  ] bb_libhwui_2f70dc_c0         (509 bytes x86)
[PASS  ] bb_libhwui_2f70dc_c1         (509 bytes x86)
[PASS  ] bb_libhwui_2f70dc_c2         (509 bytes x86)
[SKIP  ] bb_libhwui_2f711c_c0         reference: unsupported insn 0x0e21d8a4
[SKIP  ] bb_libhwui_2f711c_c1         reference: unsupported insn 0x0e21d8a4
[SKIP  ] bb_libhwui_2f711c_c2         reference: unsupported insn 0x0e21d8a4
[SKIP  ] bb_libhwui_2f713c_c0         reference: unsupported insn 0x1e260009
[SKIP  ] bb_libhwui_2f713c_c1         reference: unsupported insn 0x1e260009
[SKIP  ] bb_libhwui_2f713c_c2         reference: unsupported insn 0x1e260009
[PASS  ] bb_libhwui_2f7154_c0         (325 bytes x86)
[PASS  ] bb_libhwui_2f7154_c1         (325 bytes x86)
[PASS  ] bb_libhwui_2f7154_c2         (325 bytes x86)
[SKIP  ] bb_libhwui_2f755c_c0         reference: unsupported insn 0x0f0665a0
[SKIP  ] bb_libhwui_2f755c_c1         reference: unsupported insn 0x0f0665a0
[SKIP  ] bb_libhwui_2f755c_c2         reference: unsupported insn 0x0f0665a0
[PASS  ] bb_libhwui_2f7734_c0         (83 bytes x86)
[PASS  ] bb_libhwui_2f7734_c1         (83 bytes x86)
[PASS  ] bb_libhwui_2f7734_c2         (83 bytes x86)
[SKIP  ] bb_libhwui_2f7ce4_c0         reference: unsupported insn 0x2e2058a5
[SKIP  ] bb_libhwui_2f7ce4_c1         reference: unsupported insn 0x2e2058a5
[SKIP  ] bb_libhwui_2f7ce4_c2         reference: unsupported insn 0x2e2058a5
[SKIP  ] bb_libhwui_2f7d04_c0         reference: unsupported insn 0x5e0c0400
[SKIP  ] bb_libhwui_2f7d04_c1         reference: unsupported insn 0x5e0c0400
[SKIP  ] bb_libhwui_2f7d04_c2         reference: unsupported insn 0x5e0c0400
[PASS  ] bb_libhwui_2f9230_c0         (678 bytes x86)
[PASS  ] bb_libhwui_2f9230_c1         (678 bytes x86)
[PASS  ] bb_libhwui_2f9230_c2         (678 bytes x86)
[SKIP  ] bb_libhwui_2f9b30_c0         reference: unsupported insn 0x2f00e401
[SKIP  ] bb_libhwui_2f9b30_c1         reference: unsupported insn 0x2f00e401
[SKIP  ] bb_libhwui_2f9b30_c2         reference: unsupported insn 0x2f00e401
[PASS  ] bb_libhwui_2f9b9c_c0         (429 bytes x86)
[PASS  ] bb_libhwui_2f9b9c_c1         (429 bytes x86)
[PASS  ] bb_libhwui_2f9b9c_c2         (429 bytes x86)
[SKIP  ] bb_libhwui_2f9da4_c0         reference: unsupported insn 0x1e6e1000
[SKIP  ] bb_libhwui_2f9da4_c1         reference: unsupported insn 0x1e6e1000
[SKIP  ] bb_libhwui_2f9da4_c2         reference: unsupported insn 0x1e6e1000
[SKIP  ] bb_libhwui_2f9e04_c0         reference: unsupported insn 0x1e6e1000
[SKIP  ] bb_libhwui_2f9e04_c1         reference: unsupported insn 0x1e6e1000
[SKIP  ] bb_libhwui_2f9e04_c2         reference: unsupported insn 0x1e6e1000
[SKIP  ] bb_libhwui_2f9f4c_c0         reference: unsupported insn 0x1e6f1000
[SKIP  ] bb_libhwui_2f9f4c_c1         reference: unsupported insn 0x1e6f1000
[SKIP  ] bb_libhwui_2f9f4c_c2         reference: unsupported insn 0x1e6f1000
[SKIP  ] bb_libhwui_2f9f94_c0         reference: unsupported insn 0x1e6e1000
[SKIP  ] bb_libhwui_2f9f94_c1         reference: unsupported insn 0x1e6e1000
[SKIP  ] bb_libhwui_2f9f94_c2         reference: unsupported insn 0x1e6e1000
[SKIP  ] bb_libhwui_2fa33c_c0         reference: unsupported insn 0x2f00e400
[SKIP  ] bb_libhwui_2fa33c_c1         reference: unsupported insn 0x2f00e400
[SKIP  ] bb_libhwui_2fa33c_c2         reference: unsupported insn 0x2f00e400
[SKIP  ] bb_libhwui_2fbc6c_c0         reference: unsupported insn 0x1e6f1000
[SKIP  ] bb_libhwui_2fbc6c_c1         reference: unsupported insn 0x1e6f1000
[SKIP  ] bb_libhwui_2fbc6c_c2         reference: unsupported insn 0x1e6f1000
[SKIP  ] bb_libhwui_2fc200_c0         reference: unsupported insn 0x1e6f1000
[SKIP  ] bb_libhwui_2fc200_c1         reference: unsupported insn 0x1e6f1000
[SKIP  ] bb_libhwui_2fc200_c2         reference: unsupported insn 0x1e6f1000
[SKIP  ] bb_libhwui_2fc64c_c0         reference: unsupported insn 0x0f859042
[SKIP  ] bb_libhwui_2fc64c_c1         reference: unsupported insn 0x0f859042
[SKIP  ] bb_libhwui_2fc64c_c2         reference: unsupported insn 0x0f859042
[SKIP  ] bb_libhwui_2fc660_c0         reference: unsupported insn 0x1e2600c9
[SKIP  ] bb_libhwui_2fc660_c1         reference: unsupported insn 0x1e2600c9
[SKIP  ] bb_libhwui_2fc660_c2         reference: unsupported insn 0x1e2600c9
[SKIP  ] bb_libhwui_2fc674_c0         reference: unsupported insn 0x1e2e1006
[SKIP  ] bb_libhwui_2fc674_c1         reference: unsupported insn 0x1e2e1006
[SKIP  ] bb_libhwui_2fc674_c2         reference: unsupported insn 0x1e2e1006
[SKIP  ] bb_libhwui_2fc680_c0         reference: unsupported insn 0x1e2600c9
[SKIP  ] bb_libhwui_2fc680_c1         reference: unsupported insn 0x1e2600c9
[SKIP  ] bb_libhwui_2fc680_c2         reference: unsupported insn 0x1e2600c9
[SKIP  ] bb_libhwui_2fc694_c0         reference: unsupported insn 0x0f859063
[SKIP  ] bb_libhwui_2fc694_c1         reference: unsupported insn 0x0f859063
[SKIP  ] bb_libhwui_2fc694_c2         reference: unsupported insn 0x0f859063
[SKIP  ] bb_libhwui_2fc6b4_c0         reference: unsupported insn 0x5e0c0464
[SKIP  ] bb_libhwui_2fc6b4_c1         reference: unsupported insn 0x5e0c0464
[SKIP  ] bb_libhwui_2fc6b4_c2         reference: unsupported insn 0x5e0c0464
[SKIP  ] bb_libhwui_2fc6e0_c0         reference: unsupported insn 0x4fc19000
[SKIP  ] bb_libhwui_2fc6e0_c1         reference: unsupported insn 0x4fc19000
[SKIP  ] bb_libhwui_2fc6e0_c2         reference: unsupported insn 0x4fc19000
[SKIP  ] bb_libhwui_2fc788_c0         reference: unsupported insn 0x0f829063
[SKIP  ] bb_libhwui_2fc788_c1         reference: unsupported insn 0x0f829063
[SKIP  ] bb_libhwui_2fc788_c2         reference: unsupported insn 0x0f829063
[SKIP  ] bb_libhwui_2fc798_c0         reference: unsupported insn 0x1e2600c9
[SKIP  ] bb_libhwui_2fc798_c1         reference: unsupported insn 0x1e2600c9
[SKIP  ] bb_libhwui_2fc798_c2         reference: unsupported insn 0x1e2600c9

summary: 2560 PASS, 2 FAIL, 3423 SKIP, 15 DBTERR
