=== AETHER dbt-oracle — 6000 block(s) ===
    reference engine: hand-written ARM64 interpreter (independent of DBT)

[SKIP  ] bb_libsurfaceflinger_1b0580_c0 reference: unsupported insn 0x9e66000b
[SKIP  ] bb_libsurfaceflinger_1b0580_c1 reference: unsupported insn 0x9e66000b
[SKIP  ] bb_libsurfaceflinger_1b0580_c2 reference: unsupported insn 0x9e66000b
[PASS  ] bb_libsurfaceflinger_1b07c0_c0 (266 bytes x86)
[PASS  ] bb_libsurfaceflinger_1b07c0_c1 (266 bytes x86)
[PASS  ] bb_libsurfaceflinger_1b07c0_c2 (266 bytes x86)
[SKIP  ] bb_libsurfaceflinger_1b07d8_c0 reference: unsupported insn 0x9e290009
[SKIP  ] bb_libsurfaceflinger_1b07d8_c1 reference: unsupported insn 0x9e290009
[SKIP  ] bb_libsurfaceflinger_1b07d8_c2 reference: unsupported insn 0x9e290009
[SKIP  ] bb_libsurfaceflinger_1b0870_c0 reference: unsupported insn 0x9e6702c0
[SKIP  ] bb_libsurfaceflinger_1b0870_c1 reference: unsupported insn 0x9e6702c0
[SKIP  ] bb_libsurfaceflinger_1b0870_c2 reference: unsupported insn 0x9e6702c0
[SKIP  ] bb_libsurfaceflinger_1b0948_c0 reference: unsupported insn 0x9e670360
[SKIP  ] bb_libsurfaceflinger_1b0948_c1 reference: unsupported insn 0x9e670360
[SKIP  ] bb_libsurfaceflinger_1b0948_c2 reference: unsupported insn 0x9e670360
[PASS  ] bb_libsurfaceflinger_1b0f7c_c0 (162 bytes x86)
[PASS  ] bb_libsurfaceflinger_1b0f7c_c1 (162 bytes x86)
[PASS  ] bb_libsurfaceflinger_1b0f7c_c2 (162 bytes x86)
[SKIP  ] bb_libsurfaceflinger_1b1014_c0 reference: unsupported insn 0x1e2e1001
[SKIP  ] bb_libsurfaceflinger_1b1014_c1 reference: unsupported insn 0x1e2e1001
[SKIP  ] bb_libsurfaceflinger_1b1014_c2 reference: unsupported insn 0x1e2e1001
[SKIP  ] bb_libsurfaceflinger_1b10f4_c0 reference: unsupported insn 0x4f0167e1
[SKIP  ] bb_libsurfaceflinger_1b10f4_c1 reference: unsupported insn 0x4f0167e1
[SKIP  ] bb_libsurfaceflinger_1b10f4_c2 reference: unsupported insn 0x4f0167e1
[SKIP  ] bb_libsurfaceflinger_1b1d30_c0 reference: unsupported insn 0x1e6f1000
[SKIP  ] bb_libsurfaceflinger_1b1d30_c1 reference: unsupported insn 0x1e6f1000
[SKIP  ] bb_libsurfaceflinger_1b1d30_c2 reference: unsupported insn 0x1e6f1000
[SKIP  ] bb_libsurfaceflinger_1b1d80_c0 reference: unsupported insn 0x1e6f1000
[SKIP  ] bb_libsurfaceflinger_1b1d80_c1 reference: unsupported insn 0x1e6f1000
[SKIP  ] bb_libsurfaceflinger_1b1d80_c2 reference: unsupported insn 0x1e6f1000
[SKIP  ] bb_libsurfaceflinger_1b2150_c0 reference: unsupported insn 0x1e6e1000
[SKIP  ] bb_libsurfaceflinger_1b2150_c1 reference: unsupported insn 0x1e6e1000
[SKIP  ] bb_libsurfaceflinger_1b2150_c2 reference: unsupported insn 0x1e6e1000
[SKIP  ] bb_libsurfaceflinger_1b4e04_c0 reference: unsupported insn 0x1e6e1001
[SKIP  ] bb_libsurfaceflinger_1b4e04_c1 reference: unsupported insn 0x1e6e1001
[SKIP  ] bb_libsurfaceflinger_1b4e04_c2 reference: unsupported insn 0x1e6e1001
[PASS  ] bb_libsurfaceflinger_1b4e10_c0 (548 bytes x86)
[PASS  ] bb_libsurfaceflinger_1b4e10_c1 (548 bytes x86)
[PASS  ] bb_libsurfaceflinger_1b4e10_c2 (548 bytes x86)
[SKIP  ] bb_libsurfaceflinger_1b5530_c0 reference: unsupported insn 0x6f00e400
[SKIP  ] bb_libsurfaceflinger_1b5530_c1 reference: unsupported insn 0x6f00e400
[SKIP  ] bb_libsurfaceflinger_1b5530_c2 reference: unsupported insn 0x6f00e400
[SKIP  ] bb_libsurfaceflinger_1b5728_c0 reference: unsupported insn 0x9e670120
[SKIP  ] bb_libsurfaceflinger_1b5728_c1 reference: unsupported insn 0x9e670120
[SKIP  ] bb_libsurfaceflinger_1b5728_c2 reference: unsupported insn 0x9e670120
[SKIP  ] bb_libsurfaceflinger_1b579c_c0 reference: unsupported insn 0xd503201f
[SKIP  ] bb_libsurfaceflinger_1b579c_c1 reference: unsupported insn 0xd503201f
[SKIP  ] bb_libsurfaceflinger_1b579c_c2 reference: unsupported insn 0xd503201f
[SKIP  ] bb_libsurfaceflinger_1b5814_c0 reference: unsupported insn 0x9e670100
[SKIP  ] bb_libsurfaceflinger_1b5814_c1 reference: unsupported insn 0x9e670100
[SKIP  ] bb_libsurfaceflinger_1b5814_c2 reference: unsupported insn 0x9e670100
[SKIP  ] bb_libsurfaceflinger_1b5cb4_c0 reference: unsupported insn 0x6f00e403
[SKIP  ] bb_libsurfaceflinger_1b5cb4_c1 reference: unsupported insn 0x6f00e403
[SKIP  ] bb_libsurfaceflinger_1b5cb4_c2 reference: unsupported insn 0x6f00e403
[SKIP  ] bb_libsurfaceflinger_1b61b0_c0 reference: unsupported insn 0x6f00e403
[SKIP  ] bb_libsurfaceflinger_1b61b0_c1 reference: unsupported insn 0x6f00e403
[SKIP  ] bb_libsurfaceflinger_1b61b0_c2 reference: unsupported insn 0x6f00e403
[SKIP  ] bb_libsurfaceflinger_1b70e0_c0 reference: unsupported insn 0x9e29000a
[SKIP  ] bb_libsurfaceflinger_1b70e0_c1 reference: unsupported insn 0x9e29000a
[SKIP  ] bb_libsurfaceflinger_1b70e0_c2 reference: unsupported insn 0x9e29000a
[PASS  ] bb_libsurfaceflinger_1b8bdc_c0 (185 bytes x86)
[PASS  ] bb_libsurfaceflinger_1b8bdc_c1 (185 bytes x86)
[PASS  ] bb_libsurfaceflinger_1b8bdc_c2 (185 bytes x86)
[SKIP  ] bb_libsurfaceflinger_1b9720_c0 reference: unsupported insn 0x9e670320
[SKIP  ] bb_libsurfaceflinger_1b9720_c1 reference: unsupported insn 0x9e670320
[SKIP  ] bb_libsurfaceflinger_1b9720_c2 reference: unsupported insn 0x9e670320
[PASS  ] bb_libsurfaceflinger_1b97bc_c0 (266 bytes x86)
[PASS  ] bb_libsurfaceflinger_1b97bc_c1 (266 bytes x86)
[PASS  ] bb_libsurfaceflinger_1b97bc_c2 (266 bytes x86)
[PASS  ] bb_libsurfaceflinger_1b98f0_c0 (139 bytes x86)
[PASS  ] bb_libsurfaceflinger_1b98f0_c1 (139 bytes x86)
[PASS  ] bb_libsurfaceflinger_1b98f0_c2 (139 bytes x86)
[SKIP  ] bb_libsurfaceflinger_1b9960_c0 reference: unsupported insn 0x9e29000a
[SKIP  ] bb_libsurfaceflinger_1b9960_c1 reference: unsupported insn 0x9e29000a
[SKIP  ] bb_libsurfaceflinger_1b9960_c2 reference: unsupported insn 0x9e29000a
[SKIP  ] bb_libsurfaceflinger_1bc9a8_c0 reference: unsupported insn 0x1e270121
[SKIP  ] bb_libsurfaceflinger_1bc9a8_c1 reference: unsupported insn 0x1e270121
[SKIP  ] bb_libsurfaceflinger_1bc9a8_c2 reference: unsupported insn 0x1e270121
[SKIP  ] bb_libsurfaceflinger_1bcd1c_c0 reference: unsupported insn 0x1e270120
[SKIP  ] bb_libsurfaceflinger_1bcd1c_c1 reference: unsupported insn 0x1e270120
[SKIP  ] bb_libsurfaceflinger_1bcd1c_c2 reference: unsupported insn 0x1e270120
[SKIP  ] bb_libsurfaceflinger_1bcd74_c0 reference: unsupported insn 0x1e270120
[SKIP  ] bb_libsurfaceflinger_1bcd74_c1 reference: unsupported insn 0x1e270120
[SKIP  ] bb_libsurfaceflinger_1bcd74_c2 reference: unsupported insn 0x1e270120
[SKIP  ] bb_libsurfaceflinger_1becb0_c0 reference: unsupported insn 0x1e6f1000
[SKIP  ] bb_libsurfaceflinger_1becb0_c1 reference: unsupported insn 0x1e6f1000
[SKIP  ] bb_libsurfaceflinger_1becb0_c2 reference: unsupported insn 0x1e6f1000
[SKIP  ] bb_libsurfaceflinger_1bf1bc_c0 reference: unsupported insn 0x9e670160
[SKIP  ] bb_libsurfaceflinger_1bf1bc_c1 reference: unsupported insn 0x9e670160
[SKIP  ] bb_libsurfaceflinger_1bf1bc_c2 reference: unsupported insn 0x9e670160
[SKIP  ] bb_libsurfaceflinger_1bf9a8_c0 reference: unsupported insn 0x2f00e400
[SKIP  ] bb_libsurfaceflinger_1bf9a8_c1 reference: unsupported insn 0x2f00e400
[SKIP  ] bb_libsurfaceflinger_1bf9a8_c2 reference: unsupported insn 0x2f00e400
[SKIP  ] bb_libsurfaceflinger_1bf9e8_c0 reference: unsupported insn 0x1e270100
[SKIP  ] bb_libsurfaceflinger_1bf9e8_c1 reference: unsupported insn 0x1e270100
[SKIP  ] bb_libsurfaceflinger_1bf9e8_c2 reference: unsupported insn 0x1e270100
[PASS  ] bb_libsurfaceflinger_1bfad4_c0 (257 bytes x86)
[PASS  ] bb_libsurfaceflinger_1bfad4_c1 (257 bytes x86)
[PASS  ] bb_libsurfaceflinger_1bfad4_c2 (257 bytes x86)
[SKIP  ] bb_libsurfaceflinger_1bfb88_c0 reference: unsupported insn 0x1e270120
[SKIP  ] bb_libsurfaceflinger_1bfb88_c1 reference: unsupported insn 0x1e270120
[SKIP  ] bb_libsurfaceflinger_1bfb88_c2 reference: unsupported insn 0x1e270120
[SKIP  ] bb_libsurfaceflinger_1bfce0_c0 reference: unsupported insn 0x1e260009
[SKIP  ] bb_libsurfaceflinger_1bfce0_c1 reference: unsupported insn 0x1e260009
[SKIP  ] bb_libsurfaceflinger_1bfce0_c2 reference: unsupported insn 0x1e260009
[SKIP  ] bb_libsurfaceflinger_1bfdb4_c0 reference: unsupported insn 0x0ea00821
[SKIP  ] bb_libsurfaceflinger_1bfdb4_c1 reference: unsupported insn 0x0ea00821
[SKIP  ] bb_libsurfaceflinger_1bfdb4_c2 reference: unsupported insn 0x0ea00821
[SKIP  ] bb_libsurfaceflinger_1bffc8_c0 reference: unsupported insn 0x1e26008b
[SKIP  ] bb_libsurfaceflinger_1bffc8_c1 reference: unsupported insn 0x1e26008b
[SKIP  ] bb_libsurfaceflinger_1bffc8_c2 reference: unsupported insn 0x1e26008b
[SKIP  ] bb_libsurfaceflinger_1c00fc_c0 reference: unsupported insn 0x1e2e1001
[SKIP  ] bb_libsurfaceflinger_1c00fc_c1 reference: unsupported insn 0x1e2e1001
[SKIP  ] bb_libsurfaceflinger_1c00fc_c2 reference: unsupported insn 0x1e2e1001
[SKIP  ] bb_libsurfaceflinger_1c011c_c0 reference: unsupported insn 0x1e270120
[SKIP  ] bb_libsurfaceflinger_1c011c_c1 reference: unsupported insn 0x1e270120
[SKIP  ] bb_libsurfaceflinger_1c011c_c2 reference: unsupported insn 0x1e270120
[SKIP  ] bb_libsurfaceflinger_1c0188_c0 reference: unsupported insn 0x1e270140
[SKIP  ] bb_libsurfaceflinger_1c0188_c1 reference: unsupported insn 0x1e270140
[SKIP  ] bb_libsurfaceflinger_1c0188_c2 reference: unsupported insn 0x1e270140
[SKIP  ] bb_libsurfaceflinger_1c01a0_c0 reference: unsupported insn 0x1e270141
[SKIP  ] bb_libsurfaceflinger_1c01a0_c1 reference: unsupported insn 0x1e270141
[SKIP  ] bb_libsurfaceflinger_1c01a0_c2 reference: unsupported insn 0x1e270141
[SKIP  ] bb_libsurfaceflinger_1c01c0_c0 reference: unsupported insn 0x1e260009
[SKIP  ] bb_libsurfaceflinger_1c01c0_c1 reference: unsupported insn 0x1e260009
[SKIP  ] bb_libsurfaceflinger_1c01c0_c2 reference: unsupported insn 0x1e260009
[SKIP  ] bb_libsurfaceflinger_1c04a4_c0 reference: unsupported insn 0x1e270141
[SKIP  ] bb_libsurfaceflinger_1c04a4_c1 reference: unsupported insn 0x1e270141
[SKIP  ] bb_libsurfaceflinger_1c04a4_c2 reference: unsupported insn 0x1e270141
[SKIP  ] bb_libsurfaceflinger_1c04c4_c0 reference: unsupported insn 0x0ea00821
[SKIP  ] bb_libsurfaceflinger_1c04c4_c1 reference: unsupported insn 0x0ea00821
[SKIP  ] bb_libsurfaceflinger_1c04c4_c2 reference: unsupported insn 0x0ea00821
[SKIP  ] bb_libsurfaceflinger_1c04e4_c0 reference: unsupported insn 0x1e260029
[SKIP  ] bb_libsurfaceflinger_1c04e4_c1 reference: unsupported insn 0x1e260029
[SKIP  ] bb_libsurfaceflinger_1c04e4_c2 reference: unsupported insn 0x1e260029
[SKIP  ] bb_libsurfaceflinger_1c0958_c0 reference: unsupported insn 0x9e670300
[SKIP  ] bb_libsurfaceflinger_1c0958_c1 reference: unsupported insn 0x9e670300
[SKIP  ] bb_libsurfaceflinger_1c0958_c2 reference: unsupported insn 0x9e670300
[PASS  ] bb_libsurfaceflinger_1c0a60_c0 (266 bytes x86)
[PASS  ] bb_libsurfaceflinger_1c0a60_c1 (266 bytes x86)
[PASS  ] bb_libsurfaceflinger_1c0a60_c2 (266 bytes x86)
[SKIP  ] bb_libsurfaceflinger_1c10c8_c0 reference: unsupported insn 0x1e260048
[SKIP  ] bb_libsurfaceflinger_1c10c8_c1 reference: unsupported insn 0x1e260048
[SKIP  ] bb_libsurfaceflinger_1c10c8_c2 reference: unsupported insn 0x1e260048
[PASS  ] bb_libsurfaceflinger_1c12bc_c0 (254 bytes x86)
[PASS  ] bb_libsurfaceflinger_1c12bc_c1 (254 bytes x86)
[PASS  ] bb_libsurfaceflinger_1c12bc_c2 (254 bytes x86)
[PASS  ] bb_libsurfaceflinger_1c12d8_c0 (254 bytes x86)
[PASS  ] bb_libsurfaceflinger_1c12d8_c1 (254 bytes x86)
[PASS  ] bb_libsurfaceflinger_1c12d8_c2 (254 bytes x86)
[PASS  ] bb_libsurfaceflinger_1c1628_c0 (208 bytes x86)
[PASS  ] bb_libsurfaceflinger_1c1628_c1 (208 bytes x86)
[PASS  ] bb_libsurfaceflinger_1c1628_c2 (208 bytes x86)
[PASS  ] bb_libsurfaceflinger_1c165c_c0 (92 bytes x86)
[PASS  ] bb_libsurfaceflinger_1c165c_c1 (92 bytes x86)
[PASS  ] bb_libsurfaceflinger_1c165c_c2 (92 bytes x86)
[PASS  ] bb_libsurfaceflinger_1c1668_c0 (92 bytes x86)
[PASS  ] bb_libsurfaceflinger_1c1668_c1 (92 bytes x86)
[PASS  ] bb_libsurfaceflinger_1c1668_c2 (92 bytes x86)
[PASS  ] bb_libsurfaceflinger_1c1674_c0 (92 bytes x86)
[PASS  ] bb_libsurfaceflinger_1c1674_c1 (92 bytes x86)
[PASS  ] bb_libsurfaceflinger_1c1674_c2 (92 bytes x86)
[PASS  ] bb_libsurfaceflinger_1c1680_c0 (92 bytes x86)
[PASS  ] bb_libsurfaceflinger_1c1680_c1 (92 bytes x86)
[PASS  ] bb_libsurfaceflinger_1c1680_c2 (92 bytes x86)
[PASS  ] bb_libsurfaceflinger_1c168c_c0 (92 bytes x86)
[PASS  ] bb_libsurfaceflinger_1c168c_c1 (92 bytes x86)
[PASS  ] bb_libsurfaceflinger_1c168c_c2 (92 bytes x86)
[PASS  ] bb_libsurfaceflinger_1c1698_c0 (92 bytes x86)
[PASS  ] bb_libsurfaceflinger_1c1698_c1 (92 bytes x86)
[PASS  ] bb_libsurfaceflinger_1c1698_c2 (92 bytes x86)
[PASS  ] bb_libsurfaceflinger_1c16a4_c0 (92 bytes x86)
[PASS  ] bb_libsurfaceflinger_1c16a4_c1 (92 bytes x86)
[PASS  ] bb_libsurfaceflinger_1c16a4_c2 (92 bytes x86)
[PASS  ] bb_libsurfaceflinger_1c16b0_c0 (337 bytes x86)
[PASS  ] bb_libsurfaceflinger_1c16b0_c1 (337 bytes x86)
[PASS  ] bb_libsurfaceflinger_1c16b0_c2 (337 bytes x86)
[PASS  ] bb_libsurfaceflinger_1c1970_c0 (257 bytes x86)
[PASS  ] bb_libsurfaceflinger_1c1970_c1 (257 bytes x86)
[PASS  ] bb_libsurfaceflinger_1c1970_c2 (257 bytes x86)
[SKIP  ] bb_libsurfaceflinger_1c1d50_c0 reference: unsupported insn 0x1e260008
[SKIP  ] bb_libsurfaceflinger_1c1d50_c1 reference: unsupported insn 0x1e260008
[SKIP  ] bb_libsurfaceflinger_1c1d50_c2 reference: unsupported insn 0x1e260008
[SKIP  ] bb_libsurfaceflinger_1c21f0_c0 reference: unsupported insn 0x1e260009
[SKIP  ] bb_libsurfaceflinger_1c21f0_c1 reference: unsupported insn 0x1e260009
[SKIP  ] bb_libsurfaceflinger_1c21f0_c2 reference: unsupported insn 0x1e260009
[PASS  ] bb_libsurfaceflinger_1c2200_c0 (176 bytes x86)
[PASS  ] bb_libsurfaceflinger_1c2200_c1 (176 bytes x86)
[PASS  ] bb_libsurfaceflinger_1c2200_c2 (176 bytes x86)
[PASS  ] bb_libsurfaceflinger_1c2260_c0 (562 bytes x86)
[PASS  ] bb_libsurfaceflinger_1c2260_c1 (562 bytes x86)
[PASS  ] bb_libsurfaceflinger_1c2260_c2 (562 bytes x86)
[DBTERR] bb_libsurfaceflinger_1c2280_c0 dbt: decode word[1]=0x2ee31c41 failed: Reserved
[DBTERR] bb_libsurfaceflinger_1c2280_c1 dbt: decode word[1]=0x2ee31c41 failed: Reserved
[DBTERR] bb_libsurfaceflinger_1c2280_c2 dbt: decode word[1]=0x2ee31c41 failed: Reserved
[SKIP  ] bb_libsurfaceflinger_1c236c_c0 reference: unsupported insn 0x1e2c1004
[SKIP  ] bb_libsurfaceflinger_1c236c_c1 reference: unsupported insn 0x1e2c1004
[SKIP  ] bb_libsurfaceflinger_1c236c_c2 reference: unsupported insn 0x1e2c1004
[PASS  ] bb_libsurfaceflinger_1c238c_c0 (301 bytes x86)
[PASS  ] bb_libsurfaceflinger_1c238c_c1 (301 bytes x86)
[PASS  ] bb_libsurfaceflinger_1c238c_c2 (301 bytes x86)
[PASS  ] bb_libsurfaceflinger_1c245c_c0 (88 bytes x86)
[PASS  ] bb_libsurfaceflinger_1c245c_c1 (88 bytes x86)
[PASS  ] bb_libsurfaceflinger_1c245c_c2 (88 bytes x86)
[SKIP  ] bb_libsurfaceflinger_1c2484_c0 reference: unsupported insn 0x2f00e400
[SKIP  ] bb_libsurfaceflinger_1c2484_c1 reference: unsupported insn 0x2f00e400
[SKIP  ] bb_libsurfaceflinger_1c2484_c2 reference: unsupported insn 0x2f00e400
[SKIP  ] bb_libsurfaceflinger_1c26ac_c0 reference: unsupported insn 0x1e6c1002
[SKIP  ] bb_libsurfaceflinger_1c26ac_c1 reference: unsupported insn 0x1e6c1002
[SKIP  ] bb_libsurfaceflinger_1c26ac_c2 reference: unsupported insn 0x1e6c1002
[SKIP  ] bb_libsurfaceflinger_1c282c_c0 reference: unsupported insn 0x1e260009
[SKIP  ] bb_libsurfaceflinger_1c282c_c1 reference: unsupported insn 0x1e260009
[SKIP  ] bb_libsurfaceflinger_1c282c_c2 reference: unsupported insn 0x1e260009
[SKIP  ] bb_libsurfaceflinger_1c28e0_c0 reference: unsupported insn 0x9e670320
[SKIP  ] bb_libsurfaceflinger_1c28e0_c1 reference: unsupported insn 0x9e670320
[SKIP  ] bb_libsurfaceflinger_1c28e0_c2 reference: unsupported insn 0x9e670320
[SKIP  ] bb_libsurfaceflinger_1c2f64_c0 reference: unsupported insn 0x9e29000a
[SKIP  ] bb_libsurfaceflinger_1c2f64_c1 reference: unsupported insn 0x9e29000a
[SKIP  ] bb_libsurfaceflinger_1c2f64_c2 reference: unsupported insn 0x9e29000a
[PASS  ] bb_libsurfaceflinger_1c3074_c0 (241 bytes x86)
[PASS  ] bb_libsurfaceflinger_1c3074_c1 (241 bytes x86)
[PASS  ] bb_libsurfaceflinger_1c3074_c2 (241 bytes x86)
[SKIP  ] bb_libsurfaceflinger_1c3180_c0 reference: unsupported insn 0x0ea00821
[SKIP  ] bb_libsurfaceflinger_1c3180_c1 reference: unsupported insn 0x0ea00821
[SKIP  ] bb_libsurfaceflinger_1c3180_c2 reference: unsupported insn 0x0ea00821
[PASS  ] bb_libsurfaceflinger_1c31a0_c0 (472 bytes x86)
[PASS  ] bb_libsurfaceflinger_1c31a0_c1 (472 bytes x86)
[PASS  ] bb_libsurfaceflinger_1c31a0_c2 (472 bytes x86)
[PASS  ] bb_libsurfaceflinger_1c31f4_c0 (211 bytes x86)
[PASS  ] bb_libsurfaceflinger_1c31f4_c1 (211 bytes x86)
[PASS  ] bb_libsurfaceflinger_1c31f4_c2 (211 bytes x86)
[SKIP  ] bb_libsurfaceflinger_1c3224_c0 reference: unsupported insn 0x1e2c1000
[SKIP  ] bb_libsurfaceflinger_1c3224_c1 reference: unsupported insn 0x1e2c1000
[SKIP  ] bb_libsurfaceflinger_1c3224_c2 reference: unsupported insn 0x1e2c1000
[PASS  ] bb_libsurfaceflinger_1c3328_c0 (683 bytes x86)
[PASS  ] bb_libsurfaceflinger_1c3328_c1 (683 bytes x86)
[PASS  ] bb_libsurfaceflinger_1c3328_c2 (683 bytes x86)
[PASS  ] bb_libsurfaceflinger_1c33b4_c0 (165 bytes x86)
[PASS  ] bb_libsurfaceflinger_1c33b4_c1 (165 bytes x86)
[PASS  ] bb_libsurfaceflinger_1c33b4_c2 (165 bytes x86)
[SKIP  ] bb_libsurfaceflinger_1c37a0_c0 reference: unsupported insn 0x9e6702a0
[SKIP  ] bb_libsurfaceflinger_1c37a0_c1 reference: unsupported insn 0x9e6702a0
[SKIP  ] bb_libsurfaceflinger_1c37a0_c2 reference: unsupported insn 0x9e6702a0
[SKIP  ] bb_libsurfaceflinger_1c39e0_c0 reference: unsupported insn 0x9e6702c0
[SKIP  ] bb_libsurfaceflinger_1c39e0_c1 reference: unsupported insn 0x9e6702c0
[SKIP  ] bb_libsurfaceflinger_1c39e0_c2 reference: unsupported insn 0x9e6702c0
[SKIP  ] bb_libsurfaceflinger_1c3f58_c0 reference: unsupported insn 0x9e670280
[SKIP  ] bb_libsurfaceflinger_1c3f58_c1 reference: unsupported insn 0x9e670280
[SKIP  ] bb_libsurfaceflinger_1c3f58_c2 reference: unsupported insn 0x9e670280
[SKIP  ] bb_libsurfaceflinger_1c4c50_c0 reference: unsupported insn 0x9e670140
[SKIP  ] bb_libsurfaceflinger_1c4c50_c1 reference: unsupported insn 0x9e670140
[SKIP  ] bb_libsurfaceflinger_1c4c50_c2 reference: unsupported insn 0x9e670140
[SKIP  ] bb_libsurfaceflinger_1c5008_c0 reference: unsupported insn 0x9e660008
[SKIP  ] bb_libsurfaceflinger_1c5008_c1 reference: unsupported insn 0x9e660008
[SKIP  ] bb_libsurfaceflinger_1c5008_c2 reference: unsupported insn 0x9e660008
[PASS  ] bb_libsurfaceflinger_1c5ec0_c0 (266 bytes x86)
[PASS  ] bb_libsurfaceflinger_1c5ec0_c1 (266 bytes x86)
[PASS  ] bb_libsurfaceflinger_1c5ec0_c2 (266 bytes x86)
[SKIP  ] bb_libsurfaceflinger_1c673c_c0 reference: unsupported insn 0x9e290009
[SKIP  ] bb_libsurfaceflinger_1c673c_c1 reference: unsupported insn 0x9e290009
[SKIP  ] bb_libsurfaceflinger_1c673c_c2 reference: unsupported insn 0x9e290009
[SKIP  ] bb_libsurfaceflinger_1cd33c_c0 reference: unsupported insn 0x2f00e408
[SKIP  ] bb_libsurfaceflinger_1cd33c_c1 reference: unsupported insn 0x2f00e408
[SKIP  ] bb_libsurfaceflinger_1cd33c_c2 reference: unsupported insn 0x2f00e408
[SKIP  ] bb_libsurfaceflinger_1cdad4_c0 reference: unsupported insn 0x1e210400
[SKIP  ] bb_libsurfaceflinger_1cdad4_c1 reference: unsupported insn 0x1e210400
[SKIP  ] bb_libsurfaceflinger_1cdad4_c2 reference: unsupported insn 0x1e210400
[SKIP  ] bb_libsurfaceflinger_1cdd64_c0 reference: unsupported insn 0x6f00e400
[SKIP  ] bb_libsurfaceflinger_1cdd64_c1 reference: unsupported insn 0x6f00e400
[SKIP  ] bb_libsurfaceflinger_1cdd64_c2 reference: unsupported insn 0x6f00e400
[SKIP  ] bb_libsurfaceflinger_1ce810_c0 reference: unsupported insn 0x9e670100
[SKIP  ] bb_libsurfaceflinger_1ce810_c1 reference: unsupported insn 0x9e670100
[SKIP  ] bb_libsurfaceflinger_1ce810_c2 reference: unsupported insn 0x9e670100
[SKIP  ] bb_libsurfaceflinger_1ced60_c0 reference: unsupported insn 0x6f00e400
[SKIP  ] bb_libsurfaceflinger_1ced60_c1 reference: unsupported insn 0x6f00e400
[SKIP  ] bb_libsurfaceflinger_1ced60_c2 reference: unsupported insn 0x6f00e400
[SKIP  ] bb_libsurfaceflinger_1cf3a8_c0 reference: unsupported insn 0x2f00e401
[SKIP  ] bb_libsurfaceflinger_1cf3a8_c1 reference: unsupported insn 0x2f00e401
[SKIP  ] bb_libsurfaceflinger_1cf3a8_c2 reference: unsupported insn 0x2f00e401
[PASS  ] bb_libsurfaceflinger_1cf3c0_c0 (143 bytes x86)
[PASS  ] bb_libsurfaceflinger_1cf3c0_c1 (143 bytes x86)
[PASS  ] bb_libsurfaceflinger_1cf3c0_c2 (143 bytes x86)
[PASS  ] bb_libsurfaceflinger_1cfec4_c0 (166 bytes x86)
[PASS  ] bb_libsurfaceflinger_1cfec4_c1 (166 bytes x86)
[PASS  ] bb_libsurfaceflinger_1cfec4_c2 (166 bytes x86)
[PASS  ] bb_libsurfaceflinger_1cff0c_c0 (219 bytes x86)
[PASS  ] bb_libsurfaceflinger_1cff0c_c1 (219 bytes x86)
[PASS  ] bb_libsurfaceflinger_1cff0c_c2 (219 bytes x86)
[SKIP  ] bb_libsurfaceflinger_1d03a4_c0 reference: unsupported insn 0x9e6702c0
[SKIP  ] bb_libsurfaceflinger_1d03a4_c1 reference: unsupported insn 0x9e6702c0
[SKIP  ] bb_libsurfaceflinger_1d03a4_c2 reference: unsupported insn 0x9e6702c0
[SKIP  ] bb_libsurfaceflinger_1d13a4_c0 reference: unsupported insn 0x9e670100
[SKIP  ] bb_libsurfaceflinger_1d13a4_c1 reference: unsupported insn 0x9e670100
[SKIP  ] bb_libsurfaceflinger_1d13a4_c2 reference: unsupported insn 0x9e670100
[PASS  ] bb_libsurfaceflinger_1d1690_c0 (104 bytes x86)
[PASS  ] bb_libsurfaceflinger_1d1690_c1 (104 bytes x86)
[PASS  ] bb_libsurfaceflinger_1d1690_c2 (104 bytes x86)
[SKIP  ] bb_libsurfaceflinger_1d1830_c0 reference: unsupported insn 0x9e670100
[SKIP  ] bb_libsurfaceflinger_1d1830_c1 reference: unsupported insn 0x9e670100
[SKIP  ] bb_libsurfaceflinger_1d1830_c2 reference: unsupported insn 0x9e670100
[SKIP  ] bb_libsurfaceflinger_1d2aec_c0 reference: unsupported insn 0x9e670100
[SKIP  ] bb_libsurfaceflinger_1d2aec_c1 reference: unsupported insn 0x9e670100
[SKIP  ] bb_libsurfaceflinger_1d2aec_c2 reference: unsupported insn 0x9e670100
[SKIP  ] bb_libsurfaceflinger_1d31ec_c0 reference: unsupported insn 0x9e290009
[SKIP  ] bb_libsurfaceflinger_1d31ec_c1 reference: unsupported insn 0x9e290009
[SKIP  ] bb_libsurfaceflinger_1d31ec_c2 reference: unsupported insn 0x9e290009
[SKIP  ] bb_libsurfaceflinger_1d3288_c0 reference: unsupported insn 0x9e670320
[SKIP  ] bb_libsurfaceflinger_1d3288_c1 reference: unsupported insn 0x9e670320
[SKIP  ] bb_libsurfaceflinger_1d3288_c2 reference: unsupported insn 0x9e670320
[SKIP  ] bb_libsurfaceflinger_1d39d8_c0 reference: unsupported insn 0x1e240004
[SKIP  ] bb_libsurfaceflinger_1d39d8_c1 reference: unsupported insn 0x1e240004
[SKIP  ] bb_libsurfaceflinger_1d39d8_c2 reference: unsupported insn 0x1e240004
[PASS  ] bb_libsurfaceflinger_1d71d0_c0 (218 bytes x86)
[PASS  ] bb_libsurfaceflinger_1d71d0_c1 (218 bytes x86)
[PASS  ] bb_libsurfaceflinger_1d71d0_c2 (218 bytes x86)
[PASS  ] bb_libsurfaceflinger_1d7254_c0 (319 bytes x86)
[PASS  ] bb_libsurfaceflinger_1d7254_c1 (319 bytes x86)
[PASS  ] bb_libsurfaceflinger_1d7254_c2 (319 bytes x86)
[SKIP  ] bb_libsurfaceflinger_1d76b8_c0 reference: unsupported insn 0x1e260008
[SKIP  ] bb_libsurfaceflinger_1d76b8_c1 reference: unsupported insn 0x1e260008
[SKIP  ] bb_libsurfaceflinger_1d76b8_c2 reference: unsupported insn 0x1e260008
[SKIP  ] bb_libsurfaceflinger_1d7788_c0 reference: unsupported insn 0x9e670100
[SKIP  ] bb_libsurfaceflinger_1d7788_c1 reference: unsupported insn 0x9e670100
[SKIP  ] bb_libsurfaceflinger_1d7788_c2 reference: unsupported insn 0x9e670100
[SKIP  ] bb_libsurfaceflinger_1d9788_c0 reference: unsupported insn 0x1e249003
[SKIP  ] bb_libsurfaceflinger_1d9788_c1 reference: unsupported insn 0x1e249003
[SKIP  ] bb_libsurfaceflinger_1d9788_c2 reference: unsupported insn 0x1e249003
[SKIP  ] bb_libsurfaceflinger_1d9b80_c0 reference: unsupported insn 0x9e670180
[SKIP  ] bb_libsurfaceflinger_1d9b80_c1 reference: unsupported insn 0x9e670180
[SKIP  ] bb_libsurfaceflinger_1d9b80_c2 reference: unsupported insn 0x9e670180
[SKIP  ] bb_libsurfaceflinger_1d9d90_c0 reference: unsupported insn 0x9e670360
[SKIP  ] bb_libsurfaceflinger_1d9d90_c1 reference: unsupported insn 0x9e670360
[SKIP  ] bb_libsurfaceflinger_1d9d90_c2 reference: unsupported insn 0x9e670360
[SKIP  ] bb_libsurfaceflinger_1d9e2c_c0 reference: unsupported insn 0x9e6701a0
[SKIP  ] bb_libsurfaceflinger_1d9e2c_c1 reference: unsupported insn 0x9e6701a0
[SKIP  ] bb_libsurfaceflinger_1d9e2c_c2 reference: unsupported insn 0x9e6701a0
[SKIP  ] bb_libsurfaceflinger_1dad48_c0 reference: unsupported insn 0x9e29000a
[SKIP  ] bb_libsurfaceflinger_1dad48_c1 reference: unsupported insn 0x9e29000a
[SKIP  ] bb_libsurfaceflinger_1dad48_c2 reference: unsupported insn 0x9e29000a
[SKIP  ] bb_libsurfaceflinger_1dc704_c0 reference: unsupported insn 0x1e270181
[SKIP  ] bb_libsurfaceflinger_1dc704_c1 reference: unsupported insn 0x1e270181
[SKIP  ] bb_libsurfaceflinger_1dc704_c2 reference: unsupported insn 0x1e270181
[SKIP  ] bb_libsurfaceflinger_1dd61c_c0 reference: unsupported insn 0x7ea1d401
[SKIP  ] bb_libsurfaceflinger_1dd61c_c1 reference: unsupported insn 0x7ea1d401
[SKIP  ] bb_libsurfaceflinger_1dd61c_c2 reference: unsupported insn 0x7ea1d401
[SKIP  ] bb_libsurfaceflinger_1dd638_c0 reference: unsupported insn 0x7ea0d420
[SKIP  ] bb_libsurfaceflinger_1dd638_c1 reference: unsupported insn 0x7ea0d420
[SKIP  ] bb_libsurfaceflinger_1dd638_c2 reference: unsupported insn 0x7ea0d420
[SKIP  ] bb_libsurfaceflinger_1dd6b4_c0 reference: unsupported insn 0x2f00e400
[SKIP  ] bb_libsurfaceflinger_1dd6b4_c1 reference: unsupported insn 0x2f00e400
[SKIP  ] bb_libsurfaceflinger_1dd6b4_c2 reference: unsupported insn 0x2f00e400
[SKIP  ] bb_libsurfaceflinger_1dd804_c0 reference: unsupported insn 0x9e290009
[SKIP  ] bb_libsurfaceflinger_1dd804_c1 reference: unsupported insn 0x9e290009
[SKIP  ] bb_libsurfaceflinger_1dd804_c2 reference: unsupported insn 0x9e290009
[SKIP  ] bb_libsurfaceflinger_1de100_c0 reference: unsupported insn 0x7ea1d401
[SKIP  ] bb_libsurfaceflinger_1de100_c1 reference: unsupported insn 0x7ea1d401
[SKIP  ] bb_libsurfaceflinger_1de100_c2 reference: unsupported insn 0x7ea1d401
[PASS  ] bb_libsurfaceflinger_1de120_c0 (123 bytes x86)
[PASS  ] bb_libsurfaceflinger_1de120_c1 (123 bytes x86)
[PASS  ] bb_libsurfaceflinger_1de120_c2 (123 bytes x86)
[SKIP  ] bb_libsurfaceflinger_1de158_c0 reference: unsupported insn 0x7a40d904
[SKIP  ] bb_libsurfaceflinger_1de158_c1 reference: unsupported insn 0x7a40d904
[SKIP  ] bb_libsurfaceflinger_1de158_c2 reference: unsupported insn 0x7a40d904
[PASS  ] bb_libsurfaceflinger_1de174_c0 (109 bytes x86)
[PASS  ] bb_libsurfaceflinger_1de174_c1 (109 bytes x86)
[PASS  ] bb_libsurfaceflinger_1de174_c2 (109 bytes x86)
[SKIP  ] bb_libsurfaceflinger_1de1d8_c0 reference: unsupported insn 0x1e2e1001
[SKIP  ] bb_libsurfaceflinger_1de1d8_c1 reference: unsupported insn 0x1e2e1001
[SKIP  ] bb_libsurfaceflinger_1de1d8_c2 reference: unsupported insn 0x1e2e1001
[SKIP  ] bb_libsurfaceflinger_1e018c_c0 reference: unsupported insn 0x9e670260
[SKIP  ] bb_libsurfaceflinger_1e018c_c1 reference: unsupported insn 0x9e670260
[SKIP  ] bb_libsurfaceflinger_1e018c_c2 reference: unsupported insn 0x9e670260
[PASS  ] bb_libsurfaceflinger_1e1298_c0 (266 bytes x86)
[PASS  ] bb_libsurfaceflinger_1e1298_c1 (266 bytes x86)
[PASS  ] bb_libsurfaceflinger_1e1298_c2 (266 bytes x86)
[SKIP  ] bb_libsurfaceflinger_1e2008_c0 reference: unsupported insn 0x9e290009
[SKIP  ] bb_libsurfaceflinger_1e2008_c1 reference: unsupported insn 0x9e290009
[SKIP  ] bb_libsurfaceflinger_1e2008_c2 reference: unsupported insn 0x9e290009
[SKIP  ] bb_libsurfaceflinger_1e258c_c0 reference: unsupported insn 0x9e290009
[SKIP  ] bb_libsurfaceflinger_1e258c_c1 reference: unsupported insn 0x9e290009
[SKIP  ] bb_libsurfaceflinger_1e258c_c2 reference: unsupported insn 0x9e290009
[SKIP  ] bb_libsurfaceflinger_1e26ec_c0 reference: unsupported insn 0x9e290009
[SKIP  ] bb_libsurfaceflinger_1e26ec_c1 reference: unsupported insn 0x9e290009
[SKIP  ] bb_libsurfaceflinger_1e26ec_c2 reference: unsupported insn 0x9e290009
[SKIP  ] bb_libsurfaceflinger_1e278c_c0 reference: unsupported insn 0x9e670300
[SKIP  ] bb_libsurfaceflinger_1e278c_c1 reference: unsupported insn 0x9e670300
[SKIP  ] bb_libsurfaceflinger_1e278c_c2 reference: unsupported insn 0x9e670300
[SKIP  ] bb_libsurfaceflinger_1e2924_c0 reference: unsupported insn 0x9e290009
[SKIP  ] bb_libsurfaceflinger_1e2924_c1 reference: unsupported insn 0x9e290009
[SKIP  ] bb_libsurfaceflinger_1e2924_c2 reference: unsupported insn 0x9e290009
[PASS  ] bb_libsurfaceflinger_1e34b4_c0 (196 bytes x86)
[PASS  ] bb_libsurfaceflinger_1e34b4_c1 (196 bytes x86)
[PASS  ] bb_libsurfaceflinger_1e34b4_c2 (196 bytes x86)
[PASS  ] bb_libsurfaceflinger_1e38b0_c0 (408 bytes x86)
[PASS  ] bb_libsurfaceflinger_1e38b0_c1 (408 bytes x86)
[PASS  ] bb_libsurfaceflinger_1e38b0_c2 (408 bytes x86)
[SKIP  ] bb_libsurfaceflinger_1e3bf8_c0 reference: unsupported insn 0x2f00e400
[SKIP  ] bb_libsurfaceflinger_1e3bf8_c1 reference: unsupported insn 0x2f00e400
[SKIP  ] bb_libsurfaceflinger_1e3bf8_c2 reference: unsupported insn 0x2f00e400
[SKIP  ] bb_libsurfaceflinger_1e4f0c_c0 reference: unsupported insn 0x9e670120
[SKIP  ] bb_libsurfaceflinger_1e4f0c_c1 reference: unsupported insn 0x9e670120
[SKIP  ] bb_libsurfaceflinger_1e4f0c_c2 reference: unsupported insn 0x9e670120
[PASS  ] bb_libsurfaceflinger_1e5c70_c0 (356 bytes x86)
[PASS  ] bb_libsurfaceflinger_1e5c70_c1 (356 bytes x86)
[PASS  ] bb_libsurfaceflinger_1e5c70_c2 (356 bytes x86)
[SKIP  ] bb_libsurfaceflinger_1e5c88_c0 reference: unsupported insn 0x1e270101
[SKIP  ] bb_libsurfaceflinger_1e5c88_c1 reference: unsupported insn 0x1e270101
[SKIP  ] bb_libsurfaceflinger_1e5c88_c2 reference: unsupported insn 0x1e270101
[SKIP  ] bb_libsurfaceflinger_1e5cb0_c0 reference: unsupported insn 0x1e270000
[SKIP  ] bb_libsurfaceflinger_1e5cb0_c1 reference: unsupported insn 0x1e270000
[SKIP  ] bb_libsurfaceflinger_1e5cb0_c2 reference: unsupported insn 0x1e270000
[SKIP  ] bb_libsurfaceflinger_1e6020_c0 reference: unsupported insn 0x1e270300
[SKIP  ] bb_libsurfaceflinger_1e6020_c1 reference: unsupported insn 0x1e270300
[SKIP  ] bb_libsurfaceflinger_1e6020_c2 reference: unsupported insn 0x1e270300
[SKIP  ] bb_libsurfaceflinger_1e60fc_c0 reference: unsupported insn 0x1e229001
[SKIP  ] bb_libsurfaceflinger_1e60fc_c1 reference: unsupported insn 0x1e229001
[SKIP  ] bb_libsurfaceflinger_1e60fc_c2 reference: unsupported insn 0x1e229001
[SKIP  ] bb_libsurfaceflinger_1e616c_c0 reference: unsupported insn 0x1e2702a0
[SKIP  ] bb_libsurfaceflinger_1e616c_c1 reference: unsupported insn 0x1e2702a0
[SKIP  ] bb_libsurfaceflinger_1e616c_c2 reference: unsupported insn 0x1e2702a0
[SKIP  ] bb_libsurfaceflinger_1e6328_c0 reference: unsupported insn 0x1e240101
[SKIP  ] bb_libsurfaceflinger_1e6328_c1 reference: unsupported insn 0x1e240101
[SKIP  ] bb_libsurfaceflinger_1e6328_c2 reference: unsupported insn 0x1e240101
[SKIP  ] bb_libsurfaceflinger_1e6340_c0 reference: unsupported insn 0x1e240101
[SKIP  ] bb_libsurfaceflinger_1e6340_c1 reference: unsupported insn 0x1e240101
[SKIP  ] bb_libsurfaceflinger_1e6340_c2 reference: unsupported insn 0x1e240101
[SKIP  ] bb_libsurfaceflinger_1e63a8_c0 reference: unsupported insn 0x7ea3d403
[SKIP  ] bb_libsurfaceflinger_1e63a8_c1 reference: unsupported insn 0x7ea3d403
[SKIP  ] bb_libsurfaceflinger_1e63a8_c2 reference: unsupported insn 0x7ea3d403
[SKIP  ] bb_libsurfaceflinger_1e8ae8_c0 reference: unsupported insn 0x9e670120
[SKIP  ] bb_libsurfaceflinger_1e8ae8_c1 reference: unsupported insn 0x9e670120
[SKIP  ] bb_libsurfaceflinger_1e8ae8_c2 reference: unsupported insn 0x9e670120
[SKIP  ] bb_libsurfaceflinger_1ea7a4_c0 reference: unsupported insn 0x9e660016
[SKIP  ] bb_libsurfaceflinger_1ea7a4_c1 reference: unsupported insn 0x9e660016
[SKIP  ] bb_libsurfaceflinger_1ea7a4_c2 reference: unsupported insn 0x9e660016
[SKIP  ] bb_libsurfaceflinger_1ebb5c_c0 reference: unsupported insn 0x6f00e400
[SKIP  ] bb_libsurfaceflinger_1ebb5c_c1 reference: unsupported insn 0x6f00e400
[SKIP  ] bb_libsurfaceflinger_1ebb5c_c2 reference: unsupported insn 0x6f00e400
[SKIP  ] bb_libsurfaceflinger_1ef054_c0 reference: unsupported insn 0x9e6702e0
[SKIP  ] bb_libsurfaceflinger_1ef054_c1 reference: unsupported insn 0x9e6702e0
[SKIP  ] bb_libsurfaceflinger_1ef054_c2 reference: unsupported insn 0x9e6702e0
[PASS  ] bb_libsurfaceflinger_1ef9dc_c0 (266 bytes x86)
[PASS  ] bb_libsurfaceflinger_1ef9dc_c1 (266 bytes x86)
[PASS  ] bb_libsurfaceflinger_1ef9dc_c2 (266 bytes x86)
[SKIP  ] bb_libsurfaceflinger_1f0190_c0 reference: unsupported insn 0x9e29000a
[SKIP  ] bb_libsurfaceflinger_1f0190_c1 reference: unsupported insn 0x9e29000a
[SKIP  ] bb_libsurfaceflinger_1f0190_c2 reference: unsupported insn 0x9e29000a
[PASS  ] bb_libsurfaceflinger_1f2580_c0 (266 bytes x86)
[PASS  ] bb_libsurfaceflinger_1f2580_c1 (266 bytes x86)
[PASS  ] bb_libsurfaceflinger_1f2580_c2 (266 bytes x86)
[SKIP  ] bb_libsurfaceflinger_1f57d4_c0 reference: unsupported insn 0x9e290009
[SKIP  ] bb_libsurfaceflinger_1f57d4_c1 reference: unsupported insn 0x9e290009
[SKIP  ] bb_libsurfaceflinger_1f57d4_c2 reference: unsupported insn 0x9e290009
[SKIP  ] bb_libsurfaceflinger_1f78d8_c0 reference: unsupported insn 0x1e201000
[SKIP  ] bb_libsurfaceflinger_1f78d8_c1 reference: unsupported insn 0x1e201000
[SKIP  ] bb_libsurfaceflinger_1f78d8_c2 reference: unsupported insn 0x1e201000
[SKIP  ] bb_libsurfaceflinger_1f81bc_c0 reference: unsupported insn 0x1e2e1000
[SKIP  ] bb_libsurfaceflinger_1f81bc_c1 reference: unsupported insn 0x1e2e1000
[SKIP  ] bb_libsurfaceflinger_1f81bc_c2 reference: unsupported insn 0x1e2e1000
[SKIP  ] bb_libsurfaceflinger_1f81d4_c0 reference: unsupported insn 0x1e2e1005
[SKIP  ] bb_libsurfaceflinger_1f81d4_c1 reference: unsupported insn 0x1e2e1005
[SKIP  ] bb_libsurfaceflinger_1f81d4_c2 reference: unsupported insn 0x1e2e1005
[SKIP  ] bb_libsurfaceflinger_1f81ec_c0 reference: unsupported insn 0x1e2e1006
[SKIP  ] bb_libsurfaceflinger_1f81ec_c1 reference: unsupported insn 0x1e2e1006
[SKIP  ] bb_libsurfaceflinger_1f81ec_c2 reference: unsupported insn 0x1e2e1006
[SKIP  ] bb_libsurfaceflinger_1f8204_c0 reference: unsupported insn 0x1e2e1003
[SKIP  ] bb_libsurfaceflinger_1f8204_c1 reference: unsupported insn 0x1e2e1003
[SKIP  ] bb_libsurfaceflinger_1f8204_c2 reference: unsupported insn 0x1e2e1003
[SKIP  ] bb_libsurfaceflinger_1f8c80_c0 reference: unsupported insn 0x9e6702e0
[SKIP  ] bb_libsurfaceflinger_1f8c80_c1 reference: unsupported insn 0x9e6702e0
[SKIP  ] bb_libsurfaceflinger_1f8c80_c2 reference: unsupported insn 0x9e6702e0
[SKIP  ] bb_libsurfaceflinger_1f90ec_c0 reference: unsupported insn 0x9e670100
[SKIP  ] bb_libsurfaceflinger_1f90ec_c1 reference: unsupported insn 0x9e670100
[SKIP  ] bb_libsurfaceflinger_1f90ec_c2 reference: unsupported insn 0x9e670100
[PASS  ] bb_libsurfaceflinger_1f93b0_c0 (266 bytes x86)
[PASS  ] bb_libsurfaceflinger_1f93b0_c1 (266 bytes x86)
[PASS  ] bb_libsurfaceflinger_1f93b0_c2 (266 bytes x86)
[SKIP  ] bb_libsurfaceflinger_1f9934_c0 reference: unsupported insn 0x9e290009
[SKIP  ] bb_libsurfaceflinger_1f9934_c1 reference: unsupported insn 0x9e290009
[SKIP  ] bb_libsurfaceflinger_1f9934_c2 reference: unsupported insn 0x9e290009
[SKIP  ] bb_libsurfaceflinger_1f9aa8_c0 reference: unsupported insn 0x9e290009
[SKIP  ] bb_libsurfaceflinger_1f9aa8_c1 reference: unsupported insn 0x9e290009
[SKIP  ] bb_libsurfaceflinger_1f9aa8_c2 reference: unsupported insn 0x9e290009
[PASS  ] bb_libsurfaceflinger_1fb834_c0 (233 bytes x86)
[PASS  ] bb_libsurfaceflinger_1fb834_c1 (233 bytes x86)
[PASS  ] bb_libsurfaceflinger_1fb834_c2 (233 bytes x86)
[SKIP  ] bb_libsurfaceflinger_203dec_c0 reference: unsupported insn 0x1e6f1000
[SKIP  ] bb_libsurfaceflinger_203dec_c1 reference: unsupported insn 0x1e6f1000
[SKIP  ] bb_libsurfaceflinger_203dec_c2 reference: unsupported insn 0x1e6f1000
[SKIP  ] bb_libsurfaceflinger_206098_c0 reference: unsupported insn 0x1e6e1000
[SKIP  ] bb_libsurfaceflinger_206098_c1 reference: unsupported insn 0x1e6e1000
[SKIP  ] bb_libsurfaceflinger_206098_c2 reference: unsupported insn 0x1e6e1000
[PASS  ] bb_libsurfaceflinger_20686c_c0 (84 bytes x86)
[PASS  ] bb_libsurfaceflinger_20686c_c1 (84 bytes x86)
[PASS  ] bb_libsurfaceflinger_20686c_c2 (84 bytes x86)
[PASS  ] bb_libsurfaceflinger_206880_c0 (121 bytes x86)
[PASS  ] bb_libsurfaceflinger_206880_c1 (121 bytes x86)
[PASS  ] bb_libsurfaceflinger_206880_c2 (121 bytes x86)
[PASS  ] bb_libsurfaceflinger_20d38c_c0 (225 bytes x86)
[PASS  ] bb_libsurfaceflinger_20d38c_c1 (225 bytes x86)
[PASS  ] bb_libsurfaceflinger_20d38c_c2 (225 bytes x86)
[SKIP  ] bb_libsurfaceflinger_20facc_c0 reference: unsupported insn 0x6f00e400
[SKIP  ] bb_libsurfaceflinger_20facc_c1 reference: unsupported insn 0x6f00e400
[SKIP  ] bb_libsurfaceflinger_20facc_c2 reference: unsupported insn 0x6f00e400
[SKIP  ] bb_libsurfaceflinger_20fda4_c0 reference: unsupported insn 0x1e270140
[SKIP  ] bb_libsurfaceflinger_20fda4_c1 reference: unsupported insn 0x1e270140
[SKIP  ] bb_libsurfaceflinger_20fda4_c2 reference: unsupported insn 0x1e270140
[SKIP  ] bb_libsurfaceflinger_20fde4_c0 reference: unsupported insn 0x1e270160
[SKIP  ] bb_libsurfaceflinger_20fde4_c1 reference: unsupported insn 0x1e270160
[SKIP  ] bb_libsurfaceflinger_20fde4_c2 reference: unsupported insn 0x1e270160
[PASS  ] bb_libsurfaceflinger_21002c_c0 (310 bytes x86)
[PASS  ] bb_libsurfaceflinger_21002c_c1 (310 bytes x86)
[PASS  ] bb_libsurfaceflinger_21002c_c2 (310 bytes x86)
[SKIP  ] bb_libsurfaceflinger_210078_c0 reference: unsupported insn 0x5ea1b842
[SKIP  ] bb_libsurfaceflinger_210078_c1 reference: unsupported insn 0x5ea1b842
[SKIP  ] bb_libsurfaceflinger_210078_c2 reference: unsupported insn 0x5ea1b842
[SKIP  ] bb_libsurfaceflinger_210098_c0 reference: unsupported insn 0x5e21d842
[SKIP  ] bb_libsurfaceflinger_210098_c1 reference: unsupported insn 0x5e21d842
[SKIP  ] bb_libsurfaceflinger_210098_c2 reference: unsupported insn 0x5e21d842
[PASS  ] bb_libsurfaceflinger_2100b8_c0 (235 bytes x86)
[PASS  ] bb_libsurfaceflinger_2100b8_c1 (235 bytes x86)
[PASS  ] bb_libsurfaceflinger_2100b8_c2 (235 bytes x86)
[SKIP  ] bb_libsurfaceflinger_210340_c0 reference: unsupported insn 0x5e0c0445
[SKIP  ] bb_libsurfaceflinger_210340_c1 reference: unsupported insn 0x5e0c0445
[SKIP  ] bb_libsurfaceflinger_210340_c2 reference: unsupported insn 0x5e0c0445
[SKIP  ] bb_libsurfaceflinger_210360_c0 reference: unsupported insn 0x5e0c0467
[SKIP  ] bb_libsurfaceflinger_210360_c1 reference: unsupported insn 0x5e0c0467
[SKIP  ] bb_libsurfaceflinger_210360_c2 reference: unsupported insn 0x5e0c0467
[SKIP  ] bb_libsurfaceflinger_210380_c0 reference: unsupported insn 0x5e140470
[SKIP  ] bb_libsurfaceflinger_210380_c1 reference: unsupported insn 0x5e140470
[SKIP  ] bb_libsurfaceflinger_210380_c2 reference: unsupported insn 0x5e140470
[SKIP  ] bb_libsurfaceflinger_2103a0_c0 reference: unsupported insn 0x5e1c0463
[SKIP  ] bb_libsurfaceflinger_2103a0_c1 reference: unsupported insn 0x5e1c0463
[SKIP  ] bb_libsurfaceflinger_2103a0_c2 reference: unsupported insn 0x5e1c0463
[SKIP  ] bb_libsurfaceflinger_21045c_c0 reference: unsupported insn 0x5e0c04d7
[SKIP  ] bb_libsurfaceflinger_21045c_c1 reference: unsupported insn 0x5e0c04d7
[SKIP  ] bb_libsurfaceflinger_21045c_c2 reference: unsupported insn 0x5e0c04d7
[SKIP  ] bb_libsurfaceflinger_21047c_c0 reference: unsupported insn 0x5e1404f2
[SKIP  ] bb_libsurfaceflinger_21047c_c1 reference: unsupported insn 0x5e1404f2
[SKIP  ] bb_libsurfaceflinger_21047c_c2 reference: unsupported insn 0x5e1404f2
[SKIP  ] bb_libsurfaceflinger_21049c_c0 reference: unsupported insn 0x5e1404d8
[SKIP  ] bb_libsurfaceflinger_21049c_c1 reference: unsupported insn 0x5e1404d8
[SKIP  ] bb_libsurfaceflinger_21049c_c2 reference: unsupported insn 0x5e1404d8
[PASS  ] bb_libsurfaceflinger_21051c_c0 (387 bytes x86)
[PASS  ] bb_libsurfaceflinger_21051c_c1 (387 bytes x86)
[PASS  ] bb_libsurfaceflinger_21051c_c2 (387 bytes x86)
[SKIP  ] bb_libsurfaceflinger_21055c_c0 reference: unsupported insn 0x5e0c04d7
[SKIP  ] bb_libsurfaceflinger_21055c_c1 reference: unsupported insn 0x5e0c04d7
[SKIP  ] bb_libsurfaceflinger_21055c_c2 reference: unsupported insn 0x5e0c04d7
[SKIP  ] bb_libsurfaceflinger_21057c_c0 reference: unsupported insn 0x5e1404f2
[SKIP  ] bb_libsurfaceflinger_21057c_c1 reference: unsupported insn 0x5e1404f2
[SKIP  ] bb_libsurfaceflinger_21057c_c2 reference: unsupported insn 0x5e1404f2
[SKIP  ] bb_libsurfaceflinger_21059c_c0 reference: unsupported insn 0x5e1404d8
[SKIP  ] bb_libsurfaceflinger_21059c_c1 reference: unsupported insn 0x5e1404d8
[SKIP  ] bb_libsurfaceflinger_21059c_c2 reference: unsupported insn 0x5e1404d8
[PASS  ] bb_libsurfaceflinger_2109c0_c0 (258 bytes x86)
[PASS  ] bb_libsurfaceflinger_2109c0_c1 (258 bytes x86)
[PASS  ] bb_libsurfaceflinger_2109c0_c2 (258 bytes x86)
[PASS  ] bb_libsurfaceflinger_2109dc_c0 (258 bytes x86)
[PASS  ] bb_libsurfaceflinger_2109dc_c1 (258 bytes x86)
[PASS  ] bb_libsurfaceflinger_2109dc_c2 (258 bytes x86)
[PASS  ] bb_libsurfaceflinger_210a88_c0 (304 bytes x86)
[PASS  ] bb_libsurfaceflinger_210a88_c1 (304 bytes x86)
[PASS  ] bb_libsurfaceflinger_210a88_c2 (304 bytes x86)
[SKIP  ] bb_libsurfaceflinger_210c14_c0 reference: unsupported insn 0x1e270120
[SKIP  ] bb_libsurfaceflinger_210c14_c1 reference: unsupported insn 0x1e270120
[SKIP  ] bb_libsurfaceflinger_210c14_c2 reference: unsupported insn 0x1e270120
[SKIP  ] bb_libsurfaceflinger_210c30_c0 reference: unsupported insn 0x1e270140
[SKIP  ] bb_libsurfaceflinger_210c30_c1 reference: unsupported insn 0x1e270140
[SKIP  ] bb_libsurfaceflinger_210c30_c2 reference: unsupported insn 0x1e270140
[SKIP  ] bb_libsurfaceflinger_211000_c0 reference: unsupported insn 0x5e140402
[SKIP  ] bb_libsurfaceflinger_211000_c1 reference: unsupported insn 0x5e140402
[SKIP  ] bb_libsurfaceflinger_211000_c2 reference: unsupported insn 0x5e140402
[SKIP  ] bb_libsurfaceflinger_21105c_c0 reference: unsupported insn 0x2f00e400
[SKIP  ] bb_libsurfaceflinger_21105c_c1 reference: unsupported insn 0x2f00e400
[SKIP  ] bb_libsurfaceflinger_21105c_c2 reference: unsupported insn 0x2f00e400
[PASS  ] bb_libsurfaceflinger_211120_c0 (88 bytes x86)
[PASS  ] bb_libsurfaceflinger_211120_c1 (88 bytes x86)
[PASS  ] bb_libsurfaceflinger_211120_c2 (88 bytes x86)
[PASS  ] bb_libsurfaceflinger_2112b0_c0 (258 bytes x86)
[PASS  ] bb_libsurfaceflinger_2112b0_c1 (258 bytes x86)
[PASS  ] bb_libsurfaceflinger_2112b0_c2 (258 bytes x86)
[PASS  ] bb_libsurfaceflinger_2112cc_c0 (254 bytes x86)
[PASS  ] bb_libsurfaceflinger_2112cc_c1 (254 bytes x86)
[PASS  ] bb_libsurfaceflinger_2112cc_c2 (254 bytes x86)
[PASS  ] bb_libsurfaceflinger_211334_c0 (258 bytes x86)
[PASS  ] bb_libsurfaceflinger_211334_c1 (258 bytes x86)
[PASS  ] bb_libsurfaceflinger_211334_c2 (258 bytes x86)
[PASS  ] bb_libsurfaceflinger_211350_c0 (258 bytes x86)
[PASS  ] bb_libsurfaceflinger_211350_c1 (258 bytes x86)
[PASS  ] bb_libsurfaceflinger_211350_c2 (258 bytes x86)
[PASS  ] bb_libsurfaceflinger_2113c8_c0 (258 bytes x86)
[PASS  ] bb_libsurfaceflinger_2113c8_c1 (258 bytes x86)
[PASS  ] bb_libsurfaceflinger_2113c8_c2 (258 bytes x86)
[PASS  ] bb_libsurfaceflinger_2113e4_c0 (258 bytes x86)
[PASS  ] bb_libsurfaceflinger_2113e4_c1 (258 bytes x86)
[PASS  ] bb_libsurfaceflinger_2113e4_c2 (258 bytes x86)
[SKIP  ] bb_libsurfaceflinger_2132dc_c0 reference: unsupported insn 0x9e670300
[SKIP  ] bb_libsurfaceflinger_2132dc_c1 reference: unsupported insn 0x9e670300
[SKIP  ] bb_libsurfaceflinger_2132dc_c2 reference: unsupported insn 0x9e670300
[SKIP  ] bb_libsurfaceflinger_2139a0_c0 reference: unsupported insn 0x9e670380
[SKIP  ] bb_libsurfaceflinger_2139a0_c1 reference: unsupported insn 0x9e670380
[SKIP  ] bb_libsurfaceflinger_2139a0_c2 reference: unsupported insn 0x9e670380
[PASS  ] bb_libsurfaceflinger_213b0c_c0 (266 bytes x86)
[PASS  ] bb_libsurfaceflinger_213b0c_c1 (266 bytes x86)
[PASS  ] bb_libsurfaceflinger_213b0c_c2 (266 bytes x86)
[SKIP  ] bb_libsurfaceflinger_213e60_c0 reference: unsupported insn 0x9e670100
[SKIP  ] bb_libsurfaceflinger_213e60_c1 reference: unsupported insn 0x9e670100
[SKIP  ] bb_libsurfaceflinger_213e60_c2 reference: unsupported insn 0x9e670100
[SKIP  ] bb_libsurfaceflinger_214918_c0 reference: unsupported insn 0x1e2e1010
[SKIP  ] bb_libsurfaceflinger_214918_c1 reference: unsupported insn 0x1e2e1010
[SKIP  ] bb_libsurfaceflinger_214918_c2 reference: unsupported insn 0x1e2e1010
[SKIP  ] bb_libsurfaceflinger_214938_c0 reference: unsupported insn 0x2f00e400
[SKIP  ] bb_libsurfaceflinger_214938_c1 reference: unsupported insn 0x2f00e400
[SKIP  ] bb_libsurfaceflinger_214938_c2 reference: unsupported insn 0x2f00e400
[PASS  ] bb_libsurfaceflinger_214cdc_c0 (849 bytes x86)
[PASS  ] bb_libsurfaceflinger_214cdc_c1 (849 bytes x86)
[PASS  ] bb_libsurfaceflinger_214cdc_c2 (849 bytes x86)
[PASS  ] bb_libsurfaceflinger_214cfc_c0 (849 bytes x86)
[PASS  ] bb_libsurfaceflinger_214cfc_c1 (849 bytes x86)
[PASS  ] bb_libsurfaceflinger_214cfc_c2 (849 bytes x86)
[PASS  ] bb_libsurfaceflinger_214fc8_c0 (463 bytes x86)
[PASS  ] bb_libsurfaceflinger_214fc8_c1 (463 bytes x86)
[PASS  ] bb_libsurfaceflinger_214fc8_c2 (463 bytes x86)
[SKIP  ] bb_libsurfaceflinger_214fe8_c0 reference: unsupported insn 0x0ea00802
[SKIP  ] bb_libsurfaceflinger_214fe8_c1 reference: unsupported insn 0x0ea00802
[SKIP  ] bb_libsurfaceflinger_214fe8_c2 reference: unsupported insn 0x0ea00802
[SKIP  ] bb_libsurfaceflinger_2153f4_c0 reference: unsupported insn 0x4f03f611
[SKIP  ] bb_libsurfaceflinger_2153f4_c1 reference: unsupported insn 0x4f03f611
[SKIP  ] bb_libsurfaceflinger_2153f4_c2 reference: unsupported insn 0x4f03f611
[PASS  ] bb_libsurfaceflinger_21540c_c0 (107 bytes x86)
[PASS  ] bb_libsurfaceflinger_21540c_c1 (107 bytes x86)
[PASS  ] bb_libsurfaceflinger_21540c_c2 (107 bytes x86)
[PASS  ] bb_libsurfaceflinger_2154a8_c0 (747 bytes x86)
[PASS  ] bb_libsurfaceflinger_2154a8_c1 (747 bytes x86)
[PASS  ] bb_libsurfaceflinger_2154a8_c2 (747 bytes x86)
[SKIP  ] bb_libsurfaceflinger_215670_c0 reference: unsupported insn 0x6f00e400
[SKIP  ] bb_libsurfaceflinger_215670_c1 reference: unsupported insn 0x6f00e400
[SKIP  ] bb_libsurfaceflinger_215670_c2 reference: unsupported insn 0x6f00e400
[PASS  ] bb_libsurfaceflinger_2157e0_c0 (425 bytes x86)
[PASS  ] bb_libsurfaceflinger_2157e0_c1 (425 bytes x86)
[PASS  ] bb_libsurfaceflinger_2157e0_c2 (425 bytes x86)
[SKIP  ] bb_libsurfaceflinger_215890_c0 reference: unsupported insn 0x4f0167f1
[SKIP  ] bb_libsurfaceflinger_215890_c1 reference: unsupported insn 0x4f0167f1
[SKIP  ] bb_libsurfaceflinger_215890_c2 reference: unsupported insn 0x4f0167f1
[PASS  ] bb_libsurfaceflinger_2158d0_c0 (363 bytes x86)
[PASS  ] bb_libsurfaceflinger_2158d0_c1 (363 bytes x86)
[PASS  ] bb_libsurfaceflinger_2158d0_c2 (363 bytes x86)
[PASS  ] bb_libsurfaceflinger_215950_c0 (474 bytes x86)
[PASS  ] bb_libsurfaceflinger_215950_c1 (474 bytes x86)
[PASS  ] bb_libsurfaceflinger_215950_c2 (474 bytes x86)
[PASS  ] bb_libsurfaceflinger_215990_c0 (433 bytes x86)
[PASS  ] bb_libsurfaceflinger_215990_c1 (433 bytes x86)
[PASS  ] bb_libsurfaceflinger_215990_c2 (433 bytes x86)
[PASS  ] bb_libsurfaceflinger_215a30_c0 (416 bytes x86)
[PASS  ] bb_libsurfaceflinger_215a30_c1 (416 bytes x86)
[PASS  ] bb_libsurfaceflinger_215a30_c2 (416 bytes x86)
[SKIP  ] bb_libsurfaceflinger_215cfc_c0 reference: unsupported insn 0x1e2e1001
[SKIP  ] bb_libsurfaceflinger_215cfc_c1 reference: unsupported insn 0x1e2e1001
[SKIP  ] bb_libsurfaceflinger_215cfc_c2 reference: unsupported insn 0x1e2e1001
[SKIP  ] bb_libsurfaceflinger_215e5c_c0 reference: unsupported insn 0x2e205af3
[SKIP  ] bb_libsurfaceflinger_215e5c_c1 reference: unsupported insn 0x2e205af3
[SKIP  ] bb_libsurfaceflinger_215e5c_c2 reference: unsupported insn 0x2e205af3
[PASS  ] bb_libsurfaceflinger_215efc_c0 (382 bytes x86)
[PASS  ] bb_libsurfaceflinger_215efc_c1 (382 bytes x86)
[PASS  ] bb_libsurfaceflinger_215efc_c2 (382 bytes x86)
[PASS  ] bb_libsurfaceflinger_215f3c_c0 (501 bytes x86)
[PASS  ] bb_libsurfaceflinger_215f3c_c1 (501 bytes x86)
[PASS  ] bb_libsurfaceflinger_215f3c_c2 (501 bytes x86)
[PASS  ] bb_libsurfaceflinger_215fec_c0 (83 bytes x86)
[PASS  ] bb_libsurfaceflinger_215fec_c1 (83 bytes x86)
[PASS  ] bb_libsurfaceflinger_215fec_c2 (83 bytes x86)
[SKIP  ] bb_libsurfaceflinger_2160a8_c0 reference: unsupported insn 0x1e2600ea
[SKIP  ] bb_libsurfaceflinger_2160a8_c1 reference: unsupported insn 0x1e2600ea
[SKIP  ] bb_libsurfaceflinger_2160a8_c2 reference: unsupported insn 0x1e2600ea
[SKIP  ] bb_libsurfaceflinger_216354_c0 reference: unsupported insn 0x1e6f1000
[SKIP  ] bb_libsurfaceflinger_216354_c1 reference: unsupported insn 0x1e6f1000
[SKIP  ] bb_libsurfaceflinger_216354_c2 reference: unsupported insn 0x1e6f1000
[PASS  ] bb_libsurfaceflinger_216574_c0 (172 bytes x86)
[PASS  ] bb_libsurfaceflinger_216574_c1 (172 bytes x86)
[PASS  ] bb_libsurfaceflinger_216574_c2 (172 bytes x86)
[PASS  ] bb_libsurfaceflinger_21658c_c0 (172 bytes x86)
[PASS  ] bb_libsurfaceflinger_21658c_c1 (172 bytes x86)
[PASS  ] bb_libsurfaceflinger_21658c_c2 (172 bytes x86)
[PASS  ] bb_libsurfaceflinger_21659c_c0 (172 bytes x86)
[PASS  ] bb_libsurfaceflinger_21659c_c1 (172 bytes x86)
[PASS  ] bb_libsurfaceflinger_21659c_c2 (172 bytes x86)
[PASS  ] bb_libsurfaceflinger_2165b4_c0 (250 bytes x86)
[PASS  ] bb_libsurfaceflinger_2165b4_c1 (250 bytes x86)
[PASS  ] bb_libsurfaceflinger_2165b4_c2 (250 bytes x86)
[PASS  ] bb_libsurfaceflinger_216684_c0 (849 bytes x86)
[PASS  ] bb_libsurfaceflinger_216684_c1 (849 bytes x86)
[PASS  ] bb_libsurfaceflinger_216684_c2 (849 bytes x86)
[PASS  ] bb_libsurfaceflinger_2166a4_c0 (849 bytes x86)
[PASS  ] bb_libsurfaceflinger_2166a4_c1 (849 bytes x86)
[PASS  ] bb_libsurfaceflinger_2166a4_c2 (849 bytes x86)
[SKIP  ] bb_libsurfaceflinger_21676c_c0 reference: unsupported insn 0x2f056622
[SKIP  ] bb_libsurfaceflinger_21676c_c1 reference: unsupported insn 0x2f056622
[SKIP  ] bb_libsurfaceflinger_21676c_c2 reference: unsupported insn 0x2f056622
[SKIP  ] bb_libsurfaceflinger_2167ac_c0 reference: unsupported insn 0x2ea03020
[SKIP  ] bb_libsurfaceflinger_2167ac_c1 reference: unsupported insn 0x2ea03020
[SKIP  ] bb_libsurfaceflinger_2167ac_c2 reference: unsupported insn 0x2ea03020
[SKIP  ] bb_libsurfaceflinger_2167d4_c0 reference: unsupported insn 0x9e660008
[SKIP  ] bb_libsurfaceflinger_2167d4_c1 reference: unsupported insn 0x9e660008
[SKIP  ] bb_libsurfaceflinger_2167d4_c2 reference: unsupported insn 0x9e660008
[SKIP  ] bb_libsurfaceflinger_2168d8_c0 reference: unsupported insn 0x2f00e400
[SKIP  ] bb_libsurfaceflinger_2168d8_c1 reference: unsupported insn 0x2f00e400
[SKIP  ] bb_libsurfaceflinger_2168d8_c2 reference: unsupported insn 0x2f00e400
[SKIP  ] bb_libsurfaceflinger_2168ec_c0 reference: unsupported insn 0x6f00e404
[SKIP  ] bb_libsurfaceflinger_2168ec_c1 reference: unsupported insn 0x6f00e404
[SKIP  ] bb_libsurfaceflinger_2168ec_c2 reference: unsupported insn 0x6f00e404
[SKIP  ] bb_libsurfaceflinger_216974_c0 reference: unsupported insn 0x5e0c0423
[SKIP  ] bb_libsurfaceflinger_216974_c1 reference: unsupported insn 0x5e0c0423
[SKIP  ] bb_libsurfaceflinger_216974_c2 reference: unsupported insn 0x5e0c0423
[PASS  ] bb_libsurfaceflinger_2169a0_c0 (686 bytes x86)
[PASS  ] bb_libsurfaceflinger_2169a0_c1 (686 bytes x86)
[PASS  ] bb_libsurfaceflinger_2169a0_c2 (686 bytes x86)
[SKIP  ] bb_libsurfaceflinger_2169c0_c0 reference: unsupported insn 0x5e0c0443
[SKIP  ] bb_libsurfaceflinger_2169c0_c1 reference: unsupported insn 0x5e0c0443
[SKIP  ] bb_libsurfaceflinger_2169c0_c2 reference: unsupported insn 0x5e0c0443
[PASS  ] bb_libsurfaceflinger_2169e8_c0 (179 bytes x86)
[PASS  ] bb_libsurfaceflinger_2169e8_c1 (179 bytes x86)
[PASS  ] bb_libsurfaceflinger_2169e8_c2 (179 bytes x86)
[PASS  ] bb_libsurfaceflinger_216ab4_c0 (849 bytes x86)
[PASS  ] bb_libsurfaceflinger_216ab4_c1 (849 bytes x86)
[PASS  ] bb_libsurfaceflinger_216ab4_c2 (849 bytes x86)
[PASS  ] bb_libsurfaceflinger_216b68_c0 (288 bytes x86)
[PASS  ] bb_libsurfaceflinger_216b68_c1 (288 bytes x86)
[PASS  ] bb_libsurfaceflinger_216b68_c2 (288 bytes x86)
[PASS  ] bb_libsurfaceflinger_216c14_c0 (340 bytes x86)
[PASS  ] bb_libsurfaceflinger_216c14_c1 (340 bytes x86)
[PASS  ] bb_libsurfaceflinger_216c14_c2 (340 bytes x86)
[PASS  ] bb_libsurfaceflinger_216c88_c0 (442 bytes x86)
[PASS  ] bb_libsurfaceflinger_216c88_c1 (442 bytes x86)
[PASS  ] bb_libsurfaceflinger_216c88_c2 (442 bytes x86)
[SKIP  ] bb_libsurfaceflinger_216ca8_c0 reference: unsupported insn 0x1e260008
[SKIP  ] bb_libsurfaceflinger_216ca8_c1 reference: unsupported insn 0x1e260008
[SKIP  ] bb_libsurfaceflinger_216ca8_c2 reference: unsupported insn 0x1e260008
[SKIP  ] bb_libsurfaceflinger_216fb0_c0 reference: unsupported insn 0x2f00e403
[SKIP  ] bb_libsurfaceflinger_216fb0_c1 reference: unsupported insn 0x2f00e403
[SKIP  ] bb_libsurfaceflinger_216fb0_c2 reference: unsupported insn 0x2f00e403
[SKIP  ] bb_libsurfaceflinger_216fe4_c0 reference: unsupported insn 0x7ea4d4a0
[SKIP  ] bb_libsurfaceflinger_216fe4_c1 reference: unsupported insn 0x7ea4d4a0
[SKIP  ] bb_libsurfaceflinger_216fe4_c2 reference: unsupported insn 0x7ea4d4a0
[SKIP  ] bb_libsurfaceflinger_217058_c0 reference: unsupported insn 0x5e0c04a4
[SKIP  ] bb_libsurfaceflinger_217058_c1 reference: unsupported insn 0x5e0c04a4
[SKIP  ] bb_libsurfaceflinger_217058_c2 reference: unsupported insn 0x5e0c04a4
[SKIP  ] bb_libsurfaceflinger_2170d0_c0 reference: unsupported insn 0x2f00e400
[SKIP  ] bb_libsurfaceflinger_2170d0_c1 reference: unsupported insn 0x2f00e400
[SKIP  ] bb_libsurfaceflinger_2170d0_c2 reference: unsupported insn 0x2f00e400
[SKIP  ] bb_libsurfaceflinger_2170e8_c0 reference: unsupported insn 0x1e2e1000
[SKIP  ] bb_libsurfaceflinger_2170e8_c1 reference: unsupported insn 0x1e2e1000
[SKIP  ] bb_libsurfaceflinger_2170e8_c2 reference: unsupported insn 0x1e2e1000
[PASS  ] bb_libsurfaceflinger_217360_c0 (817 bytes x86)
[PASS  ] bb_libsurfaceflinger_217360_c1 (817 bytes x86)
[PASS  ] bb_libsurfaceflinger_217360_c2 (817 bytes x86)
[PASS  ] bb_libsurfaceflinger_21739c_c0 (217 bytes x86)
[PASS  ] bb_libsurfaceflinger_21739c_c1 (217 bytes x86)
[PASS  ] bb_libsurfaceflinger_21739c_c2 (217 bytes x86)
[SKIP  ] bb_libsurfaceflinger_2173b0_c0 reference: unsupported insn 0x1e2e1007
[SKIP  ] bb_libsurfaceflinger_2173b0_c1 reference: unsupported insn 0x1e2e1007
[SKIP  ] bb_libsurfaceflinger_2173b0_c2 reference: unsupported insn 0x1e2e1007
[PASS  ] bb_libsurfaceflinger_2173bc_c0 (433 bytes x86)
[PASS  ] bb_libsurfaceflinger_2173bc_c1 (433 bytes x86)
[PASS  ] bb_libsurfaceflinger_2173bc_c2 (433 bytes x86)
[PASS  ] bb_libsurfaceflinger_2173dc_c0 (433 bytes x86)
[PASS  ] bb_libsurfaceflinger_2173dc_c1 (433 bytes x86)
[PASS  ] bb_libsurfaceflinger_2173dc_c2 (433 bytes x86)
[SKIP  ] bb_libsurfaceflinger_2173fc_c0 reference: unsupported insn 0x0f0167b6
[SKIP  ] bb_libsurfaceflinger_2173fc_c1 reference: unsupported insn 0x0f0167b6
[SKIP  ] bb_libsurfaceflinger_2173fc_c2 reference: unsupported insn 0x0f0167b6
[SKIP  ] bb_libsurfaceflinger_217438_c0 reference: unsupported insn 0x4f929012
[SKIP  ] bb_libsurfaceflinger_217438_c1 reference: unsupported insn 0x4f929012
[SKIP  ] bb_libsurfaceflinger_217438_c2 reference: unsupported insn 0x4f929012
[SKIP  ] bb_libsurfaceflinger_217458_c0 reference: unsupported insn 0x4f9390c1
[SKIP  ] bb_libsurfaceflinger_217458_c1 reference: unsupported insn 0x4f9390c1
[SKIP  ] bb_libsurfaceflinger_217458_c2 reference: unsupported insn 0x4f9390c1
[SKIP  ] bb_libsurfaceflinger_217498_c0 reference: unsupported insn 0x0f0167a0
[SKIP  ] bb_libsurfaceflinger_217498_c1 reference: unsupported insn 0x0f0167a0
[SKIP  ] bb_libsurfaceflinger_217498_c2 reference: unsupported insn 0x0f0167a0
[PASS  ] bb_libsurfaceflinger_217644_c0 (179 bytes x86)
[PASS  ] bb_libsurfaceflinger_217644_c1 (179 bytes x86)
[PASS  ] bb_libsurfaceflinger_217644_c2 (179 bytes x86)
[PASS  ] bb_libsurfaceflinger_217b7c_c0 (369 bytes x86)
[PASS  ] bb_libsurfaceflinger_217b7c_c1 (369 bytes x86)
[PASS  ] bb_libsurfaceflinger_217b7c_c2 (369 bytes x86)
[SKIP  ] bb_libsurfaceflinger_21800c_c0 reference: unsupported insn 0x0e616821
[SKIP  ] bb_libsurfaceflinger_21800c_c1 reference: unsupported insn 0x0e616821
[SKIP  ] bb_libsurfaceflinger_21800c_c2 reference: unsupported insn 0x0e616821
[SKIP  ] bb_libsurfaceflinger_218040_c0 reference: unsupported insn 0x2f00e400
[SKIP  ] bb_libsurfaceflinger_218040_c1 reference: unsupported insn 0x2f00e400
[SKIP  ] bb_libsurfaceflinger_218040_c2 reference: unsupported insn 0x2f00e400
[PASS  ] bb_libsurfaceflinger_218288_c0 (207 bytes x86)
[PASS  ] bb_libsurfaceflinger_218288_c1 (207 bytes x86)
[PASS  ] bb_libsurfaceflinger_218288_c2 (207 bytes x86)
[SKIP  ] bb_libsurfaceflinger_2182b8_c0 reference: unsupported insn 0x1e2e1000
[SKIP  ] bb_libsurfaceflinger_2182b8_c1 reference: unsupported insn 0x1e2e1000
[SKIP  ] bb_libsurfaceflinger_2182b8_c2 reference: unsupported insn 0x1e2e1000
[SKIP  ] bb_libsurfaceflinger_2188f0_c0 reference: unsupported insn 0x1e2e1001
[SKIP  ] bb_libsurfaceflinger_2188f0_c1 reference: unsupported insn 0x1e2e1001
[SKIP  ] bb_libsurfaceflinger_2188f0_c2 reference: unsupported insn 0x1e2e1001
[SKIP  ] bb_libsurfaceflinger_218908_c0 reference: unsupported insn 0x1e2e1002
[SKIP  ] bb_libsurfaceflinger_218908_c1 reference: unsupported insn 0x1e2e1002
[SKIP  ] bb_libsurfaceflinger_218908_c2 reference: unsupported insn 0x1e2e1002
[SKIP  ] bb_libsurfaceflinger_218920_c0 reference: unsupported insn 0x1e2e1003
[SKIP  ] bb_libsurfaceflinger_218920_c1 reference: unsupported insn 0x1e2e1003
[SKIP  ] bb_libsurfaceflinger_218920_c2 reference: unsupported insn 0x1e2e1003
[SKIP  ] bb_libsurfaceflinger_218938_c0 reference: unsupported insn 0x1e2e1000
[SKIP  ] bb_libsurfaceflinger_218938_c1 reference: unsupported insn 0x1e2e1000
[SKIP  ] bb_libsurfaceflinger_218938_c2 reference: unsupported insn 0x1e2e1000
[SKIP  ] bb_libsurfaceflinger_2189bc_c0 reference: unsupported insn 0x1e6f1000
[SKIP  ] bb_libsurfaceflinger_2189bc_c1 reference: unsupported insn 0x1e6f1000
[SKIP  ] bb_libsurfaceflinger_2189bc_c2 reference: unsupported insn 0x1e6f1000
[SKIP  ] bb_libsurfaceflinger_218ed0_c0 reference: unsupported insn 0x9e660049
[SKIP  ] bb_libsurfaceflinger_218ed0_c1 reference: unsupported insn 0x9e660049
[SKIP  ] bb_libsurfaceflinger_218ed0_c2 reference: unsupported insn 0x9e660049
[SKIP  ] bb_libsurfaceflinger_219508_c0 reference: unsupported insn 0x5e21d821
[SKIP  ] bb_libsurfaceflinger_219508_c1 reference: unsupported insn 0x5e21d821
[SKIP  ] bb_libsurfaceflinger_219508_c2 reference: unsupported insn 0x5e21d821
[PASS  ] bb_libsurfaceflinger_219830_c0 (340 bytes x86)
[PASS  ] bb_libsurfaceflinger_219830_c1 (340 bytes x86)
[PASS  ] bb_libsurfaceflinger_219830_c2 (340 bytes x86)
[PASS  ] bb_libsurfaceflinger_219c20_c0 (471 bytes x86)
[PASS  ] bb_libsurfaceflinger_219c20_c1 (471 bytes x86)
[PASS  ] bb_libsurfaceflinger_219c20_c2 (471 bytes x86)
[PASS  ] bb_libsurfaceflinger_219c40_c0 (444 bytes x86)
[PASS  ] bb_libsurfaceflinger_219c40_c1 (444 bytes x86)
[PASS  ] bb_libsurfaceflinger_219c40_c2 (444 bytes x86)
[SKIP  ] bb_libsurfaceflinger_219c60_c0 reference: unsupported insn 0x4ea00850
[SKIP  ] bb_libsurfaceflinger_219c60_c1 reference: unsupported insn 0x4ea00850
[SKIP  ] bb_libsurfaceflinger_219c60_c2 reference: unsupported insn 0x4ea00850
[PASS  ] bb_libsurfaceflinger_219c80_c0 (444 bytes x86)
[PASS  ] bb_libsurfaceflinger_219c80_c1 (444 bytes x86)
[PASS  ] bb_libsurfaceflinger_219c80_c2 (444 bytes x86)
[PASS  ] bb_libsurfaceflinger_219ca0_c0 (504 bytes x86)
[PASS  ] bb_libsurfaceflinger_219ca0_c1 (504 bytes x86)
[PASS  ] bb_libsurfaceflinger_219ca0_c2 (504 bytes x86)
[SKIP  ] bb_libsurfaceflinger_219cc0_c0 reference: unsupported insn 0x5e0c04e3
[SKIP  ] bb_libsurfaceflinger_219cc0_c1 reference: unsupported insn 0x5e0c04e3
[SKIP  ] bb_libsurfaceflinger_219cc0_c2 reference: unsupported insn 0x5e0c04e3
[SKIP  ] bb_libsurfaceflinger_219ce0_c0 reference: unsupported insn 0x5e0c04d2
[SKIP  ] bb_libsurfaceflinger_219ce0_c1 reference: unsupported insn 0x5e0c04d2
[SKIP  ] bb_libsurfaceflinger_219ce0_c2 reference: unsupported insn 0x5e0c04d2
[SKIP  ] bb_libsurfaceflinger_219d00_c0 reference: unsupported insn 0x5e0c0487
[SKIP  ] bb_libsurfaceflinger_219d00_c1 reference: unsupported insn 0x5e0c0487
[SKIP  ] bb_libsurfaceflinger_219d00_c2 reference: unsupported insn 0x5e0c0487
[PASS  ] bb_libsurfaceflinger_219d20_c0 (551 bytes x86)
[PASS  ] bb_libsurfaceflinger_219d20_c1 (551 bytes x86)
[PASS  ] bb_libsurfaceflinger_219d20_c2 (551 bytes x86)
[PASS  ] bb_libsurfaceflinger_219d40_c0 (425 bytes x86)
[PASS  ] bb_libsurfaceflinger_219d40_c1 (425 bytes x86)
[PASS  ] bb_libsurfaceflinger_219d40_c2 (425 bytes x86)
[PASS  ] bb_libsurfaceflinger_219d60_c0 (297 bytes x86)
[PASS  ] bb_libsurfaceflinger_219d60_c1 (297 bytes x86)
[PASS  ] bb_libsurfaceflinger_219d60_c2 (297 bytes x86)
[PASS  ] bb_libsurfaceflinger_219d80_c0 (424 bytes x86)
[PASS  ] bb_libsurfaceflinger_219d80_c1 (424 bytes x86)
[PASS  ] bb_libsurfaceflinger_219d80_c2 (424 bytes x86)
[SKIP  ] bb_libsurfaceflinger_219da0_c0 reference: unsupported insn 0x5e0c0401
[SKIP  ] bb_libsurfaceflinger_219da0_c1 reference: unsupported insn 0x5e0c0401
[SKIP  ] bb_libsurfaceflinger_219da0_c2 reference: unsupported insn 0x5e0c0401
[SKIP  ] bb_libsurfaceflinger_219dc4_c0 reference: unsupported insn 0x4f03f601
[SKIP  ] bb_libsurfaceflinger_219dc4_c1 reference: unsupported insn 0x4f03f601
[SKIP  ] bb_libsurfaceflinger_219dc4_c2 reference: unsupported insn 0x4f03f601
[PASS  ] bb_libsurfaceflinger_219de4_c0 (416 bytes x86)
[PASS  ] bb_libsurfaceflinger_219de4_c1 (416 bytes x86)
[PASS  ] bb_libsurfaceflinger_219de4_c2 (416 bytes x86)
[PASS  ] bb_libsurfaceflinger_219e04_c0 (257 bytes x86)
[PASS  ] bb_libsurfaceflinger_219e04_c1 (257 bytes x86)
[PASS  ] bb_libsurfaceflinger_219e04_c2 (257 bytes x86)
[SKIP  ] bb_libsurfaceflinger_21ac3c_c0 reference: unsupported insn 0x1e6f1001
[SKIP  ] bb_libsurfaceflinger_21ac3c_c1 reference: unsupported insn 0x1e6f1001
[SKIP  ] bb_libsurfaceflinger_21ac3c_c2 reference: unsupported insn 0x1e6f1001
[SKIP  ] bb_libsurfaceflinger_21b140_c0 reference: unsupported insn 0x1e270101
[SKIP  ] bb_libsurfaceflinger_21b140_c1 reference: unsupported insn 0x1e270101
[SKIP  ] bb_libsurfaceflinger_21b140_c2 reference: unsupported insn 0x1e270101
[SKIP  ] bb_libsurfaceflinger_21bb6c_c0 reference: unsupported insn 0x2f00e402
[SKIP  ] bb_libsurfaceflinger_21bb6c_c1 reference: unsupported insn 0x2f00e402
[SKIP  ] bb_libsurfaceflinger_21bb6c_c2 reference: unsupported insn 0x2f00e402
[PASS  ] bb_libsurfaceflinger_21bb94_c0 (394 bytes x86)
[PASS  ] bb_libsurfaceflinger_21bb94_c1 (394 bytes x86)
[PASS  ] bb_libsurfaceflinger_21bb94_c2 (394 bytes x86)
[SKIP  ] bb_libsurfaceflinger_222f6c_c0 reference: unsupported insn 0x1e6f1000
[SKIP  ] bb_libsurfaceflinger_222f6c_c1 reference: unsupported insn 0x1e6f1000
[SKIP  ] bb_libsurfaceflinger_222f6c_c2 reference: unsupported insn 0x1e6f1000
[SKIP  ] bb_libsurfaceflinger_223278_c0 reference: unsupported insn 0x5ee1b900
[SKIP  ] bb_libsurfaceflinger_223278_c1 reference: unsupported insn 0x5ee1b900
[SKIP  ] bb_libsurfaceflinger_223278_c2 reference: unsupported insn 0x5ee1b900
[SKIP  ] bb_libsurfaceflinger_223338_c0 reference: unsupported insn 0x2f00e400
[SKIP  ] bb_libsurfaceflinger_223338_c1 reference: unsupported insn 0x2f00e400
[SKIP  ] bb_libsurfaceflinger_223338_c2 reference: unsupported insn 0x2f00e400
[SKIP  ] bb_libsurfaceflinger_2239fc_c0 reference: unsupported insn 0x1e6f1000
[SKIP  ] bb_libsurfaceflinger_2239fc_c1 reference: unsupported insn 0x1e6f1000
[SKIP  ] bb_libsurfaceflinger_2239fc_c2 reference: unsupported insn 0x1e6f1000
[SKIP  ] bb_libsurfaceflinger_223e20_c0 reference: unsupported insn 0x1e6f1000
[SKIP  ] bb_libsurfaceflinger_223e20_c1 reference: unsupported insn 0x1e6f1000
[SKIP  ] bb_libsurfaceflinger_223e20_c2 reference: unsupported insn 0x1e6f1000
[SKIP  ] bb_libsurfaceflinger_22458c_c0 reference: unsupported insn 0x1e6e1000
[SKIP  ] bb_libsurfaceflinger_22458c_c1 reference: unsupported insn 0x1e6e1000
[SKIP  ] bb_libsurfaceflinger_22458c_c2 reference: unsupported insn 0x1e6e1000
[SKIP  ] bb_libsurfaceflinger_2247d8_c0 reference: unsupported insn 0x1e6e1000
[SKIP  ] bb_libsurfaceflinger_2247d8_c1 reference: unsupported insn 0x1e6e1000
[SKIP  ] bb_libsurfaceflinger_2247d8_c2 reference: unsupported insn 0x1e6e1000
[SKIP  ] bb_libsurfaceflinger_224914_c0 reference: unsupported insn 0x1e6e1000
[SKIP  ] bb_libsurfaceflinger_224914_c1 reference: unsupported insn 0x1e6e1000
[SKIP  ] bb_libsurfaceflinger_224914_c2 reference: unsupported insn 0x1e6e1000
[SKIP  ] bb_libsurfaceflinger_22e0d0_c0 reference: unsupported insn 0x6f00e400
[SKIP  ] bb_libsurfaceflinger_22e0d0_c1 reference: unsupported insn 0x6f00e400
[SKIP  ] bb_libsurfaceflinger_22e0d0_c2 reference: unsupported insn 0x6f00e400
[PASS  ] bb_libsurfaceflinger_22fb24_c0 (849 bytes x86)
[PASS  ] bb_libsurfaceflinger_22fb24_c1 (849 bytes x86)
[PASS  ] bb_libsurfaceflinger_22fb24_c2 (849 bytes x86)
[PASS  ] bb_libsurfaceflinger_22fb44_c0 (849 bytes x86)
[PASS  ] bb_libsurfaceflinger_22fb44_c1 (849 bytes x86)
[PASS  ] bb_libsurfaceflinger_22fb44_c2 (849 bytes x86)
[PASS  ] bb_libsurfaceflinger_22fb64_c0 (730 bytes x86)
[PASS  ] bb_libsurfaceflinger_22fb64_c1 (730 bytes x86)
[PASS  ] bb_libsurfaceflinger_22fb64_c2 (730 bytes x86)
[SKIP  ] bb_libsurfaceflinger_22fe9c_c0 reference: unsupported insn 0x1e2e1001
[SKIP  ] bb_libsurfaceflinger_22fe9c_c1 reference: unsupported insn 0x1e2e1001
[SKIP  ] bb_libsurfaceflinger_22fe9c_c2 reference: unsupported insn 0x1e2e1001
[SKIP  ] bb_libsurfaceflinger_230060_c0 reference: unsupported insn 0x4ea00a76
[SKIP  ] bb_libsurfaceflinger_230060_c1 reference: unsupported insn 0x4ea00a76
[SKIP  ] bb_libsurfaceflinger_230060_c2 reference: unsupported insn 0x4ea00a76
[SKIP  ] bb_libsurfaceflinger_230080_c0 reference: unsupported insn 0x4ea008c2
[SKIP  ] bb_libsurfaceflinger_230080_c1 reference: unsupported insn 0x4ea008c2
[SKIP  ] bb_libsurfaceflinger_230080_c2 reference: unsupported insn 0x4ea008c2
[SKIP  ] bb_libsurfaceflinger_2300a0_c0 reference: unsupported insn 0x1e260389
[SKIP  ] bb_libsurfaceflinger_2300a0_c1 reference: unsupported insn 0x1e260389
[SKIP  ] bb_libsurfaceflinger_2300a0_c2 reference: unsupported insn 0x1e260389
[PASS  ] bb_libsurfaceflinger_2300c0_c0 (428 bytes x86)
[PASS  ] bb_libsurfaceflinger_2300c0_c1 (428 bytes x86)
[PASS  ] bb_libsurfaceflinger_2300c0_c2 (428 bytes x86)
[PASS  ] bb_libsurfaceflinger_2300e0_c0 (214 bytes x86)
[PASS  ] bb_libsurfaceflinger_2300e0_c1 (214 bytes x86)
[PASS  ] bb_libsurfaceflinger_2300e0_c2 (214 bytes x86)
[PASS  ] bb_libsurfaceflinger_230114_c0 (382 bytes x86)
[PASS  ] bb_libsurfaceflinger_230114_c1 (382 bytes x86)
[PASS  ] bb_libsurfaceflinger_230114_c2 (382 bytes x86)
[PASS  ] bb_libsurfaceflinger_230134_c0 (390 bytes x86)
[PASS  ] bb_libsurfaceflinger_230134_c1 (390 bytes x86)
[PASS  ] bb_libsurfaceflinger_230134_c2 (390 bytes x86)
[PASS  ] bb_libsurfaceflinger_230154_c0 (395 bytes x86)
[PASS  ] bb_libsurfaceflinger_230154_c1 (395 bytes x86)
[PASS  ] bb_libsurfaceflinger_230154_c2 (395 bytes x86)
[PASS  ] bb_libsurfaceflinger_230174_c0 (404 bytes x86)
[PASS  ] bb_libsurfaceflinger_230174_c1 (404 bytes x86)
[PASS  ] bb_libsurfaceflinger_230174_c2 (404 bytes x86)
[SKIP  ] bb_libsurfaceflinger_230194_c0 reference: unsupported insn 0x6e205b9c
[SKIP  ] bb_libsurfaceflinger_230194_c1 reference: unsupported insn 0x6e205b9c
[SKIP  ] bb_libsurfaceflinger_230194_c2 reference: unsupported insn 0x6e205b9c
[PASS  ] bb_libsurfaceflinger_2301b4_c0 (426 bytes x86)
[PASS  ] bb_libsurfaceflinger_2301b4_c1 (426 bytes x86)
[PASS  ] bb_libsurfaceflinger_2301b4_c2 (426 bytes x86)
[SKIP  ] bb_libsurfaceflinger_2302b4_c0 reference: unsupported insn 0x6e205af0
[SKIP  ] bb_libsurfaceflinger_2302b4_c1 reference: unsupported insn 0x6e205af0
[SKIP  ] bb_libsurfaceflinger_2302b4_c2 reference: unsupported insn 0x6e205af0
[PASS  ] bb_libsurfaceflinger_2303b4_c0 (351 bytes x86)
[PASS  ] bb_libsurfaceflinger_2303b4_c1 (351 bytes x86)
[PASS  ] bb_libsurfaceflinger_2303b4_c2 (351 bytes x86)
[PASS  ] bb_libsurfaceflinger_2303d4_c0 (396 bytes x86)
[PASS  ] bb_libsurfaceflinger_2303d4_c1 (396 bytes x86)
[PASS  ] bb_libsurfaceflinger_2303d4_c2 (396 bytes x86)
[SKIP  ] bb_libsurfaceflinger_2305bc_c0 reference: unsupported insn 0x1e270100
[SKIP  ] bb_libsurfaceflinger_2305bc_c1 reference: unsupported insn 0x1e270100
[SKIP  ] bb_libsurfaceflinger_2305bc_c2 reference: unsupported insn 0x1e270100
[PASS  ] bb_libsurfaceflinger_231e08_c0 (253 bytes x86)
[PASS  ] bb_libsurfaceflinger_231e08_c1 (253 bytes x86)
[PASS  ] bb_libsurfaceflinger_231e08_c2 (253 bytes x86)
[SKIP  ] bb_libsurfaceflinger_2322c0_c0 reference: unsupported insn 0x9e660009
[SKIP  ] bb_libsurfaceflinger_2322c0_c1 reference: unsupported insn 0x9e660009
[SKIP  ] bb_libsurfaceflinger_2322c0_c2 reference: unsupported insn 0x9e660009
[SKIP  ] bb_libsurfaceflinger_233bc8_c0 reference: unsupported insn 0x1e28004b
[SKIP  ] bb_libsurfaceflinger_233bc8_c1 reference: unsupported insn 0x1e28004b
[SKIP  ] bb_libsurfaceflinger_233bc8_c2 reference: unsupported insn 0x1e28004b
[SKIP  ] bb_libsurfaceflinger_236cdc_c0 reference: unsupported insn 0x6f00e407
[SKIP  ] bb_libsurfaceflinger_236cdc_c1 reference: unsupported insn 0x6f00e407
[SKIP  ] bb_libsurfaceflinger_236cdc_c2 reference: unsupported insn 0x6f00e407
[PASS  ] bb_libsurfaceflinger_236cfc_c0 (416 bytes x86)
[PASS  ] bb_libsurfaceflinger_236cfc_c1 (416 bytes x86)
[PASS  ] bb_libsurfaceflinger_236cfc_c2 (416 bytes x86)
[SKIP  ] bb_libsurfaceflinger_236d1c_c0 reference: unsupported insn 0x2f00e403
[SKIP  ] bb_libsurfaceflinger_236d1c_c1 reference: unsupported insn 0x2f00e403
[SKIP  ] bb_libsurfaceflinger_236d1c_c2 reference: unsupported insn 0x2f00e403
[SKIP  ] bb_libsurfaceflinger_236d3c_c0 reference: unsupported insn 0x0e6168a2
[SKIP  ] bb_libsurfaceflinger_236d3c_c1 reference: unsupported insn 0x0e6168a2
[SKIP  ] bb_libsurfaceflinger_236d3c_c2 reference: unsupported insn 0x0e6168a2
[PASS  ] bb_libsurfaceflinger_236d94_c0 (163 bytes x86)
[PASS  ] bb_libsurfaceflinger_236d94_c1 (163 bytes x86)
[PASS  ] bb_libsurfaceflinger_236d94_c2 (163 bytes x86)
[SKIP  ] bb_libsurfaceflinger_236dc8_c0 reference: unsupported insn 0x0f809056
[SKIP  ] bb_libsurfaceflinger_236dc8_c1 reference: unsupported insn 0x0f809056
[SKIP  ] bb_libsurfaceflinger_236dc8_c2 reference: unsupported insn 0x0f809056
[SKIP  ] bb_libsurfaceflinger_236de8_c0 reference: unsupported insn 0x0ea00a15
[SKIP  ] bb_libsurfaceflinger_236de8_c1 reference: unsupported insn 0x0ea00a15
[SKIP  ] bb_libsurfaceflinger_236de8_c2 reference: unsupported insn 0x0ea00a15
[PASS  ] bb_libsurfaceflinger_236e08_c0 (418 bytes x86)
[PASS  ] bb_libsurfaceflinger_236e08_c1 (418 bytes x86)
[PASS  ] bb_libsurfaceflinger_236e08_c2 (418 bytes x86)
[SKIP  ] bb_libsurfaceflinger_2387ac_c0 reference: unsupported insn 0x2f00e40c
[SKIP  ] bb_libsurfaceflinger_2387ac_c1 reference: unsupported insn 0x2f00e40c
[SKIP  ] bb_libsurfaceflinger_2387ac_c2 reference: unsupported insn 0x2f00e40c
[SKIP  ] bb_libsurfaceflinger_238a84_c0 reference: unsupported insn 0x1e2e1000
[SKIP  ] bb_libsurfaceflinger_238a84_c1 reference: unsupported insn 0x1e2e1000
[SKIP  ] bb_libsurfaceflinger_238a84_c2 reference: unsupported insn 0x1e2e1000
[PASS  ] bb_libsurfaceflinger_238ac4_c0 (165 bytes x86)
[PASS  ] bb_libsurfaceflinger_238ac4_c1 (165 bytes x86)
[PASS  ] bb_libsurfaceflinger_238ac4_c2 (165 bytes x86)
[SKIP  ] bb_libsurfaceflinger_238bb8_c0 reference: unsupported insn 0x2f00e408
[SKIP  ] bb_libsurfaceflinger_238bb8_c1 reference: unsupported insn 0x2f00e408
[SKIP  ] bb_libsurfaceflinger_238bb8_c2 reference: unsupported insn 0x2f00e408
[PASS  ] bb_libsurfaceflinger_23a808_c0 (552 bytes x86)
[PASS  ] bb_libsurfaceflinger_23a808_c1 (552 bytes x86)
[PASS  ] bb_libsurfaceflinger_23a808_c2 (552 bytes x86)
[SKIP  ] bb_libsurfaceflinger_23ad44_c0 reference: unsupported insn 0x6f00e41a
[SKIP  ] bb_libsurfaceflinger_23ad44_c1 reference: unsupported insn 0x6f00e41a
[SKIP  ] bb_libsurfaceflinger_23ad44_c2 reference: unsupported insn 0x6f00e41a
[PASS  ] bb_libsurfaceflinger_23ad64_c0 (563 bytes x86)
[PASS  ] bb_libsurfaceflinger_23ad64_c1 (563 bytes x86)
[PASS  ] bb_libsurfaceflinger_23ad64_c2 (563 bytes x86)
[SKIP  ] bb_libsurfaceflinger_23ad84_c0 reference: unsupported insn 0x1e241424
[SKIP  ] bb_libsurfaceflinger_23ad84_c1 reference: unsupported insn 0x1e241424
[SKIP  ] bb_libsurfaceflinger_23ad84_c2 reference: unsupported insn 0x1e241424
[SKIP  ] bb_libsurfaceflinger_23addc_c0 reference: unsupported insn 0x2f00e406
[SKIP  ] bb_libsurfaceflinger_23addc_c1 reference: unsupported insn 0x2f00e406
[SKIP  ] bb_libsurfaceflinger_23addc_c2 reference: unsupported insn 0x2f00e406
[SKIP  ] bb_libsurfaceflinger_23adfc_c0 reference: unsupported insn 0x1e261604
[SKIP  ] bb_libsurfaceflinger_23adfc_c1 reference: unsupported insn 0x1e261604
[SKIP  ] bb_libsurfaceflinger_23adfc_c2 reference: unsupported insn 0x1e261604
[SKIP  ] bb_libsurfaceflinger_23ae94_c0 reference: unsupported insn 0x0e6178c6
[SKIP  ] bb_libsurfaceflinger_23ae94_c1 reference: unsupported insn 0x0e6178c6
[SKIP  ] bb_libsurfaceflinger_23ae94_c2 reference: unsupported insn 0x0e6178c6
[SKIP  ] bb_libsurfaceflinger_23aef4_c0 reference: unsupported insn 0x1e2e1000
[SKIP  ] bb_libsurfaceflinger_23aef4_c1 reference: unsupported insn 0x1e2e1000
[SKIP  ] bb_libsurfaceflinger_23aef4_c2 reference: unsupported insn 0x1e2e1000
[SKIP  ] bb_libsurfaceflinger_23af54_c0 reference: unsupported insn 0x4fc590c5
[SKIP  ] bb_libsurfaceflinger_23af54_c1 reference: unsupported insn 0x4fc590c5
[SKIP  ] bb_libsurfaceflinger_23af54_c2 reference: unsupported insn 0x4fc590c5
[SKIP  ] bb_libsurfaceflinger_23af94_c0 reference: unsupported insn 0x0e616862
[SKIP  ] bb_libsurfaceflinger_23af94_c1 reference: unsupported insn 0x0e616862
[SKIP  ] bb_libsurfaceflinger_23af94_c2 reference: unsupported insn 0x0e616862
[SKIP  ] bb_libsurfaceflinger_23afb4_c0 reference: unsupported insn 0x1e2e1001
[SKIP  ] bb_libsurfaceflinger_23afb4_c1 reference: unsupported insn 0x1e2e1001
[SKIP  ] bb_libsurfaceflinger_23afb4_c2 reference: unsupported insn 0x1e2e1001
[SKIP  ] bb_libsurfaceflinger_23b424_c0 reference: unsupported insn 0x1e300420
[SKIP  ] bb_libsurfaceflinger_23b424_c1 reference: unsupported insn 0x1e300420
[SKIP  ] bb_libsurfaceflinger_23b424_c2 reference: unsupported insn 0x1e300420
[SKIP  ] bb_libsurfaceflinger_23b444_c0 reference: unsupported insn 0x1e231424
[SKIP  ] bb_libsurfaceflinger_23b444_c1 reference: unsupported insn 0x1e231424
[SKIP  ] bb_libsurfaceflinger_23b444_c2 reference: unsupported insn 0x1e231424
[SKIP  ] bb_libsurfaceflinger_23b4d0_c0 reference: unsupported insn 0x5fc698b1
[SKIP  ] bb_libsurfaceflinger_23b4d0_c1 reference: unsupported insn 0x5fc698b1
[SKIP  ] bb_libsurfaceflinger_23b4d0_c2 reference: unsupported insn 0x5fc698b1
[PASS  ] bb_libsurfaceflinger_23b4f0_c0 (425 bytes x86)
[PASS  ] bb_libsurfaceflinger_23b4f0_c1 (425 bytes x86)
[PASS  ] bb_libsurfaceflinger_23b4f0_c2 (425 bytes x86)
[SKIP  ] bb_libsurfaceflinger_23b510_c0 reference: unsupported insn 0x1e2e1005
[SKIP  ] bb_libsurfaceflinger_23b510_c1 reference: unsupported insn 0x1e2e1005
[SKIP  ] bb_libsurfaceflinger_23b510_c2 reference: unsupported insn 0x1e2e1005
[SKIP  ] bb_libsurfaceflinger_23b530_c0 reference: unsupported insn 0x4e616882
[SKIP  ] bb_libsurfaceflinger_23b530_c1 reference: unsupported insn 0x4e616882
[SKIP  ] bb_libsurfaceflinger_23b530_c2 reference: unsupported insn 0x4e616882
[SKIP  ] bb_libsurfaceflinger_23b7d4_c0 reference: unsupported insn 0x5e1c0401
[SKIP  ] bb_libsurfaceflinger_23b7d4_c1 reference: unsupported insn 0x5e1c0401
[SKIP  ] bb_libsurfaceflinger_23b7d4_c2 reference: unsupported insn 0x5e1c0401
[SKIP  ] bb_libsurfaceflinger_23b818_c0 reference: unsupported insn 0x1e2e1003
[SKIP  ] bb_libsurfaceflinger_23b818_c1 reference: unsupported insn 0x1e2e1003
[SKIP  ] bb_libsurfaceflinger_23b818_c2 reference: unsupported insn 0x1e2e1003
[PASS  ] bb_libsurfaceflinger_23bcac_c0 (382 bytes x86)
[PASS  ] bb_libsurfaceflinger_23bcac_c1 (382 bytes x86)
[PASS  ] bb_libsurfaceflinger_23bcac_c2 (382 bytes x86)
[PASS  ] bb_libsurfaceflinger_23bccc_c0 (331 bytes x86)
[PASS  ] bb_libsurfaceflinger_23bccc_c1 (331 bytes x86)
[PASS  ] bb_libsurfaceflinger_23bccc_c2 (331 bytes x86)
[PASS  ] bb_libsurfaceflinger_23bd4c_c0 (389 bytes x86)
[PASS  ] bb_libsurfaceflinger_23bd4c_c1 (389 bytes x86)
[PASS  ] bb_libsurfaceflinger_23bd4c_c2 (389 bytes x86)
[PASS  ] bb_libsurfaceflinger_23bd6c_c0 (373 bytes x86)
[PASS  ] bb_libsurfaceflinger_23bd6c_c1 (373 bytes x86)
[PASS  ] bb_libsurfaceflinger_23bd6c_c2 (373 bytes x86)
[PASS  ] bb_libsurfaceflinger_23bea4_c0 (371 bytes x86)
[PASS  ] bb_libsurfaceflinger_23bea4_c1 (371 bytes x86)
[PASS  ] bb_libsurfaceflinger_23bea4_c2 (371 bytes x86)
[PASS  ] bb_libsurfaceflinger_23bec4_c0 (398 bytes x86)
[PASS  ] bb_libsurfaceflinger_23bec4_c1 (398 bytes x86)
[PASS  ] bb_libsurfaceflinger_23bec4_c2 (398 bytes x86)
[PASS  ] bb_libsurfaceflinger_23bf24_c0 (350 bytes x86)
[PASS  ] bb_libsurfaceflinger_23bf24_c1 (350 bytes x86)
[PASS  ] bb_libsurfaceflinger_23bf24_c2 (350 bytes x86)
[SKIP  ] bb_libsurfaceflinger_23bf44_c0 reference: unsupported insn 0x5fa39243
[SKIP  ] bb_libsurfaceflinger_23bf44_c1 reference: unsupported insn 0x5fa39243
[SKIP  ] bb_libsurfaceflinger_23bf44_c2 reference: unsupported insn 0x5fa39243
[PASS  ] bb_libsurfaceflinger_23bfa8_c0 (371 bytes x86)
[PASS  ] bb_libsurfaceflinger_23bfa8_c1 (371 bytes x86)
[PASS  ] bb_libsurfaceflinger_23bfa8_c2 (371 bytes x86)
[PASS  ] bb_libsurfaceflinger_23bfc8_c0 (398 bytes x86)
[PASS  ] bb_libsurfaceflinger_23bfc8_c1 (398 bytes x86)
[PASS  ] bb_libsurfaceflinger_23bfc8_c2 (398 bytes x86)
[PASS  ] bb_libsurfaceflinger_23c028_c0 (350 bytes x86)
[PASS  ] bb_libsurfaceflinger_23c028_c1 (350 bytes x86)
[PASS  ] bb_libsurfaceflinger_23c028_c2 (350 bytes x86)
[SKIP  ] bb_libsurfaceflinger_23c048_c0 reference: unsupported insn 0x5fa49264
[SKIP  ] bb_libsurfaceflinger_23c048_c1 reference: unsupported insn 0x5fa49264
[SKIP  ] bb_libsurfaceflinger_23c048_c2 reference: unsupported insn 0x5fa49264
[PASS  ] bb_libsurfaceflinger_23c650_c0 (398 bytes x86)
[PASS  ] bb_libsurfaceflinger_23c650_c1 (398 bytes x86)
[PASS  ] bb_libsurfaceflinger_23c650_c2 (398 bytes x86)
[SKIP  ] bb_libsurfaceflinger_23c670_c0 reference: unsupported insn 0x0f829262
[SKIP  ] bb_libsurfaceflinger_23c670_c1 reference: unsupported insn 0x0f829262
[SKIP  ] bb_libsurfaceflinger_23c670_c2 reference: unsupported insn 0x0f829262
[SKIP  ] bb_libsurfaceflinger_23c690_c0 reference: unsupported insn 0x0fbb92a2
[SKIP  ] bb_libsurfaceflinger_23c690_c1 reference: unsupported insn 0x0fbb92a2
[SKIP  ] bb_libsurfaceflinger_23c690_c2 reference: unsupported insn 0x0fbb92a2
[SKIP  ] bb_libsurfaceflinger_23e0c4_c0 reference: unsupported insn 0x2f00e406
[SKIP  ] bb_libsurfaceflinger_23e0c4_c1 reference: unsupported insn 0x2f00e406
[SKIP  ] bb_libsurfaceflinger_23e0c4_c2 reference: unsupported insn 0x2f00e406
[SKIP  ] bb_libsurfaceflinger_23e0e4_c0 reference: unsupported insn 0x1e261464
[SKIP  ] bb_libsurfaceflinger_23e0e4_c1 reference: unsupported insn 0x1e261464
[SKIP  ] bb_libsurfaceflinger_23e0e4_c2 reference: unsupported insn 0x1e261464
[SKIP  ] bb_libsurfaceflinger_23e148_c0 reference: unsupported insn 0x0e6178a5
[SKIP  ] bb_libsurfaceflinger_23e148_c1 reference: unsupported insn 0x0e6178a5
[SKIP  ] bb_libsurfaceflinger_23e148_c2 reference: unsupported insn 0x0e6178a5
[SKIP  ] bb_libsurfaceflinger_23e188_c0 reference: unsupported insn 0x7e70da24
[SKIP  ] bb_libsurfaceflinger_23e188_c1 reference: unsupported insn 0x7e70da24
[SKIP  ] bb_libsurfaceflinger_23e188_c2 reference: unsupported insn 0x7e70da24
[SKIP  ] bb_libsurfaceflinger_23e1a8_c0 reference: unsupported insn 0x6f00e402
[SKIP  ] bb_libsurfaceflinger_23e1a8_c1 reference: unsupported insn 0x6f00e402
[SKIP  ] bb_libsurfaceflinger_23e1a8_c2 reference: unsupported insn 0x6f00e402
[PASS  ] bb_libsurfaceflinger_23e288_c0 (386 bytes x86)
[PASS  ] bb_libsurfaceflinger_23e288_c1 (386 bytes x86)
[PASS  ] bb_libsurfaceflinger_23e288_c2 (386 bytes x86)
[PASS  ] bb_libsurfaceflinger_23e2e8_c0 (364 bytes x86)
[PASS  ] bb_libsurfaceflinger_23e2e8_c1 (364 bytes x86)
[PASS  ] bb_libsurfaceflinger_23e2e8_c2 (364 bytes x86)
[SKIP  ] bb_libsurfaceflinger_23e308_c0 reference: unsupported insn 0x5fb09270
[SKIP  ] bb_libsurfaceflinger_23e308_c1 reference: unsupported insn 0x5fb09270
[SKIP  ] bb_libsurfaceflinger_23e308_c2 reference: unsupported insn 0x5fb09270
[PASS  ] bb_libsurfaceflinger_23e328_c0 (374 bytes x86)
[PASS  ] bb_libsurfaceflinger_23e328_c1 (374 bytes x86)
[PASS  ] bb_libsurfaceflinger_23e328_c2 (374 bytes x86)
[PASS  ] bb_libsurfaceflinger_23fd34_c0 (678 bytes x86)
[PASS  ] bb_libsurfaceflinger_23fd34_c1 (678 bytes x86)
[PASS  ] bb_libsurfaceflinger_23fd34_c2 (678 bytes x86)
[SKIP  ] bb_libsurfaceflinger_23fdcc_c0 reference: unsupported insn 0x0e6178e7
[SKIP  ] bb_libsurfaceflinger_23fdcc_c1 reference: unsupported insn 0x0e6178e7
[SKIP  ] bb_libsurfaceflinger_23fdcc_c2 reference: unsupported insn 0x0e6178e7
[SKIP  ] bb_libsurfaceflinger_23fe0c_c0 reference: unsupported insn 0x0e616840
[SKIP  ] bb_libsurfaceflinger_23fe0c_c1 reference: unsupported insn 0x0e616840
[SKIP  ] bb_libsurfaceflinger_23fe0c_c2 reference: unsupported insn 0x0e616840
[PASS  ] bb_libsurfaceflinger_23fec0_c0 (747 bytes x86)
[PASS  ] bb_libsurfaceflinger_23fec0_c1 (747 bytes x86)
[PASS  ] bb_libsurfaceflinger_23fec0_c2 (747 bytes x86)
[PASS  ] bb_libsurfaceflinger_23ff6c_c0 (388 bytes x86)
[PASS  ] bb_libsurfaceflinger_23ff6c_c1 (388 bytes x86)
[PASS  ] bb_libsurfaceflinger_23ff6c_c2 (388 bytes x86)
[PASS  ] bb_libsurfaceflinger_23ff8c_c0 (350 bytes x86)
[PASS  ] bb_libsurfaceflinger_23ff8c_c1 (350 bytes x86)
[PASS  ] bb_libsurfaceflinger_23ff8c_c2 (350 bytes x86)
[PASS  ] bb_libsurfaceflinger_23ffec_c0 (334 bytes x86)
[PASS  ] bb_libsurfaceflinger_23ffec_c1 (334 bytes x86)
[PASS  ] bb_libsurfaceflinger_23ffec_c2 (334 bytes x86)
[SKIP  ] bb_libsurfaceflinger_24000c_c0 reference: unsupported insn 0x5fa49224
[SKIP  ] bb_libsurfaceflinger_24000c_c1 reference: unsupported insn 0x5fa49224
[SKIP  ] bb_libsurfaceflinger_24000c_c2 reference: unsupported insn 0x5fa49224
[PASS  ] bb_libsurfaceflinger_24002c_c0 (107 bytes x86)
[PASS  ] bb_libsurfaceflinger_24002c_c1 (107 bytes x86)
[PASS  ] bb_libsurfaceflinger_24002c_c2 (107 bytes x86)
[SKIP  ] bb_libsurfaceflinger_2422a0_c0 reference: unsupported insn 0x1e2c1000
[SKIP  ] bb_libsurfaceflinger_2422a0_c1 reference: unsupported insn 0x1e2c1000
[SKIP  ] bb_libsurfaceflinger_2422a0_c2 reference: unsupported insn 0x1e2c1000
[PASS  ] bb_libsurfaceflinger_24263c_c0 (173 bytes x86)
[PASS  ] bb_libsurfaceflinger_24263c_c1 (173 bytes x86)
[PASS  ] bb_libsurfaceflinger_24263c_c2 (173 bytes x86)
[SKIP  ] bb_libsurfaceflinger_242648_c0 reference: unsupported insn 0x2f00e40a
[SKIP  ] bb_libsurfaceflinger_242648_c1 reference: unsupported insn 0x2f00e40a
[SKIP  ] bb_libsurfaceflinger_242648_c2 reference: unsupported insn 0x2f00e40a
[SKIP  ] bb_libsurfaceflinger_242664_c0 reference: unsupported insn 0x1e270100
[SKIP  ] bb_libsurfaceflinger_242664_c1 reference: unsupported insn 0x1e270100
[SKIP  ] bb_libsurfaceflinger_242664_c2 reference: unsupported insn 0x1e270100
[PASS  ] bb_libsurfaceflinger_2426c4_c0 (173 bytes x86)
[PASS  ] bb_libsurfaceflinger_2426c4_c1 (173 bytes x86)
[PASS  ] bb_libsurfaceflinger_2426c4_c2 (173 bytes x86)
[SKIP  ] bb_libsurfaceflinger_2427a4_c0 reference: unsupported insn 0x1e270342
[SKIP  ] bb_libsurfaceflinger_2427a4_c1 reference: unsupported insn 0x1e270342
[SKIP  ] bb_libsurfaceflinger_2427a4_c2 reference: unsupported insn 0x1e270342
[SKIP  ] bb_libsurfaceflinger_2427cc_c0 reference: unsupported insn 0x1e270302
[SKIP  ] bb_libsurfaceflinger_2427cc_c1 reference: unsupported insn 0x1e270302
[SKIP  ] bb_libsurfaceflinger_2427cc_c2 reference: unsupported insn 0x1e270302
[SKIP  ] bb_libsurfaceflinger_242804_c0 reference: unsupported insn 0x1e2c1004
[SKIP  ] bb_libsurfaceflinger_242804_c1 reference: unsupported insn 0x1e2c1004
[SKIP  ] bb_libsurfaceflinger_242804_c2 reference: unsupported insn 0x1e2c1004
[SKIP  ] bb_libsurfaceflinger_242824_c0 reference: unsupported insn 0x1e224404
[SKIP  ] bb_libsurfaceflinger_242824_c1 reference: unsupported insn 0x1e224404
[SKIP  ] bb_libsurfaceflinger_242824_c2 reference: unsupported insn 0x1e224404
[SKIP  ] bb_libsurfaceflinger_242844_c0 reference: unsupported insn 0x2f00e40a
[SKIP  ] bb_libsurfaceflinger_242844_c1 reference: unsupported insn 0x2f00e40a
[SKIP  ] bb_libsurfaceflinger_242844_c2 reference: unsupported insn 0x2f00e40a
[SKIP  ] bb_libsurfaceflinger_242864_c0 reference: unsupported insn 0x1e2c1006
[SKIP  ] bb_libsurfaceflinger_242864_c1 reference: unsupported insn 0x1e2c1006
[SKIP  ] bb_libsurfaceflinger_242864_c2 reference: unsupported insn 0x1e2c1006
[SKIP  ] bb_libsurfaceflinger_2428a8_c0 reference: unsupported insn 0x2f00e402
[SKIP  ] bb_libsurfaceflinger_2428a8_c1 reference: unsupported insn 0x2f00e402
[SKIP  ] bb_libsurfaceflinger_2428a8_c2 reference: unsupported insn 0x2f00e402
[SKIP  ] bb_libsurfaceflinger_242a50_c0 reference: unsupported insn 0x2f00e402
[SKIP  ] bb_libsurfaceflinger_242a50_c1 reference: unsupported insn 0x2f00e402
[SKIP  ] bb_libsurfaceflinger_242a50_c2 reference: unsupported insn 0x2f00e402
[SKIP  ] bb_libsurfaceflinger_242a70_c0 reference: unsupported insn 0x1e20a582
[SKIP  ] bb_libsurfaceflinger_242a70_c1 reference: unsupported insn 0x1e20a582
[SKIP  ] bb_libsurfaceflinger_242a70_c2 reference: unsupported insn 0x1e20a582
[SKIP  ] bb_libsurfaceflinger_242a88_c0 reference: unsupported insn 0x2f00e404
[SKIP  ] bb_libsurfaceflinger_242a88_c1 reference: unsupported insn 0x2f00e404
[SKIP  ] bb_libsurfaceflinger_242a88_c2 reference: unsupported insn 0x2f00e404
[SKIP  ] bb_libsurfaceflinger_242aa8_c0 reference: unsupported insn 0x1e20a482
[SKIP  ] bb_libsurfaceflinger_242aa8_c1 reference: unsupported insn 0x1e20a482
[SKIP  ] bb_libsurfaceflinger_242aa8_c2 reference: unsupported insn 0x1e20a482
[SKIP  ] bb_libsurfaceflinger_242b2c_c0 reference: unsupported insn 0x2f00e400
[SKIP  ] bb_libsurfaceflinger_242b2c_c1 reference: unsupported insn 0x2f00e400
[SKIP  ] bb_libsurfaceflinger_242b2c_c2 reference: unsupported insn 0x2f00e400
[SKIP  ] bb_libsurfaceflinger_242b4c_c0 reference: unsupported insn 0x2f00e40c
[SKIP  ] bb_libsurfaceflinger_242b4c_c1 reference: unsupported insn 0x2f00e40c
[SKIP  ] bb_libsurfaceflinger_242b4c_c2 reference: unsupported insn 0x2f00e40c
[SKIP  ] bb_libsurfaceflinger_242bc0_c0 reference: unsupported insn 0x1e20a488
[SKIP  ] bb_libsurfaceflinger_242bc0_c1 reference: unsupported insn 0x1e20a488
[SKIP  ] bb_libsurfaceflinger_242bc0_c2 reference: unsupported insn 0x1e20a488
[SKIP  ] bb_libsurfaceflinger_242cd8_c0 reference: unsupported insn 0x1e270020
[SKIP  ] bb_libsurfaceflinger_242cd8_c1 reference: unsupported insn 0x1e270020
[SKIP  ] bb_libsurfaceflinger_242cd8_c2 reference: unsupported insn 0x1e270020
[SKIP  ] bb_libsurfaceflinger_243f7c_c0 reference: unsupported insn 0x1e2e1007
[SKIP  ] bb_libsurfaceflinger_243f7c_c1 reference: unsupported insn 0x1e2e1007
[SKIP  ] bb_libsurfaceflinger_243f7c_c2 reference: unsupported insn 0x1e2e1007
[SKIP  ] bb_libsurfaceflinger_243f88_c0 reference: unsupported insn 0x1e260009
[SKIP  ] bb_libsurfaceflinger_243f88_c1 reference: unsupported insn 0x1e260009
[SKIP  ] bb_libsurfaceflinger_243f88_c2 reference: unsupported insn 0x1e260009
[SKIP  ] bb_libsurfaceflinger_243fa8_c0 reference: unsupported insn 0x2f047405
[SKIP  ] bb_libsurfaceflinger_243fa8_c1 reference: unsupported insn 0x2f047405
[SKIP  ] bb_libsurfaceflinger_243fa8_c2 reference: unsupported insn 0x2f047405
[SKIP  ] bb_libsurfaceflinger_243fc8_c0 reference: unsupported insn 0x1e26004c
[SKIP  ] bb_libsurfaceflinger_243fc8_c1 reference: unsupported insn 0x1e26004c
[SKIP  ] bb_libsurfaceflinger_243fc8_c2 reference: unsupported insn 0x1e26004c
[SKIP  ] bb_libsurfaceflinger_2440b8_c0 reference: unsupported insn 0x1e2e1000
[SKIP  ] bb_libsurfaceflinger_2440b8_c1 reference: unsupported insn 0x1e2e1000
[SKIP  ] bb_libsurfaceflinger_2440b8_c2 reference: unsupported insn 0x1e2e1000
[PASS  ] bb_libsurfaceflinger_24481c_c0 (301 bytes x86)
[PASS  ] bb_libsurfaceflinger_24481c_c1 (301 bytes x86)
[PASS  ] bb_libsurfaceflinger_24481c_c2 (301 bytes x86)
[PASS  ] bb_libsurfaceflinger_24488c_c0 (127 bytes x86)
[PASS  ] bb_libsurfaceflinger_24488c_c1 (127 bytes x86)
[PASS  ] bb_libsurfaceflinger_24488c_c2 (127 bytes x86)
[SKIP  ] bb_libsurfaceflinger_244f18_c0 reference: unsupported insn 0x2f00e406
[SKIP  ] bb_libsurfaceflinger_244f18_c1 reference: unsupported insn 0x2f00e406
[SKIP  ] bb_libsurfaceflinger_244f18_c2 reference: unsupported insn 0x2f00e406
[PASS  ] bb_libsurfaceflinger_244f50_c0 (104 bytes x86)
[PASS  ] bb_libsurfaceflinger_244f50_c1 (104 bytes x86)
[PASS  ] bb_libsurfaceflinger_244f50_c2 (104 bytes x86)
[PASS  ] bb_libsurfaceflinger_244f5c_c0 (209 bytes x86)
[PASS  ] bb_libsurfaceflinger_244f5c_c1 (209 bytes x86)
[PASS  ] bb_libsurfaceflinger_244f5c_c2 (209 bytes x86)
[PASS  ] bb_libsurfaceflinger_24503c_c0 (212 bytes x86)
[PASS  ] bb_libsurfaceflinger_24503c_c1 (212 bytes x86)
[PASS  ] bb_libsurfaceflinger_24503c_c2 (212 bytes x86)
[PASS  ] bb_libsurfaceflinger_2450d8_c0 (158 bytes x86)
[PASS  ] bb_libsurfaceflinger_2450d8_c1 (158 bytes x86)
[PASS  ] bb_libsurfaceflinger_2450d8_c2 (158 bytes x86)
[SKIP  ] bb_libsurfaceflinger_2450e8_c0 reference: unsupported insn 0x2f00e410
[SKIP  ] bb_libsurfaceflinger_2450e8_c1 reference: unsupported insn 0x2f00e410
[SKIP  ] bb_libsurfaceflinger_2450e8_c2 reference: unsupported insn 0x2f00e410
[PASS  ] bb_libsurfaceflinger_245108_c0 (390 bytes x86)
[PASS  ] bb_libsurfaceflinger_245108_c1 (390 bytes x86)
[PASS  ] bb_libsurfaceflinger_245108_c2 (390 bytes x86)
[PASS  ] bb_libsurfaceflinger_245280_c0 (423 bytes x86)
[PASS  ] bb_libsurfaceflinger_245280_c1 (423 bytes x86)
[PASS  ] bb_libsurfaceflinger_245280_c2 (423 bytes x86)
[PASS  ] bb_libsurfaceflinger_245308_c0 (153 bytes x86)
[PASS  ] bb_libsurfaceflinger_245308_c1 (153 bytes x86)
[PASS  ] bb_libsurfaceflinger_245308_c2 (153 bytes x86)
[PASS  ] bb_libsurfaceflinger_245338_c0 (104 bytes x86)
[PASS  ] bb_libsurfaceflinger_245338_c1 (104 bytes x86)
[PASS  ] bb_libsurfaceflinger_245338_c2 (104 bytes x86)
[PASS  ] bb_libsurfaceflinger_245364_c0 (207 bytes x86)
[PASS  ] bb_libsurfaceflinger_245364_c1 (207 bytes x86)
[PASS  ] bb_libsurfaceflinger_245364_c2 (207 bytes x86)
[PASS  ] bb_libsurfaceflinger_245398_c0 (207 bytes x86)
[PASS  ] bb_libsurfaceflinger_245398_c1 (207 bytes x86)
[PASS  ] bb_libsurfaceflinger_245398_c2 (207 bytes x86)
[PASS  ] bb_libsurfaceflinger_2453cc_c0 (207 bytes x86)
[PASS  ] bb_libsurfaceflinger_2453cc_c1 (207 bytes x86)
[PASS  ] bb_libsurfaceflinger_2453cc_c2 (207 bytes x86)
[PASS  ] bb_libsurfaceflinger_245400_c0 (153 bytes x86)
[PASS  ] bb_libsurfaceflinger_245400_c1 (153 bytes x86)
[PASS  ] bb_libsurfaceflinger_245400_c2 (153 bytes x86)
[PASS  ] bb_libsurfaceflinger_245430_c0 (104 bytes x86)
[PASS  ] bb_libsurfaceflinger_245430_c1 (104 bytes x86)
[PASS  ] bb_libsurfaceflinger_245430_c2 (104 bytes x86)
[PASS  ] bb_libsurfaceflinger_24545c_c0 (104 bytes x86)
[PASS  ] bb_libsurfaceflinger_24545c_c1 (104 bytes x86)
[PASS  ] bb_libsurfaceflinger_24545c_c2 (104 bytes x86)
[SKIP  ] bb_libsurfaceflinger_24573c_c0 reference: unsupported insn 0x9e6702e0
[SKIP  ] bb_libsurfaceflinger_24573c_c1 reference: unsupported insn 0x9e6702e0
[SKIP  ] bb_libsurfaceflinger_24573c_c2 reference: unsupported insn 0x9e6702e0
[SKIP  ] bb_libsurfaceflinger_245df0_c0 reference: unsupported insn 0x9e670260
[SKIP  ] bb_libsurfaceflinger_245df0_c1 reference: unsupported insn 0x9e670260
[SKIP  ] bb_libsurfaceflinger_245df0_c2 reference: unsupported insn 0x9e670260
[SKIP  ] bb_libsurfaceflinger_246338_c0 reference: unsupported insn 0x1e26000a
[SKIP  ] bb_libsurfaceflinger_246338_c1 reference: unsupported insn 0x1e26000a
[SKIP  ] bb_libsurfaceflinger_246338_c2 reference: unsupported insn 0x1e26000a
[PASS  ] bb_libsurfaceflinger_246ff8_c0 (129 bytes x86)
[PASS  ] bb_libsurfaceflinger_246ff8_c1 (129 bytes x86)
[PASS  ] bb_libsurfaceflinger_246ff8_c2 (129 bytes x86)
[SKIP  ] bb_libsurfaceflinger_24701c_c0 reference: unsupported insn 0x9e290009
[SKIP  ] bb_libsurfaceflinger_24701c_c1 reference: unsupported insn 0x9e290009
[SKIP  ] bb_libsurfaceflinger_24701c_c2 reference: unsupported insn 0x9e290009
[SKIP  ] bb_libsurfaceflinger_247ae8_c0 reference: unsupported insn 0x9e670340
[SKIP  ] bb_libsurfaceflinger_247ae8_c1 reference: unsupported insn 0x9e670340
[SKIP  ] bb_libsurfaceflinger_247ae8_c2 reference: unsupported insn 0x9e670340
[PASS  ] bb_libsurfaceflinger_247bd4_c0 (266 bytes x86)
[PASS  ] bb_libsurfaceflinger_247bd4_c1 (266 bytes x86)
[PASS  ] bb_libsurfaceflinger_247bd4_c2 (266 bytes x86)
[SKIP  ] bb_libsurfaceflinger_248308_c0 reference: unsupported insn 0x9e670300
[SKIP  ] bb_libsurfaceflinger_248308_c1 reference: unsupported insn 0x9e670300
[SKIP  ] bb_libsurfaceflinger_248308_c2 reference: unsupported insn 0x9e670300
[SKIP  ] bb_libsurfaceflinger_248650_c0 reference: unsupported insn 0x9e290009
[SKIP  ] bb_libsurfaceflinger_248650_c1 reference: unsupported insn 0x9e290009
[SKIP  ] bb_libsurfaceflinger_248650_c2 reference: unsupported insn 0x9e290009
[SKIP  ] bb_libsurfaceflinger_248734_c0 reference: unsupported insn 0x9e290009
[SKIP  ] bb_libsurfaceflinger_248734_c1 reference: unsupported insn 0x9e290009
[SKIP  ] bb_libsurfaceflinger_248734_c2 reference: unsupported insn 0x9e290009
[SKIP  ] bb_libsurfaceflinger_2488dc_c0 reference: unsupported insn 0x9e290009
[SKIP  ] bb_libsurfaceflinger_2488dc_c1 reference: unsupported insn 0x9e290009
[SKIP  ] bb_libsurfaceflinger_2488dc_c2 reference: unsupported insn 0x9e290009
[SKIP  ] bb_libsurfaceflinger_248df4_c0 reference: unsupported insn 0x9e290009
[SKIP  ] bb_libsurfaceflinger_248df4_c1 reference: unsupported insn 0x9e290009
[SKIP  ] bb_libsurfaceflinger_248df4_c2 reference: unsupported insn 0x9e290009
[SKIP  ] bb_libsurfaceflinger_24995c_c0 reference: unsupported insn 0x9e290009
[SKIP  ] bb_libsurfaceflinger_24995c_c1 reference: unsupported insn 0x9e290009
[SKIP  ] bb_libsurfaceflinger_24995c_c2 reference: unsupported insn 0x9e290009
[SKIP  ] bb_libsurfaceflinger_249a1c_c0 reference: unsupported insn 0x9e290009
[SKIP  ] bb_libsurfaceflinger_249a1c_c1 reference: unsupported insn 0x9e290009
[SKIP  ] bb_libsurfaceflinger_249a1c_c2 reference: unsupported insn 0x9e290009
[SKIP  ] bb_libsurfaceflinger_249c74_c0 reference: unsupported insn 0x9e290009
[SKIP  ] bb_libsurfaceflinger_249c74_c1 reference: unsupported insn 0x9e290009
[SKIP  ] bb_libsurfaceflinger_249c74_c2 reference: unsupported insn 0x9e290009
[SKIP  ] bb_libsurfaceflinger_24a728_c0 reference: unsupported insn 0x9e290009
[SKIP  ] bb_libsurfaceflinger_24a728_c1 reference: unsupported insn 0x9e290009
[SKIP  ] bb_libsurfaceflinger_24a728_c2 reference: unsupported insn 0x9e290009
[SKIP  ] bb_libsurfaceflinger_24a924_c0 reference: unsupported insn 0x9e290009
[SKIP  ] bb_libsurfaceflinger_24a924_c1 reference: unsupported insn 0x9e290009
[SKIP  ] bb_libsurfaceflinger_24a924_c2 reference: unsupported insn 0x9e290009
[SKIP  ] bb_libsurfaceflinger_24aab4_c0 reference: unsupported insn 0x9e29000a
[SKIP  ] bb_libsurfaceflinger_24aab4_c1 reference: unsupported insn 0x9e29000a
[SKIP  ] bb_libsurfaceflinger_24aab4_c2 reference: unsupported insn 0x9e29000a
[SKIP  ] bb_libsurfaceflinger_24b5dc_c0 reference: unsupported insn 0x9e670300
[SKIP  ] bb_libsurfaceflinger_24b5dc_c1 reference: unsupported insn 0x9e670300
[SKIP  ] bb_libsurfaceflinger_24b5dc_c2 reference: unsupported insn 0x9e670300
[PASS  ] bb_libsurfaceflinger_24c3dc_c0 (241 bytes x86)
[PASS  ] bb_libsurfaceflinger_24c3dc_c1 (241 bytes x86)
[PASS  ] bb_libsurfaceflinger_24c3dc_c2 (241 bytes x86)
[SKIP  ] bb_libsurfaceflinger_24c418_c0 reference: unsupported insn 0x4f0167e0
[SKIP  ] bb_libsurfaceflinger_24c418_c1 reference: unsupported insn 0x4f0167e0
[SKIP  ] bb_libsurfaceflinger_24c418_c2 reference: unsupported insn 0x4f0167e0
[PASS  ] bb_libsurfaceflinger_24c800_c0 (425 bytes x86)
[PASS  ] bb_libsurfaceflinger_24c800_c1 (425 bytes x86)
[PASS  ] bb_libsurfaceflinger_24c800_c2 (425 bytes x86)
[SKIP  ] bb_libsurfaceflinger_24c8ac_c0 reference: unsupported insn 0x1e2e1003
[SKIP  ] bb_libsurfaceflinger_24c8ac_c1 reference: unsupported insn 0x1e2e1003
[SKIP  ] bb_libsurfaceflinger_24c8ac_c2 reference: unsupported insn 0x1e2e1003
[PASS  ] bb_libsurfaceflinger_24e238_c0 (394 bytes x86)
[PASS  ] bb_libsurfaceflinger_24e238_c1 (394 bytes x86)
[PASS  ] bb_libsurfaceflinger_24e238_c2 (394 bytes x86)
[SKIP  ] bb_libsurfaceflinger_24e45c_c0 reference: unsupported insn 0x2f00e400
[SKIP  ] bb_libsurfaceflinger_24e45c_c1 reference: unsupported insn 0x2f00e400
[SKIP  ] bb_libsurfaceflinger_24e45c_c2 reference: unsupported insn 0x2f00e400
[PASS  ] bb_libsurfaceflinger_2501c8_c0 (267 bytes x86)
[PASS  ] bb_libsurfaceflinger_2501c8_c1 (267 bytes x86)
[PASS  ] bb_libsurfaceflinger_2501c8_c2 (267 bytes x86)
[SKIP  ] bb_libsurfaceflinger_250218_c0 reference: unsupported insn 0x1e270109
[SKIP  ] bb_libsurfaceflinger_250218_c1 reference: unsupported insn 0x1e270109
[SKIP  ] bb_libsurfaceflinger_250218_c2 reference: unsupported insn 0x1e270109
[SKIP  ] bb_libsurfaceflinger_250bfc_c0 reference: unsupported insn 0x1e2e1000
[SKIP  ] bb_libsurfaceflinger_250bfc_c1 reference: unsupported insn 0x1e2e1000
[SKIP  ] bb_libsurfaceflinger_250bfc_c2 reference: unsupported insn 0x1e2e1000
[SKIP  ] bb_libsurfaceflinger_250c68_c0 reference: unsupported insn 0x1e260069
[SKIP  ] bb_libsurfaceflinger_250c68_c1 reference: unsupported insn 0x1e260069
[SKIP  ] bb_libsurfaceflinger_250c68_c2 reference: unsupported insn 0x1e260069
[PASS  ] bb_libsurfaceflinger_251534_c0 (459 bytes x86)
[PASS  ] bb_libsurfaceflinger_251534_c1 (459 bytes x86)
[PASS  ] bb_libsurfaceflinger_251534_c2 (459 bytes x86)
[DBTERR] bb_libsurfaceflinger_251ba8_c0 dbt: decode word[7]=0x2ee21c24 failed: Reserved
[DBTERR] bb_libsurfaceflinger_251ba8_c1 dbt: decode word[7]=0x2ee21c24 failed: Reserved
[DBTERR] bb_libsurfaceflinger_251ba8_c2 dbt: decode word[7]=0x2ee21c24 failed: Reserved
[SKIP  ] bb_libsurfaceflinger_251c98_c0 reference: unsupported insn 0x2f056624
[SKIP  ] bb_libsurfaceflinger_251c98_c1 reference: unsupported insn 0x2f056624
[SKIP  ] bb_libsurfaceflinger_251c98_c2 reference: unsupported insn 0x2f056624
[SKIP  ] bb_libsurfaceflinger_251cb8_c0 reference: unsupported insn 0x1e270103
[SKIP  ] bb_libsurfaceflinger_251cb8_c1 reference: unsupported insn 0x1e270103
[SKIP  ] bb_libsurfaceflinger_251cb8_c2 reference: unsupported insn 0x1e270103
[SKIP  ] bb_libsurfaceflinger_251cd8_c0 reference: unsupported insn 0x0ea1b821
[SKIP  ] bb_libsurfaceflinger_251cd8_c1 reference: unsupported insn 0x0ea1b821
[SKIP  ] bb_libsurfaceflinger_251cd8_c2 reference: unsupported insn 0x0ea1b821
[SKIP  ] bb_libsurfaceflinger_251d78_c0 reference: unsupported insn 0x5e0c04e0
[SKIP  ] bb_libsurfaceflinger_251d78_c1 reference: unsupported insn 0x5e0c04e0
[SKIP  ] bb_libsurfaceflinger_251d78_c2 reference: unsupported insn 0x5e0c04e0
[SKIP  ] bb_libsurfaceflinger_251d98_c0 reference: unsupported insn 0x2f056622
[SKIP  ] bb_libsurfaceflinger_251d98_c1 reference: unsupported insn 0x2f056622
[SKIP  ] bb_libsurfaceflinger_251d98_c2 reference: unsupported insn 0x2f056622
[SKIP  ] bb_libsurfaceflinger_251db8_c0 reference: unsupported insn 0x2f016622
[SKIP  ] bb_libsurfaceflinger_251db8_c1 reference: unsupported insn 0x2f016622
[SKIP  ] bb_libsurfaceflinger_251db8_c2 reference: unsupported insn 0x2f016622
[PASS  ] bb_libsurfaceflinger_251dfc_c0 (139 bytes x86)
[PASS  ] bb_libsurfaceflinger_251dfc_c1 (139 bytes x86)
[PASS  ] bb_libsurfaceflinger_251dfc_c2 (139 bytes x86)
[SKIP  ] bb_libsurfaceflinger_251f44_c0 reference: unsupported insn 0x1e260068
[SKIP  ] bb_libsurfaceflinger_251f44_c1 reference: unsupported insn 0x1e260068
[SKIP  ] bb_libsurfaceflinger_251f44_c2 reference: unsupported insn 0x1e260068
[SKIP  ] bb_libsurfaceflinger_251f5c_c0 reference: unsupported insn 0x9e660048
[SKIP  ] bb_libsurfaceflinger_251f5c_c1 reference: unsupported insn 0x9e660048
[SKIP  ] bb_libsurfaceflinger_251f5c_c2 reference: unsupported insn 0x9e660048
[SKIP  ] bb_libsurfaceflinger_251f70_c0 reference: unsupported insn 0x0ea02021
[SKIP  ] bb_libsurfaceflinger_251f70_c1 reference: unsupported insn 0x0ea02021
[SKIP  ] bb_libsurfaceflinger_251f70_c2 reference: unsupported insn 0x0ea02021
[SKIP  ] bb_libsurfaceflinger_251f94_c0 reference: unsupported insn 0x9e660028
[SKIP  ] bb_libsurfaceflinger_251f94_c1 reference: unsupported insn 0x9e660028
[SKIP  ] bb_libsurfaceflinger_251f94_c2 reference: unsupported insn 0x9e660028
[PASS  ] bb_libsurfaceflinger_251fc8_c0 (397 bytes x86)
[PASS  ] bb_libsurfaceflinger_251fc8_c1 (397 bytes x86)
[PASS  ] bb_libsurfaceflinger_251fc8_c2 (397 bytes x86)
[SKIP  ] bb_libsurfaceflinger_251fe8_c0 reference: unsupported insn 0x1e260069
[SKIP  ] bb_libsurfaceflinger_251fe8_c1 reference: unsupported insn 0x1e260069
[SKIP  ] bb_libsurfaceflinger_251fe8_c2 reference: unsupported insn 0x1e260069
[PASS  ] bb_libsurfaceflinger_252100_c0 (495 bytes x86)
[PASS  ] bb_libsurfaceflinger_252100_c1 (495 bytes x86)
[PASS  ] bb_libsurfaceflinger_252100_c2 (495 bytes x86)
[PASS  ] bb_libsurfaceflinger_252200_c0 (500 bytes x86)
[PASS  ] bb_libsurfaceflinger_252200_c1 (500 bytes x86)
[PASS  ] bb_libsurfaceflinger_252200_c2 (500 bytes x86)
[SKIP  ] bb_libsurfaceflinger_252228_c0 reference: unsupported insn 0x9e660028
[SKIP  ] bb_libsurfaceflinger_252228_c1 reference: unsupported insn 0x9e660028
[SKIP  ] bb_libsurfaceflinger_252228_c2 reference: unsupported insn 0x9e660028
[SKIP  ] bb_libsurfaceflinger_252260_c0 reference: unsupported insn 0x1e270104
[SKIP  ] bb_libsurfaceflinger_252260_c1 reference: unsupported insn 0x1e270104
[SKIP  ] bb_libsurfaceflinger_252260_c2 reference: unsupported insn 0x1e270104
[SKIP  ] bb_libsurfaceflinger_252280_c0 reference: unsupported insn 0x1e270100
[SKIP  ] bb_libsurfaceflinger_252280_c1 reference: unsupported insn 0x1e270100
[SKIP  ] bb_libsurfaceflinger_252280_c2 reference: unsupported insn 0x1e270100
[PASS  ] bb_libsurfaceflinger_25247c_c0 (129 bytes x86)
[PASS  ] bb_libsurfaceflinger_25247c_c1 (129 bytes x86)
[PASS  ] bb_libsurfaceflinger_25247c_c2 (129 bytes x86)
[PASS  ] bb_libsurfaceflinger_25255c_c0 (414 bytes x86)
[PASS  ] bb_libsurfaceflinger_25255c_c1 (414 bytes x86)
[PASS  ] bb_libsurfaceflinger_25255c_c2 (414 bytes x86)
[SKIP  ] bb_libsurfaceflinger_2528bc_c0 reference: unsupported insn 0x1e260009
[SKIP  ] bb_libsurfaceflinger_2528bc_c1 reference: unsupported insn 0x1e260009
[SKIP  ] bb_libsurfaceflinger_2528bc_c2 reference: unsupported insn 0x1e260009
[SKIP  ] bb_libsurfaceflinger_252d4c_c0 reference: unsupported insn 0x1e270101
[SKIP  ] bb_libsurfaceflinger_252d4c_c1 reference: unsupported insn 0x1e270101
[SKIP  ] bb_libsurfaceflinger_252d4c_c2 reference: unsupported insn 0x1e270101
[SKIP  ] bb_libsurfaceflinger_25316c_c0 reference: unsupported insn 0x2e205821
[SKIP  ] bb_libsurfaceflinger_25316c_c1 reference: unsupported insn 0x2e205821
[SKIP  ] bb_libsurfaceflinger_25316c_c2 reference: unsupported insn 0x2e205821
[SKIP  ] bb_libsurfaceflinger_2531bc_c0 reference: unsupported insn 0x1e260028
[SKIP  ] bb_libsurfaceflinger_2531bc_c1 reference: unsupported insn 0x1e260028
[SKIP  ] bb_libsurfaceflinger_2531bc_c2 reference: unsupported insn 0x1e260028
[SKIP  ] bb_libsurfaceflinger_2532c0_c0 reference: unsupported insn 0x2e205800
[SKIP  ] bb_libsurfaceflinger_2532c0_c1 reference: unsupported insn 0x2e205800
[SKIP  ] bb_libsurfaceflinger_2532c0_c2 reference: unsupported insn 0x2e205800
[SKIP  ] bb_libsurfaceflinger_2532f0_c0 reference: unsupported insn 0x1e270100
[SKIP  ] bb_libsurfaceflinger_2532f0_c1 reference: unsupported insn 0x1e270100
[SKIP  ] bb_libsurfaceflinger_2532f0_c2 reference: unsupported insn 0x1e270100
[SKIP  ] bb_libsurfaceflinger_253300_c0 reference: unsupported insn 0x1e270100
[SKIP  ] bb_libsurfaceflinger_253300_c1 reference: unsupported insn 0x1e270100
[SKIP  ] bb_libsurfaceflinger_253300_c2 reference: unsupported insn 0x1e270100
[SKIP  ] bb_libsurfaceflinger_253334_c0 reference: unsupported insn 0x1e270101
[SKIP  ] bb_libsurfaceflinger_253334_c1 reference: unsupported insn 0x1e270101
[SKIP  ] bb_libsurfaceflinger_253334_c2 reference: unsupported insn 0x1e270101
[SKIP  ] bb_libsurfaceflinger_253344_c0 reference: unsupported insn 0x1e270101
[SKIP  ] bb_libsurfaceflinger_253344_c1 reference: unsupported insn 0x1e270101
[SKIP  ] bb_libsurfaceflinger_253344_c2 reference: unsupported insn 0x1e270101
[PASS  ] bb_libsurfaceflinger_2534f4_c0 (433 bytes x86)
[PASS  ] bb_libsurfaceflinger_2534f4_c1 (433 bytes x86)
[PASS  ] bb_libsurfaceflinger_2534f4_c2 (433 bytes x86)
[SKIP  ] bb_libsurfaceflinger_253514_c0 reference: unsupported insn 0x1e31c684
[SKIP  ] bb_libsurfaceflinger_253514_c1 reference: unsupported insn 0x1e31c684
[SKIP  ] bb_libsurfaceflinger_253514_c2 reference: unsupported insn 0x1e31c684
[PASS  ] bb_libsurfaceflinger_25353c_c0 (433 bytes x86)
[PASS  ] bb_libsurfaceflinger_25353c_c1 (433 bytes x86)
[PASS  ] bb_libsurfaceflinger_25353c_c2 (433 bytes x86)
[PASS  ] bb_libsurfaceflinger_253560_c0 (109 bytes x86)
[PASS  ] bb_libsurfaceflinger_253560_c1 (109 bytes x86)
[PASS  ] bb_libsurfaceflinger_253560_c2 (109 bytes x86)
[SKIP  ] bb_libsurfaceflinger_25356c_c0 reference: unsupported insn 0x2f00e400
[SKIP  ] bb_libsurfaceflinger_25356c_c1 reference: unsupported insn 0x2f00e400
[SKIP  ] bb_libsurfaceflinger_25356c_c2 reference: unsupported insn 0x2f00e400
[PASS  ] bb_libsurfaceflinger_253a88_c0 (729 bytes x86)
[PASS  ] bb_libsurfaceflinger_253a88_c1 (729 bytes x86)
[PASS  ] bb_libsurfaceflinger_253a88_c2 (729 bytes x86)
[SKIP  ] bb_libsurfaceflinger_253ba0_c0 reference: unsupported insn 0x1e260028
[SKIP  ] bb_libsurfaceflinger_253ba0_c1 reference: unsupported insn 0x1e260028
[SKIP  ] bb_libsurfaceflinger_253ba0_c2 reference: unsupported insn 0x1e260028
[SKIP  ] bb_libsurfaceflinger_253c3c_c0 reference: unsupported insn 0x1e270104
[SKIP  ] bb_libsurfaceflinger_253c3c_c1 reference: unsupported insn 0x1e270104
[SKIP  ] bb_libsurfaceflinger_253c3c_c2 reference: unsupported insn 0x1e270104
[SKIP  ] bb_libsurfaceflinger_253c50_c0 reference: unsupported insn 0x1e270104
[SKIP  ] bb_libsurfaceflinger_253c50_c1 reference: unsupported insn 0x1e270104
[SKIP  ] bb_libsurfaceflinger_253c50_c2 reference: unsupported insn 0x1e270104
[SKIP  ] bb_libsurfaceflinger_253c90_c0 reference: unsupported insn 0x6f03f405
[SKIP  ] bb_libsurfaceflinger_253c90_c1 reference: unsupported insn 0x6f03f405
[SKIP  ] bb_libsurfaceflinger_253c90_c2 reference: unsupported insn 0x6f03f405
[PASS  ] bb_libsurfaceflinger_253cb0_c0 (395 bytes x86)
[PASS  ] bb_libsurfaceflinger_253cb0_c1 (395 bytes x86)
[PASS  ] bb_libsurfaceflinger_253cb0_c2 (395 bytes x86)
[SKIP  ] bb_libsurfaceflinger_253cd0_c0 reference: unsupported insn 0x1e270104
[SKIP  ] bb_libsurfaceflinger_253cd0_c1 reference: unsupported insn 0x1e270104
[SKIP  ] bb_libsurfaceflinger_253cd0_c2 reference: unsupported insn 0x1e270104
[SKIP  ] bb_libsurfaceflinger_253cf0_c0 reference: unsupported insn 0x1e270103
[SKIP  ] bb_libsurfaceflinger_253cf0_c1 reference: unsupported insn 0x1e270103
[SKIP  ] bb_libsurfaceflinger_253cf0_c2 reference: unsupported insn 0x1e270103
[SKIP  ] bb_libsurfaceflinger_253d10_c0 reference: unsupported insn 0x1e270103
[SKIP  ] bb_libsurfaceflinger_253d10_c1 reference: unsupported insn 0x1e270103
[SKIP  ] bb_libsurfaceflinger_253d10_c2 reference: unsupported insn 0x1e270103
[SKIP  ] bb_libsurfaceflinger_253d30_c0 reference: unsupported insn 0x9e660001
[SKIP  ] bb_libsurfaceflinger_253d30_c1 reference: unsupported insn 0x9e660001
[SKIP  ] bb_libsurfaceflinger_253d30_c2 reference: unsupported insn 0x9e660001
[SKIP  ] bb_libsurfaceflinger_253d60_c0 reference: unsupported insn 0x2f056625
[SKIP  ] bb_libsurfaceflinger_253d60_c1 reference: unsupported insn 0x2f056625
[SKIP  ] bb_libsurfaceflinger_253d60_c2 reference: unsupported insn 0x2f056625
[SKIP  ] bb_libsurfaceflinger_253d80_c0 reference: unsupported insn 0x1e270103
[SKIP  ] bb_libsurfaceflinger_253d80_c1 reference: unsupported insn 0x1e270103
[SKIP  ] bb_libsurfaceflinger_253d80_c2 reference: unsupported insn 0x1e270103
[SKIP  ] bb_libsurfaceflinger_253db4_c0 reference: unsupported insn 0x2f056624
[SKIP  ] bb_libsurfaceflinger_253db4_c1 reference: unsupported insn 0x2f056624
[SKIP  ] bb_libsurfaceflinger_253db4_c2 reference: unsupported insn 0x2f056624
[SKIP  ] bb_libsurfaceflinger_253dd4_c0 reference: unsupported insn 0x1e270103
[SKIP  ] bb_libsurfaceflinger_253dd4_c1 reference: unsupported insn 0x1e270103
[SKIP  ] bb_libsurfaceflinger_253dd4_c2 reference: unsupported insn 0x1e270103
[PASS  ] bb_libsurfaceflinger_253df4_c0 (189 bytes x86)
[PASS  ] bb_libsurfaceflinger_253df4_c1 (189 bytes x86)
[PASS  ] bb_libsurfaceflinger_253df4_c2 (189 bytes x86)
[SKIP  ] bb_libsurfaceflinger_253e4c_c0 reference: unsupported insn 0x0e617842
[SKIP  ] bb_libsurfaceflinger_253e4c_c1 reference: unsupported insn 0x0e617842
[SKIP  ] bb_libsurfaceflinger_253e4c_c2 reference: unsupported insn 0x0e617842
[SKIP  ] bb_libsurfaceflinger_254078_c0 reference: unsupported insn 0x1e260048
[SKIP  ] bb_libsurfaceflinger_254078_c1 reference: unsupported insn 0x1e260048
[SKIP  ] bb_libsurfaceflinger_254078_c2 reference: unsupported insn 0x1e260048
[PASS  ] bb_libsurfaceflinger_25419c_c0 (166 bytes x86)
[PASS  ] bb_libsurfaceflinger_25419c_c1 (166 bytes x86)
[PASS  ] bb_libsurfaceflinger_25419c_c2 (166 bytes x86)
[PASS  ] bb_libsurfaceflinger_2541b0_c0 (161 bytes x86)
[PASS  ] bb_libsurfaceflinger_2541b0_c1 (161 bytes x86)
[PASS  ] bb_libsurfaceflinger_2541b0_c2 (161 bytes x86)
[PASS  ] bb_libsurfaceflinger_2541bc_c0 (179 bytes x86)
[PASS  ] bb_libsurfaceflinger_2541bc_c1 (179 bytes x86)
[PASS  ] bb_libsurfaceflinger_2541bc_c2 (179 bytes x86)
[PASS  ] bb_libsurfaceflinger_2541c8_c0 (179 bytes x86)
[PASS  ] bb_libsurfaceflinger_2541c8_c1 (179 bytes x86)
[PASS  ] bb_libsurfaceflinger_2541c8_c2 (179 bytes x86)
[PASS  ] bb_libsurfaceflinger_2541d4_c0 (179 bytes x86)
[PASS  ] bb_libsurfaceflinger_2541d4_c1 (179 bytes x86)
[PASS  ] bb_libsurfaceflinger_2541d4_c2 (179 bytes x86)
[PASS  ] bb_libsurfaceflinger_2541e0_c0 (161 bytes x86)
[PASS  ] bb_libsurfaceflinger_2541e0_c1 (161 bytes x86)
[PASS  ] bb_libsurfaceflinger_2541e0_c2 (161 bytes x86)
[PASS  ] bb_libsurfaceflinger_2541ec_c0 (179 bytes x86)
[PASS  ] bb_libsurfaceflinger_2541ec_c1 (179 bytes x86)
[PASS  ] bb_libsurfaceflinger_2541ec_c2 (179 bytes x86)
[PASS  ] bb_libsurfaceflinger_2541f8_c0 (179 bytes x86)
[PASS  ] bb_libsurfaceflinger_2541f8_c1 (179 bytes x86)
[PASS  ] bb_libsurfaceflinger_2541f8_c2 (179 bytes x86)
[PASS  ] bb_libsurfaceflinger_254204_c0 (179 bytes x86)
[PASS  ] bb_libsurfaceflinger_254204_c1 (179 bytes x86)
[PASS  ] bb_libsurfaceflinger_254204_c2 (179 bytes x86)
[PASS  ] bb_libsurfaceflinger_254220_c0 (179 bytes x86)
[PASS  ] bb_libsurfaceflinger_254220_c1 (179 bytes x86)
[PASS  ] bb_libsurfaceflinger_254220_c2 (179 bytes x86)
[PASS  ] bb_libsurfaceflinger_254234_c0 (179 bytes x86)
[PASS  ] bb_libsurfaceflinger_254234_c1 (179 bytes x86)
[PASS  ] bb_libsurfaceflinger_254234_c2 (179 bytes x86)
[PASS  ] bb_libsurfaceflinger_254250_c0 (179 bytes x86)
[PASS  ] bb_libsurfaceflinger_254250_c1 (179 bytes x86)
[PASS  ] bb_libsurfaceflinger_254250_c2 (179 bytes x86)
[PASS  ] bb_libsurfaceflinger_2542f4_c0 (179 bytes x86)
[PASS  ] bb_libsurfaceflinger_2542f4_c1 (179 bytes x86)
[PASS  ] bb_libsurfaceflinger_2542f4_c2 (179 bytes x86)
[PASS  ] bb_libsurfaceflinger_254310_c0 (179 bytes x86)
[PASS  ] bb_libsurfaceflinger_254310_c1 (179 bytes x86)
[PASS  ] bb_libsurfaceflinger_254310_c2 (179 bytes x86)
[PASS  ] bb_libsurfaceflinger_254324_c0 (179 bytes x86)
[PASS  ] bb_libsurfaceflinger_254324_c1 (179 bytes x86)
[PASS  ] bb_libsurfaceflinger_254324_c2 (179 bytes x86)
[PASS  ] bb_libsurfaceflinger_254a4c_c0 (282 bytes x86)
[PASS  ] bb_libsurfaceflinger_254a4c_c1 (282 bytes x86)
[PASS  ] bb_libsurfaceflinger_254a4c_c2 (282 bytes x86)
[SKIP  ] bb_libsurfaceflinger_254d0c_c0 reference: unsupported insn 0x2f00e400
[SKIP  ] bb_libsurfaceflinger_254d0c_c1 reference: unsupported insn 0x2f00e400
[SKIP  ] bb_libsurfaceflinger_254d0c_c2 reference: unsupported insn 0x2f00e400
[PASS  ] bb_libsurfaceflinger_254d20_c0 (137 bytes x86)
[PASS  ] bb_libsurfaceflinger_254d20_c1 (137 bytes x86)
[PASS  ] bb_libsurfaceflinger_254d20_c2 (137 bytes x86)
[SKIP  ] bb_libsurfaceflinger_254d6c_c0 reference: unsupported insn 0x2f00e401
[SKIP  ] bb_libsurfaceflinger_254d6c_c1 reference: unsupported insn 0x2f00e401
[SKIP  ] bb_libsurfaceflinger_254d6c_c2 reference: unsupported insn 0x2f00e401
[SKIP  ] bb_libsurfaceflinger_254d80_c0 reference: unsupported insn 0x2f00e402
[SKIP  ] bb_libsurfaceflinger_254d80_c1 reference: unsupported insn 0x2f00e402
[SKIP  ] bb_libsurfaceflinger_254d80_c2 reference: unsupported insn 0x2f00e402
[PASS  ] bb_libsurfaceflinger_254d9c_c0 (257 bytes x86)
[PASS  ] bb_libsurfaceflinger_254d9c_c1 (257 bytes x86)
[PASS  ] bb_libsurfaceflinger_254d9c_c2 (257 bytes x86)
[PASS  ] bb_libsurfaceflinger_254fd4_c0 (233 bytes x86)
[PASS  ] bb_libsurfaceflinger_254fd4_c1 (233 bytes x86)
[PASS  ] bb_libsurfaceflinger_254fd4_c2 (233 bytes x86)
[PASS  ] bb_libsurfaceflinger_254fe4_c0 (769 bytes x86)
[PASS  ] bb_libsurfaceflinger_254fe4_c1 (769 bytes x86)
[PASS  ] bb_libsurfaceflinger_254fe4_c2 (769 bytes x86)
[PASS  ] bb_libsurfaceflinger_25501c_c0 (228 bytes x86)
[PASS  ] bb_libsurfaceflinger_25501c_c1 (228 bytes x86)
[PASS  ] bb_libsurfaceflinger_25501c_c2 (228 bytes x86)
[SKIP  ] bb_libsurfaceflinger_255044_c0 reference: unsupported insn 0x2f00e401
[SKIP  ] bb_libsurfaceflinger_255044_c1 reference: unsupported insn 0x2f00e401
[SKIP  ] bb_libsurfaceflinger_255044_c2 reference: unsupported insn 0x2f00e401
[PASS  ] bb_libsurfaceflinger_255058_c0 (724 bytes x86)
[PASS  ] bb_libsurfaceflinger_255058_c1 (724 bytes x86)
[PASS  ] bb_libsurfaceflinger_255058_c2 (724 bytes x86)
[SKIP  ] bb_libsurfaceflinger_2560b4_c0 reference: unsupported insn 0x9e670380
[SKIP  ] bb_libsurfaceflinger_2560b4_c1 reference: unsupported insn 0x9e670380
[SKIP  ] bb_libsurfaceflinger_2560b4_c2 reference: unsupported insn 0x9e670380
[SKIP  ] bb_libsurfaceflinger_256218_c0 reference: unsupported insn 0x9e290009
[SKIP  ] bb_libsurfaceflinger_256218_c1 reference: unsupported insn 0x9e290009
[SKIP  ] bb_libsurfaceflinger_256218_c2 reference: unsupported insn 0x9e290009
[SKIP  ] bb_libsurfaceflinger_256cec_c0 reference: unsupported insn 0x2f00e40c
[SKIP  ] bb_libsurfaceflinger_256cec_c1 reference: unsupported insn 0x2f00e40c
[SKIP  ] bb_libsurfaceflinger_256cec_c2 reference: unsupported insn 0x2f00e40c
[SKIP  ] bb_libsurfaceflinger_256d6c_c0 reference: unsupported insn 0x1e2c1464
[SKIP  ] bb_libsurfaceflinger_256d6c_c1 reference: unsupported insn 0x1e2c1464
[SKIP  ] bb_libsurfaceflinger_256d6c_c2 reference: unsupported insn 0x1e2c1464
[SKIP  ] bb_libsurfaceflinger_256e18_c0 reference: unsupported insn 0x4ea1b800
[SKIP  ] bb_libsurfaceflinger_256e18_c1 reference: unsupported insn 0x4ea1b800
[SKIP  ] bb_libsurfaceflinger_256e18_c2 reference: unsupported insn 0x4ea1b800
[SKIP  ] bb_libsurfaceflinger_258da4_c0 reference: unsupported insn 0x2f00e403
[SKIP  ] bb_libsurfaceflinger_258da4_c1 reference: unsupported insn 0x2f00e403
[SKIP  ] bb_libsurfaceflinger_258da4_c2 reference: unsupported insn 0x2f00e403
[PASS  ] bb_libsurfaceflinger_258dd8_c0 (228 bytes x86)
[PASS  ] bb_libsurfaceflinger_258dd8_c1 (228 bytes x86)
[PASS  ] bb_libsurfaceflinger_258dd8_c2 (228 bytes x86)
[PASS  ] bb_libsurfaceflinger_258df0_c0 (228 bytes x86)
[PASS  ] bb_libsurfaceflinger_258df0_c1 (228 bytes x86)
[PASS  ] bb_libsurfaceflinger_258df0_c2 (228 bytes x86)
[SKIP  ] bb_libsurfaceflinger_258e00_c0 reference: unsupported insn 0x1e2e1003
[SKIP  ] bb_libsurfaceflinger_258e00_c1 reference: unsupported insn 0x1e2e1003
[SKIP  ] bb_libsurfaceflinger_258e00_c2 reference: unsupported insn 0x1e2e1003
[SKIP  ] bb_libsurfaceflinger_258e4c_c0 reference: unsupported insn 0x0f026460
[SKIP  ] bb_libsurfaceflinger_258e4c_c1 reference: unsupported insn 0x0f026460
[SKIP  ] bb_libsurfaceflinger_258e4c_c2 reference: unsupported insn 0x0f026460
[SKIP  ] bb_libsurfaceflinger_258e68_c0 reference: unsupported insn 0x2f00e400
[SKIP  ] bb_libsurfaceflinger_258e68_c1 reference: unsupported insn 0x2f00e400
[SKIP  ] bb_libsurfaceflinger_258e68_c2 reference: unsupported insn 0x2f00e400
[SKIP  ] bb_libsurfaceflinger_2597e8_c0 reference: unsupported insn 0x0f066461
[SKIP  ] bb_libsurfaceflinger_2597e8_c1 reference: unsupported insn 0x0f066461
[SKIP  ] bb_libsurfaceflinger_2597e8_c2 reference: unsupported insn 0x0f066461
[SKIP  ] bb_libsurfaceflinger_2597f8_c0 reference: unsupported insn 0x5ea1b841
[SKIP  ] bb_libsurfaceflinger_2597f8_c1 reference: unsupported insn 0x5ea1b841
[SKIP  ] bb_libsurfaceflinger_2597f8_c2 reference: unsupported insn 0x5ea1b841
[PASS  ] bb_libsurfaceflinger_259808_c0 (194 bytes x86)
[PASS  ] bb_libsurfaceflinger_259808_c1 (194 bytes x86)
[PASS  ] bb_libsurfaceflinger_259808_c2 (194 bytes x86)
[SKIP  ] bb_libsurfaceflinger_259d00_c0 reference: unsupported insn 0x2f00e401
[SKIP  ] bb_libsurfaceflinger_259d00_c1 reference: unsupported insn 0x2f00e401
[SKIP  ] bb_libsurfaceflinger_259d00_c2 reference: unsupported insn 0x2f00e401
[SKIP  ] bb_libsurfaceflinger_25a0fc_c0 reference: unsupported insn 0x00000000
[SKIP  ] bb_libsurfaceflinger_25a0fc_c1 reference: unsupported insn 0x00000000
[SKIP  ] bb_libsurfaceflinger_25a0fc_c2 reference: unsupported insn 0x00000000
[SKIP  ] bb_libsurfaceflinger_25a108_c0 reference: unsupported insn 0x1e2e1002
[SKIP  ] bb_libsurfaceflinger_25a108_c1 reference: unsupported insn 0x1e2e1002
[SKIP  ] bb_libsurfaceflinger_25a108_c2 reference: unsupported insn 0x1e2e1002
[SKIP  ] bb_libsurfaceflinger_25a154_c0 reference: unsupported insn 0x0f026460
[SKIP  ] bb_libsurfaceflinger_25a154_c1 reference: unsupported insn 0x0f026460
[SKIP  ] bb_libsurfaceflinger_25a154_c2 reference: unsupported insn 0x0f026460
[SKIP  ] bb_libsurfaceflinger_25a170_c0 reference: unsupported insn 0x2f00e400
[SKIP  ] bb_libsurfaceflinger_25a170_c1 reference: unsupported insn 0x2f00e400
[SKIP  ] bb_libsurfaceflinger_25a170_c2 reference: unsupported insn 0x2f00e400
[SKIP  ] bb_libsurfaceflinger_25a1f4_c0 reference: unsupported insn 0x1e270100
[SKIP  ] bb_libsurfaceflinger_25a1f4_c1 reference: unsupported insn 0x1e270100
[SKIP  ] bb_libsurfaceflinger_25a1f4_c2 reference: unsupported insn 0x1e270100
[SKIP  ] bb_libsurfaceflinger_25a210_c0 reference: unsupported insn 0x0f026462
[SKIP  ] bb_libsurfaceflinger_25a210_c1 reference: unsupported insn 0x0f026462
[SKIP  ] bb_libsurfaceflinger_25a210_c2 reference: unsupported insn 0x0f026462
[SKIP  ] bb_libsurfaceflinger_25a21c_c0 reference: unsupported insn 0x1e270100
[SKIP  ] bb_libsurfaceflinger_25a21c_c1 reference: unsupported insn 0x1e270100
[SKIP  ] bb_libsurfaceflinger_25a21c_c2 reference: unsupported insn 0x1e270100
[SKIP  ] bb_libsurfaceflinger_25a228_c0 reference: unsupported insn 0x2f00e400
[SKIP  ] bb_libsurfaceflinger_25a228_c1 reference: unsupported insn 0x2f00e400
[SKIP  ] bb_libsurfaceflinger_25a228_c2 reference: unsupported insn 0x2f00e400
[PASS  ] bb_libsurfaceflinger_25b928_c0 (189 bytes x86)
[PASS  ] bb_libsurfaceflinger_25b928_c1 (189 bytes x86)
[PASS  ] bb_libsurfaceflinger_25b928_c2 (189 bytes x86)
[PASS  ] bb_libsurfaceflinger_25ba6c_c0 (249 bytes x86)
[PASS  ] bb_libsurfaceflinger_25ba6c_c1 (249 bytes x86)
[PASS  ] bb_libsurfaceflinger_25ba6c_c2 (249 bytes x86)
[SKIP  ] bb_libsurfaceflinger_25bbe4_c0 reference: unsupported insn 0x1e270120
[SKIP  ] bb_libsurfaceflinger_25bbe4_c1 reference: unsupported insn 0x1e270120
[SKIP  ] bb_libsurfaceflinger_25bbe4_c2 reference: unsupported insn 0x1e270120
[SKIP  ] bb_libsurfaceflinger_25bbf0_c0 reference: unsupported insn 0x1e270100
[SKIP  ] bb_libsurfaceflinger_25bbf0_c1 reference: unsupported insn 0x1e270100
[SKIP  ] bb_libsurfaceflinger_25bbf0_c2 reference: unsupported insn 0x1e270100
[PASS  ] bb_libsurfaceflinger_25c640_c0 (249 bytes x86)
[PASS  ] bb_libsurfaceflinger_25c640_c1 (249 bytes x86)
[PASS  ] bb_libsurfaceflinger_25c640_c2 (249 bytes x86)
[SKIP  ] bb_libsurfaceflinger_25dc6c_c0 reference: unsupported insn 0x1e270100
[SKIP  ] bb_libsurfaceflinger_25dc6c_c1 reference: unsupported insn 0x1e270100
[SKIP  ] bb_libsurfaceflinger_25dc6c_c2 reference: unsupported insn 0x1e270100
[SKIP  ] bb_libsurfaceflinger_25e1f8_c0 reference: unsupported insn 0x1e229002
[SKIP  ] bb_libsurfaceflinger_25e1f8_c1 reference: unsupported insn 0x1e229002
[SKIP  ] bb_libsurfaceflinger_25e1f8_c2 reference: unsupported insn 0x1e229002
[SKIP  ] bb_libsurfaceflinger_25e294_c0 reference: unsupported insn 0x5e0c0463
[SKIP  ] bb_libsurfaceflinger_25e294_c1 reference: unsupported insn 0x5e0c0463
[SKIP  ] bb_libsurfaceflinger_25e294_c2 reference: unsupported insn 0x5e0c0463
[SKIP  ] bb_libsurfaceflinger_25e2d4_c0 reference: unsupported insn 0x5e0c0462
[SKIP  ] bb_libsurfaceflinger_25e2d4_c1 reference: unsupported insn 0x5e0c0462
[SKIP  ] bb_libsurfaceflinger_25e2d4_c2 reference: unsupported insn 0x5e0c0462
[SKIP  ] bb_libsurfaceflinger_25e36c_c0 reference: unsupported insn 0x0ea00865
[SKIP  ] bb_libsurfaceflinger_25e36c_c1 reference: unsupported insn 0x0ea00865
[SKIP  ] bb_libsurfaceflinger_25e36c_c2 reference: unsupported insn 0x0ea00865
[SKIP  ] bb_libsurfaceflinger_25e38c_c0 reference: unsupported insn 0x5e0c04a5
[SKIP  ] bb_libsurfaceflinger_25e38c_c1 reference: unsupported insn 0x5e0c04a5
[SKIP  ] bb_libsurfaceflinger_25e38c_c2 reference: unsupported insn 0x5e0c04a5
[SKIP  ] bb_libsurfaceflinger_25e3a8_c0 reference: unsupported insn 0x0ea00802
[SKIP  ] bb_libsurfaceflinger_25e3a8_c1 reference: unsupported insn 0x0ea00802
[SKIP  ] bb_libsurfaceflinger_25e3a8_c2 reference: unsupported insn 0x0ea00802
[PASS  ] bb_libsurfaceflinger_25e3c8_c0 (197 bytes x86)
[PASS  ] bb_libsurfaceflinger_25e3c8_c1 (197 bytes x86)
[PASS  ] bb_libsurfaceflinger_25e3c8_c2 (197 bytes x86)
[PASS  ] bb_libsurfaceflinger_25e84c_c0 (460 bytes x86)
[PASS  ] bb_libsurfaceflinger_25e84c_c1 (460 bytes x86)
[PASS  ] bb_libsurfaceflinger_25e84c_c2 (460 bytes x86)
[PASS  ] bb_libsurfaceflinger_25e968_c0 (93 bytes x86)
[PASS  ] bb_libsurfaceflinger_25e968_c1 (93 bytes x86)
[PASS  ] bb_libsurfaceflinger_25e968_c2 (93 bytes x86)
[PASS  ] bb_libsurfaceflinger_25eb3c_c0 (341 bytes x86)
[PASS  ] bb_libsurfaceflinger_25eb3c_c1 (341 bytes x86)
[PASS  ] bb_libsurfaceflinger_25eb3c_c2 (341 bytes x86)
[PASS  ] bb_libsurfaceflinger_25ed78_c0 (173 bytes x86)
[PASS  ] bb_libsurfaceflinger_25ed78_c1 (173 bytes x86)
[PASS  ] bb_libsurfaceflinger_25ed78_c2 (173 bytes x86)
[PASS  ] bb_libsurfaceflinger_25ee00_c0 (168 bytes x86)
[PASS  ] bb_libsurfaceflinger_25ee00_c1 (168 bytes x86)
[PASS  ] bb_libsurfaceflinger_25ee00_c2 (168 bytes x86)
[SKIP  ] bb_libsurfaceflinger_260d88_c0 reference: unsupported insn 0x1e260028
[SKIP  ] bb_libsurfaceflinger_260d88_c1 reference: unsupported insn 0x1e260028
[SKIP  ] bb_libsurfaceflinger_260d88_c2 reference: unsupported insn 0x1e260028
[SKIP  ] bb_libsurfaceflinger_261210_c0 reference: unsupported insn 0x1e2e1004
[SKIP  ] bb_libsurfaceflinger_261210_c1 reference: unsupported insn 0x1e2e1004
[SKIP  ] bb_libsurfaceflinger_261210_c2 reference: unsupported insn 0x1e2e1004
[SKIP  ] bb_libsurfaceflinger_261530_c0 reference: unsupported insn 0x1e2e1000
[SKIP  ] bb_libsurfaceflinger_261530_c1 reference: unsupported insn 0x1e2e1000
[SKIP  ] bb_libsurfaceflinger_261530_c2 reference: unsupported insn 0x1e2e1000
[SKIP  ] bb_libsurfaceflinger_261564_c0 reference: unsupported insn 0x2f00e400
[SKIP  ] bb_libsurfaceflinger_261564_c1 reference: unsupported insn 0x2f00e400
[SKIP  ] bb_libsurfaceflinger_261564_c2 reference: unsupported insn 0x2f00e400
[SKIP  ] bb_libsurfaceflinger_26c9f8_c0 reference: unsupported insn 0x1e6f1000
[SKIP  ] bb_libsurfaceflinger_26c9f8_c1 reference: unsupported insn 0x1e6f1000
[SKIP  ] bb_libsurfaceflinger_26c9f8_c2 reference: unsupported insn 0x1e6f1000
[SKIP  ] bb_libsurfaceflinger_2731d0_c0 reference: unsupported insn 0x1e6e1000
[SKIP  ] bb_libsurfaceflinger_2731d0_c1 reference: unsupported insn 0x1e6e1000
[SKIP  ] bb_libsurfaceflinger_2731d0_c2 reference: unsupported insn 0x1e6e1000
[SKIP  ] bb_libsurfaceflinger_275a98_c0 reference: unsupported insn 0x9e670100
[SKIP  ] bb_libsurfaceflinger_275a98_c1 reference: unsupported insn 0x9e670100
[SKIP  ] bb_libsurfaceflinger_275a98_c2 reference: unsupported insn 0x9e670100
[PASS  ] bb_libsurfaceflinger_275ab8_c0 (507 bytes x86)
[PASS  ] bb_libsurfaceflinger_275ab8_c1 (507 bytes x86)
[PASS  ] bb_libsurfaceflinger_275ab8_c2 (507 bytes x86)
[SKIP  ] bb_libsurfaceflinger_275ad8_c0 reference: unsupported insn 0x1e260009
[SKIP  ] bb_libsurfaceflinger_275ad8_c1 reference: unsupported insn 0x1e260009
[SKIP  ] bb_libsurfaceflinger_275ad8_c2 reference: unsupported insn 0x1e260009
[SKIP  ] bb_libsurfaceflinger_2774a0_c0 reference: unsupported insn 0x9e670360
[SKIP  ] bb_libsurfaceflinger_2774a0_c1 reference: unsupported insn 0x9e670360
[SKIP  ] bb_libsurfaceflinger_2774a0_c2 reference: unsupported insn 0x9e670360
[SKIP  ] bb_libsurfaceflinger_27778c_c0 reference: unsupported insn 0x9e290009
[SKIP  ] bb_libsurfaceflinger_27778c_c1 reference: unsupported insn 0x9e290009
[SKIP  ] bb_libsurfaceflinger_27778c_c2 reference: unsupported insn 0x9e290009
[SKIP  ] bb_libsurfaceflinger_277bf4_c0 reference: unsupported insn 0x9e29000a
[SKIP  ] bb_libsurfaceflinger_277bf4_c1 reference: unsupported insn 0x9e29000a
[SKIP  ] bb_libsurfaceflinger_277bf4_c2 reference: unsupported insn 0x9e29000a
[SKIP  ] bb_libsurfaceflinger_277d84_c0 reference: unsupported insn 0x9e29000a
[SKIP  ] bb_libsurfaceflinger_277d84_c1 reference: unsupported insn 0x9e29000a
[SKIP  ] bb_libsurfaceflinger_277d84_c2 reference: unsupported insn 0x9e29000a
[SKIP  ] bb_libsurfaceflinger_278238_c0 reference: unsupported insn 0x9e290009
[SKIP  ] bb_libsurfaceflinger_278238_c1 reference: unsupported insn 0x9e290009
[SKIP  ] bb_libsurfaceflinger_278238_c2 reference: unsupported insn 0x9e290009
[SKIP  ] bb_libsurfaceflinger_28314c_c0 reference: unsupported insn 0x1e270100
[SKIP  ] bb_libsurfaceflinger_28314c_c1 reference: unsupported insn 0x1e270100
[SKIP  ] bb_libsurfaceflinger_28314c_c2 reference: unsupported insn 0x1e270100
[SKIP  ] bb_libsurfaceflinger_284488_c0 reference: unsupported insn 0x1e6e1000
[SKIP  ] bb_libsurfaceflinger_284488_c1 reference: unsupported insn 0x1e6e1000
[SKIP  ] bb_libsurfaceflinger_284488_c2 reference: unsupported insn 0x1e6e1000
[SKIP  ] bb_libsurfaceflinger_286388_c0 reference: unsupported insn 0x1e6e1000
[SKIP  ] bb_libsurfaceflinger_286388_c1 reference: unsupported insn 0x1e6e1000
[SKIP  ] bb_libsurfaceflinger_286388_c2 reference: unsupported insn 0x1e6e1000
[SKIP  ] bb_libsurfaceflinger_286498_c0 reference: unsupported insn 0x1e6f1000
[SKIP  ] bb_libsurfaceflinger_286498_c1 reference: unsupported insn 0x1e6f1000
[SKIP  ] bb_libsurfaceflinger_286498_c2 reference: unsupported insn 0x1e6f1000
[SKIP  ] bb_libsurfaceflinger_287188_c0 reference: unsupported insn 0x1e6e1000
[SKIP  ] bb_libsurfaceflinger_287188_c1 reference: unsupported insn 0x1e6e1000
[SKIP  ] bb_libsurfaceflinger_287188_c2 reference: unsupported insn 0x1e6e1000
[SKIP  ] bb_libsurfaceflinger_28785c_c0 reference: unsupported insn 0x9e670000
[SKIP  ] bb_libsurfaceflinger_28785c_c1 reference: unsupported insn 0x9e670000
[SKIP  ] bb_libsurfaceflinger_28785c_c2 reference: unsupported insn 0x9e670000
[SKIP  ] bb_libsurfaceflinger_28798c_c0 reference: unsupported insn 0x2f00e400
[SKIP  ] bb_libsurfaceflinger_28798c_c1 reference: unsupported insn 0x2f00e400
[SKIP  ] bb_libsurfaceflinger_28798c_c2 reference: unsupported insn 0x2f00e400
[SKIP  ] bb_libsurfaceflinger_287b8c_c0 reference: unsupported insn 0x1e6e1000
[SKIP  ] bb_libsurfaceflinger_287b8c_c1 reference: unsupported insn 0x1e6e1000
[SKIP  ] bb_libsurfaceflinger_287b8c_c2 reference: unsupported insn 0x1e6e1000
[SKIP  ] bb_libsurfaceflinger_287ed4_c0 reference: unsupported insn 0x2f00e400
[SKIP  ] bb_libsurfaceflinger_287ed4_c1 reference: unsupported insn 0x2f00e400
[SKIP  ] bb_libsurfaceflinger_287ed4_c2 reference: unsupported insn 0x2f00e400
[PASS  ] bb_libsurfaceflinger_288008_c0 (191 bytes x86)
[PASS  ] bb_libsurfaceflinger_288008_c1 (191 bytes x86)
[PASS  ] bb_libsurfaceflinger_288008_c2 (191 bytes x86)
[SKIP  ] bb_libsurfaceflinger_288288_c0 reference: unsupported insn 0x1e6e1000
[SKIP  ] bb_libsurfaceflinger_288288_c1 reference: unsupported insn 0x1e6e1000
[SKIP  ] bb_libsurfaceflinger_288288_c2 reference: unsupported insn 0x1e6e1000
[PASS  ] bb_libsurfaceflinger_288758_c0 (99 bytes x86)
[PASS  ] bb_libsurfaceflinger_288758_c1 (99 bytes x86)
[PASS  ] bb_libsurfaceflinger_288758_c2 (99 bytes x86)
[PASS  ] bb_libsurfaceflinger_28877c_c0 (399 bytes x86)
[PASS  ] bb_libsurfaceflinger_28877c_c1 (399 bytes x86)
[PASS  ] bb_libsurfaceflinger_28877c_c2 (399 bytes x86)
[PASS  ] bb_libsurfaceflinger_288790_c0 (403 bytes x86)
[PASS  ] bb_libsurfaceflinger_288790_c1 (403 bytes x86)
[PASS  ] bb_libsurfaceflinger_288790_c2 (403 bytes x86)
[PASS  ] bb_libsurfaceflinger_2887a4_c0 (493 bytes x86)
[PASS  ] bb_libsurfaceflinger_2887a4_c1 (493 bytes x86)
[PASS  ] bb_libsurfaceflinger_2887a4_c2 (493 bytes x86)
[SKIP  ] bb_libsurfaceflinger_289084_c0 reference: unsupported insn 0x9e670001
[SKIP  ] bb_libsurfaceflinger_289084_c1 reference: unsupported insn 0x9e670001
[SKIP  ] bb_libsurfaceflinger_289084_c2 reference: unsupported insn 0x9e670001
[SKIP  ] bb_libsurfaceflinger_289154_c0 reference: unsupported insn 0x9e670000
[SKIP  ] bb_libsurfaceflinger_289154_c1 reference: unsupported insn 0x9e670000
[SKIP  ] bb_libsurfaceflinger_289154_c2 reference: unsupported insn 0x9e670000
[SKIP  ] bb_libsurfaceflinger_2896b4_c0 reference: unsupported insn 0x2f00e400
[SKIP  ] bb_libsurfaceflinger_2896b4_c1 reference: unsupported insn 0x2f00e400
[SKIP  ] bb_libsurfaceflinger_2896b4_c2 reference: unsupported insn 0x2f00e400
[SKIP  ] bb_libsurfaceflinger_289884_c0 reference: unsupported insn 0x9e670040
[SKIP  ] bb_libsurfaceflinger_289884_c1 reference: unsupported insn 0x9e670040
[SKIP  ] bb_libsurfaceflinger_289884_c2 reference: unsupported insn 0x9e670040
[SKIP  ] bb_libsurfaceflinger_2898b4_c0 reference: unsupported insn 0x9e670000
[SKIP  ] bb_libsurfaceflinger_2898b4_c1 reference: unsupported insn 0x9e670000
[SKIP  ] bb_libsurfaceflinger_2898b4_c2 reference: unsupported insn 0x9e670000
[SKIP  ] bb_libsurfaceflinger_289ddc_c0 reference: unsupported insn 0x1e6e1000
[SKIP  ] bb_libsurfaceflinger_289ddc_c1 reference: unsupported insn 0x1e6e1000
[SKIP  ] bb_libsurfaceflinger_289ddc_c2 reference: unsupported insn 0x1e6e1000
[SKIP  ] bb_libsurfaceflinger_289edc_c0 reference: unsupported insn 0x1e6e1000
[SKIP  ] bb_libsurfaceflinger_289edc_c1 reference: unsupported insn 0x1e6e1000
[SKIP  ] bb_libsurfaceflinger_289edc_c2 reference: unsupported insn 0x1e6e1000
[SKIP  ] bb_libsurfaceflinger_28a354_c0 reference: unsupported insn 0x9e670000
[SKIP  ] bb_libsurfaceflinger_28a354_c1 reference: unsupported insn 0x9e670000
[SKIP  ] bb_libsurfaceflinger_28a354_c2 reference: unsupported insn 0x9e670000
[SKIP  ] bb_libsurfaceflinger_28c01c_c0 reference: unsupported insn 0x9e670001
[SKIP  ] bb_libsurfaceflinger_28c01c_c1 reference: unsupported insn 0x9e670001
[SKIP  ] bb_libsurfaceflinger_28c01c_c2 reference: unsupported insn 0x9e670001
[PASS  ] bb_libsurfaceflinger_28c03c_c0 (326 bytes x86)
[PASS  ] bb_libsurfaceflinger_28c03c_c1 (326 bytes x86)
[PASS  ] bb_libsurfaceflinger_28c03c_c2 (326 bytes x86)
[SKIP  ] bb_libsurfaceflinger_28c3e4_c0 reference: unsupported insn 0x9e670000
[SKIP  ] bb_libsurfaceflinger_28c3e4_c1 reference: unsupported insn 0x9e670000
[SKIP  ] bb_libsurfaceflinger_28c3e4_c2 reference: unsupported insn 0x9e670000
[SKIP  ] bb_libsurfaceflinger_28c470_c0 reference: unsupported insn 0x9e670001
[SKIP  ] bb_libsurfaceflinger_28c470_c1 reference: unsupported insn 0x9e670001
[SKIP  ] bb_libsurfaceflinger_28c470_c2 reference: unsupported insn 0x9e670001
[PASS  ] bb_libsurfaceflinger_28c490_c0 (434 bytes x86)
[PASS  ] bb_libsurfaceflinger_28c490_c1 (434 bytes x86)
[PASS  ] bb_libsurfaceflinger_28c490_c2 (434 bytes x86)
[SKIP  ] bb_libsurfaceflinger_28c4b0_c0 reference: unsupported insn 0x4ee1b800
[SKIP  ] bb_libsurfaceflinger_28c4b0_c1 reference: unsupported insn 0x4ee1b800
[SKIP  ] bb_libsurfaceflinger_28c4b0_c2 reference: unsupported insn 0x4ee1b800
[SKIP  ] bb_libsurfaceflinger_28c668_c0 reference: unsupported insn 0x9e670001
[SKIP  ] bb_libsurfaceflinger_28c668_c1 reference: unsupported insn 0x9e670001
[SKIP  ] bb_libsurfaceflinger_28c668_c2 reference: unsupported insn 0x9e670001
[SKIP  ] bb_libsurfaceflinger_28c688_c0 reference: unsupported insn 0x1e270101
[SKIP  ] bb_libsurfaceflinger_28c688_c1 reference: unsupported insn 0x1e270101
[SKIP  ] bb_libsurfaceflinger_28c688_c2 reference: unsupported insn 0x1e270101
[SKIP  ] bb_libsurfaceflinger_28c6a8_c0 reference: unsupported insn 0x1e03a122
[SKIP  ] bb_libsurfaceflinger_28c6a8_c1 reference: unsupported insn 0x1e03a122
[SKIP  ] bb_libsurfaceflinger_28c6a8_c2 reference: unsupported insn 0x1e03a122
[SKIP  ] bb_libsurfaceflinger_28f25c_c0 reference: unsupported insn 0x9e290009
[SKIP  ] bb_libsurfaceflinger_28f25c_c1 reference: unsupported insn 0x9e290009
[SKIP  ] bb_libsurfaceflinger_28f25c_c2 reference: unsupported insn 0x9e290009
[SKIP  ] bb_libsurfaceflinger_2902f0_c0 reference: unsupported insn 0x6e205884
[SKIP  ] bb_libsurfaceflinger_2902f0_c1 reference: unsupported insn 0x6e205884
[SKIP  ] bb_libsurfaceflinger_2902f0_c2 reference: unsupported insn 0x6e205884
[PASS  ] bb_libsurfaceflinger_290474_c0 (491 bytes x86)
[PASS  ] bb_libsurfaceflinger_290474_c1 (491 bytes x86)
[PASS  ] bb_libsurfaceflinger_290474_c2 (491 bytes x86)
[SKIP  ] bb_libsurfaceflinger_2906f8_c0 reference: unsupported insn 0x1e2600c9
[SKIP  ] bb_libsurfaceflinger_2906f8_c1 reference: unsupported insn 0x1e2600c9
[SKIP  ] bb_libsurfaceflinger_2906f8_c2 reference: unsupported insn 0x1e2600c9
[SKIP  ] bb_libsurfaceflinger_290718_c0 reference: unsupported insn 0x1e26008b
[SKIP  ] bb_libsurfaceflinger_290718_c1 reference: unsupported insn 0x1e26008b
[SKIP  ] bb_libsurfaceflinger_290718_c2 reference: unsupported insn 0x1e26008b
[SKIP  ] bb_libsurfaceflinger_290738_c0 reference: unsupported insn 0x1e26022c
[SKIP  ] bb_libsurfaceflinger_290738_c1 reference: unsupported insn 0x1e26022c
[SKIP  ] bb_libsurfaceflinger_290738_c2 reference: unsupported insn 0x1e26022c
[SKIP  ] bb_libsurfaceflinger_290cbc_c0 reference: unsupported insn 0x2f00e40b
[SKIP  ] bb_libsurfaceflinger_290cbc_c1 reference: unsupported insn 0x2f00e40b
[SKIP  ] bb_libsurfaceflinger_290cbc_c2 reference: unsupported insn 0x2f00e40b
[PASS  ] bb_libsurfaceflinger_290d7c_c0 (127 bytes x86)
[PASS  ] bb_libsurfaceflinger_290d7c_c1 (127 bytes x86)
[PASS  ] bb_libsurfaceflinger_290d7c_c2 (127 bytes x86)
[SKIP  ] bb_libsurfaceflinger_291440_c0 reference: unsupported insn 0x0ea00864
[SKIP  ] bb_libsurfaceflinger_291440_c1 reference: unsupported insn 0x0ea00864
[SKIP  ] bb_libsurfaceflinger_291440_c2 reference: unsupported insn 0x0ea00864
[SKIP  ] bb_libsurfaceflinger_291460_c0 reference: unsupported insn 0x1e2600e8
[SKIP  ] bb_libsurfaceflinger_291460_c1 reference: unsupported insn 0x1e2600e8
[SKIP  ] bb_libsurfaceflinger_291460_c2 reference: unsupported insn 0x1e2600e8
[SKIP  ] bb_libsurfaceflinger_291474_c0 reference: unsupported insn 0x1e2600e9
[SKIP  ] bb_libsurfaceflinger_291474_c1 reference: unsupported insn 0x1e2600e9
[SKIP  ] bb_libsurfaceflinger_291474_c2 reference: unsupported insn 0x1e2600e9
[SKIP  ] bb_libsurfaceflinger_291488_c0 reference: unsupported insn 0x1e2600e9
[SKIP  ] bb_libsurfaceflinger_291488_c1 reference: unsupported insn 0x1e2600e9
[SKIP  ] bb_libsurfaceflinger_291488_c2 reference: unsupported insn 0x1e2600e9
[PASS  ] bb_libsurfaceflinger_29149c_c0 (412 bytes x86)
[PASS  ] bb_libsurfaceflinger_29149c_c1 (412 bytes x86)
[PASS  ] bb_libsurfaceflinger_29149c_c2 (412 bytes x86)
[SKIP  ] bb_libsurfaceflinger_2914bc_c0 reference: unsupported insn 0x1e260088
[SKIP  ] bb_libsurfaceflinger_2914bc_c1 reference: unsupported insn 0x1e260088
[SKIP  ] bb_libsurfaceflinger_2914bc_c2 reference: unsupported insn 0x1e260088
[PASS  ] bb_libsurfaceflinger_291530_c0 (157 bytes x86)
[PASS  ] bb_libsurfaceflinger_291530_c1 (157 bytes x86)
[PASS  ] bb_libsurfaceflinger_291530_c2 (157 bytes x86)
[SKIP  ] bb_libsurfaceflinger_291544_c0 reference: unsupported insn 0x1e2e1000
[SKIP  ] bb_libsurfaceflinger_291544_c1 reference: unsupported insn 0x1e2e1000
[SKIP  ] bb_libsurfaceflinger_291544_c2 reference: unsupported insn 0x1e2e1000
[SKIP  ] bb_libsurfaceflinger_291550_c0 reference: unsupported insn 0x1e2601eb
[SKIP  ] bb_libsurfaceflinger_291550_c1 reference: unsupported insn 0x1e2601eb
[SKIP  ] bb_libsurfaceflinger_291550_c2 reference: unsupported insn 0x1e2601eb
[SKIP  ] bb_libsurfaceflinger_291570_c0 reference: unsupported insn 0x1e26010d
[SKIP  ] bb_libsurfaceflinger_291570_c1 reference: unsupported insn 0x1e26010d
[SKIP  ] bb_libsurfaceflinger_291570_c2 reference: unsupported insn 0x1e26010d
[SKIP  ] bb_libsurfaceflinger_291830_c0 reference: unsupported insn 0x5e0c0634
[SKIP  ] bb_libsurfaceflinger_291830_c1 reference: unsupported insn 0x5e0c0634
[SKIP  ] bb_libsurfaceflinger_291830_c2 reference: unsupported insn 0x5e0c0634
[PASS  ] bb_libsurfaceflinger_291858_c0 (236 bytes x86)
[PASS  ] bb_libsurfaceflinger_291858_c1 (236 bytes x86)
[PASS  ] bb_libsurfaceflinger_291858_c2 (236 bytes x86)
[PASS  ] bb_libsurfaceflinger_291998_c0 (463 bytes x86)
[PASS  ] bb_libsurfaceflinger_291998_c1 (463 bytes x86)
[PASS  ] bb_libsurfaceflinger_291998_c2 (463 bytes x86)
[SKIP  ] bb_libsurfaceflinger_291ab4_c0 reference: unsupported insn 0x9e290009
[SKIP  ] bb_libsurfaceflinger_291ab4_c1 reference: unsupported insn 0x9e290009
[SKIP  ] bb_libsurfaceflinger_291ab4_c2 reference: unsupported insn 0x9e290009
[SKIP  ] bb_libsurfaceflinger_291cfc_c0 reference: unsupported insn 0x6f00e405
[SKIP  ] bb_libsurfaceflinger_291cfc_c1 reference: unsupported insn 0x6f00e405
[SKIP  ] bb_libsurfaceflinger_291cfc_c2 reference: unsupported insn 0x6f00e405
[PASS  ] bb_libsurfaceflinger_292154_c0 (394 bytes x86)
[PASS  ] bb_libsurfaceflinger_292154_c1 (394 bytes x86)
[PASS  ] bb_libsurfaceflinger_292154_c2 (394 bytes x86)
[PASS  ] bb_libsurfaceflinger_2926a4_c0 (381 bytes x86)
[PASS  ] bb_libsurfaceflinger_2926a4_c1 (381 bytes x86)
[PASS  ] bb_libsurfaceflinger_2926a4_c2 (381 bytes x86)
[PASS  ] bb_libsurfaceflinger_292738_c0 (233 bytes x86)
[PASS  ] bb_libsurfaceflinger_292738_c1 (233 bytes x86)
[PASS  ] bb_libsurfaceflinger_292738_c2 (233 bytes x86)
[SKIP  ] bb_libsurfaceflinger_292748_c0 reference: unsupported insn 0x2e205a31
[SKIP  ] bb_libsurfaceflinger_292748_c1 reference: unsupported insn 0x2e205a31
[SKIP  ] bb_libsurfaceflinger_292748_c2 reference: unsupported insn 0x2e205a31
[SKIP  ] bb_libsurfaceflinger_29276c_c0 reference: unsupported insn 0x2f00e411
[SKIP  ] bb_libsurfaceflinger_29276c_c1 reference: unsupported insn 0x2f00e411
[SKIP  ] bb_libsurfaceflinger_29276c_c2 reference: unsupported insn 0x2f00e411
[PASS  ] bb_libsurfaceflinger_2927b0_c0 (86 bytes x86)
[PASS  ] bb_libsurfaceflinger_2927b0_c1 (86 bytes x86)
[PASS  ] bb_libsurfaceflinger_2927b0_c2 (86 bytes x86)
[SKIP  ] bb_libsurfaceflinger_2927bc_c0 reference: unsupported insn 0x2f00e405
[SKIP  ] bb_libsurfaceflinger_2927bc_c1 reference: unsupported insn 0x2f00e405
[SKIP  ] bb_libsurfaceflinger_2927bc_c2 reference: unsupported insn 0x2f00e405
[SKIP  ] bb_libsurfaceflinger_292808_c0 reference: unsupported insn 0x2f00e411
[SKIP  ] bb_libsurfaceflinger_292808_c1 reference: unsupported insn 0x2f00e411
[SKIP  ] bb_libsurfaceflinger_292808_c2 reference: unsupported insn 0x2f00e411
[PASS  ] bb_libsurfaceflinger_2929e0_c0 (398 bytes x86)
[PASS  ] bb_libsurfaceflinger_2929e0_c1 (398 bytes x86)
[PASS  ] bb_libsurfaceflinger_2929e0_c2 (398 bytes x86)
[SKIP  ] bb_libsurfaceflinger_292a00_c0 reference: unsupported insn 0x0f829262
[SKIP  ] bb_libsurfaceflinger_292a00_c1 reference: unsupported insn 0x0f829262
[SKIP  ] bb_libsurfaceflinger_292a00_c2 reference: unsupported insn 0x0f829262
[SKIP  ] bb_libsurfaceflinger_292a20_c0 reference: unsupported insn 0x0fbb92a2
[SKIP  ] bb_libsurfaceflinger_292a20_c1 reference: unsupported insn 0x0fbb92a2
[SKIP  ] bb_libsurfaceflinger_292a20_c2 reference: unsupported insn 0x0fbb92a2
[SKIP  ] bb_libsurfaceflinger_292d88_c0 reference: unsupported insn 0x2ea1b821
[SKIP  ] bb_libsurfaceflinger_292d88_c1 reference: unsupported insn 0x2ea1b821
[SKIP  ] bb_libsurfaceflinger_292d88_c2 reference: unsupported insn 0x2ea1b821
[SKIP  ] bb_libsurfaceflinger_292da8_c0 reference: unsupported insn 0x1e26002c
[SKIP  ] bb_libsurfaceflinger_292da8_c1 reference: unsupported insn 0x1e26002c
[SKIP  ] bb_libsurfaceflinger_292da8_c2 reference: unsupported insn 0x1e26002c
[SKIP  ] bb_libsurfaceflinger_292e50_c0 reference: unsupported insn 0x4ea00810
[SKIP  ] bb_libsurfaceflinger_292e50_c1 reference: unsupported insn 0x4ea00810
[SKIP  ] bb_libsurfaceflinger_292e50_c2 reference: unsupported insn 0x4ea00810
[SKIP  ] bb_libsurfaceflinger_292e70_c0 reference: unsupported insn 0x1e260049
[SKIP  ] bb_libsurfaceflinger_292e70_c1 reference: unsupported insn 0x1e260049
[SKIP  ] bb_libsurfaceflinger_292e70_c2 reference: unsupported insn 0x1e260049
[SKIP  ] bb_libsurfaceflinger_292f98_c0 reference: unsupported insn 0x6e205a94
[SKIP  ] bb_libsurfaceflinger_292f98_c1 reference: unsupported insn 0x6e205a94
[SKIP  ] bb_libsurfaceflinger_292f98_c2 reference: unsupported insn 0x6e205a94
[PASS  ] bb_libsurfaceflinger_292fb8_c0 (384 bytes x86)
[PASS  ] bb_libsurfaceflinger_292fb8_c1 (384 bytes x86)
[PASS  ] bb_libsurfaceflinger_292fb8_c2 (384 bytes x86)
[SKIP  ] bb_libsurfaceflinger_293234_c0 reference: unsupported insn 0x1e2601a9
[SKIP  ] bb_libsurfaceflinger_293234_c1 reference: unsupported insn 0x1e2601a9
[SKIP  ] bb_libsurfaceflinger_293234_c2 reference: unsupported insn 0x1e2601a9
[PASS  ] bb_libsurfaceflinger_29328c_c0 (726 bytes x86)
[PASS  ] bb_libsurfaceflinger_29328c_c1 (726 bytes x86)
[PASS  ] bb_libsurfaceflinger_29328c_c2 (726 bytes x86)
[SKIP  ] bb_libsurfaceflinger_2933b0_c0 reference: unsupported insn 0x2f00e402
[SKIP  ] bb_libsurfaceflinger_2933b0_c1 reference: unsupported insn 0x2f00e402
[SKIP  ] bb_libsurfaceflinger_2933b0_c2 reference: unsupported insn 0x2f00e402
[SKIP  ] bb_libsurfaceflinger_293508_c0 reference: unsupported insn 0x4f839222
[SKIP  ] bb_libsurfaceflinger_293508_c1 reference: unsupported insn 0x4f839222
[SKIP  ] bb_libsurfaceflinger_293508_c2 reference: unsupported insn 0x4f839222
[PASS  ] bb_libsurfaceflinger_293528_c0 (406 bytes x86)
[PASS  ] bb_libsurfaceflinger_293528_c1 (406 bytes x86)
[PASS  ] bb_libsurfaceflinger_293528_c2 (406 bytes x86)
[SKIP  ] bb_libsurfaceflinger_29364c_c0 reference: unsupported insn 0x2f00e40c
[SKIP  ] bb_libsurfaceflinger_29364c_c1 reference: unsupported insn 0x2f00e40c
[SKIP  ] bb_libsurfaceflinger_29364c_c2 reference: unsupported insn 0x2f00e40c
[SKIP  ] bb_libsurfaceflinger_29366c_c0 reference: unsupported insn 0x5fc19863
[SKIP  ] bb_libsurfaceflinger_29366c_c1 reference: unsupported insn 0x5fc19863
[SKIP  ] bb_libsurfaceflinger_29366c_c2 reference: unsupported insn 0x5fc19863
[SKIP  ] bb_libsurfaceflinger_29368c_c0 reference: unsupported insn 0x2f00e405
[SKIP  ] bb_libsurfaceflinger_29368c_c1 reference: unsupported insn 0x2f00e405
[SKIP  ] bb_libsurfaceflinger_29368c_c2 reference: unsupported insn 0x2f00e405
[PASS  ] bb_libsurfaceflinger_2936ac_c0 (205 bytes x86)
[PASS  ] bb_libsurfaceflinger_2936ac_c1 (205 bytes x86)
[PASS  ] bb_libsurfaceflinger_2936ac_c2 (205 bytes x86)
[SKIP  ] bb_libsurfaceflinger_2936f4_c0 reference: unsupported insn 0x5e0c04d3
[SKIP  ] bb_libsurfaceflinger_2936f4_c1 reference: unsupported insn 0x5e0c04d3
[SKIP  ] bb_libsurfaceflinger_2936f4_c2 reference: unsupported insn 0x5e0c04d3
[SKIP  ] bb_libsurfaceflinger_29392c_c0 reference: unsupported insn 0x1e2e1011
[SKIP  ] bb_libsurfaceflinger_29392c_c1 reference: unsupported insn 0x1e2e1011
[SKIP  ] bb_libsurfaceflinger_29392c_c2 reference: unsupported insn 0x1e2e1011
[SKIP  ] bb_libsurfaceflinger_293a68_c0 reference: unsupported insn 0x4f949227
[SKIP  ] bb_libsurfaceflinger_293a68_c1 reference: unsupported insn 0x4f949227
[SKIP  ] bb_libsurfaceflinger_293a68_c2 reference: unsupported insn 0x4f949227
[PASS  ] bb_libsurfaceflinger_293a88_c0 (423 bytes x86)
[PASS  ] bb_libsurfaceflinger_293a88_c1 (423 bytes x86)
[PASS  ] bb_libsurfaceflinger_293a88_c2 (423 bytes x86)
[SKIP  ] bb_libsurfaceflinger_293b20_c0 reference: unsupported insn 0x5fb19111
[SKIP  ] bb_libsurfaceflinger_293b20_c1 reference: unsupported insn 0x5fb19111
[SKIP  ] bb_libsurfaceflinger_293b20_c2 reference: unsupported insn 0x5fb19111
[PASS  ] bb_libsurfaceflinger_293b40_c0 (432 bytes x86)
[PASS  ] bb_libsurfaceflinger_293b40_c1 (432 bytes x86)
[PASS  ] bb_libsurfaceflinger_293b40_c2 (432 bytes x86)
[SKIP  ] bb_libsurfaceflinger_293b60_c0 reference: unsupported insn 0x7e30d810
[SKIP  ] bb_libsurfaceflinger_293b60_c1 reference: unsupported insn 0x7e30d810
[SKIP  ] bb_libsurfaceflinger_293b60_c2 reference: unsupported insn 0x7e30d810
[SKIP  ] bb_libsurfaceflinger_2946b8_c0 reference: unsupported insn 0x4f929232
[SKIP  ] bb_libsurfaceflinger_2946b8_c1 reference: unsupported insn 0x4f929232
[SKIP  ] bb_libsurfaceflinger_2946b8_c2 reference: unsupported insn 0x4f929232
[PASS  ] bb_libsurfaceflinger_29476c_c0 (394 bytes x86)
[PASS  ] bb_libsurfaceflinger_29476c_c1 (394 bytes x86)
[PASS  ] bb_libsurfaceflinger_29476c_c2 (394 bytes x86)
[SKIP  ] bb_libsurfaceflinger_29521c_c0 reference: unsupported insn 0x2f00e40b
[SKIP  ] bb_libsurfaceflinger_29521c_c1 reference: unsupported insn 0x2f00e40b
[SKIP  ] bb_libsurfaceflinger_29521c_c2 reference: unsupported insn 0x2f00e40b
[SKIP  ] bb_libsurfaceflinger_295440_c0 reference: unsupported insn 0x2f00e40b
[SKIP  ] bb_libsurfaceflinger_295440_c1 reference: unsupported insn 0x2f00e40b
[SKIP  ] bb_libsurfaceflinger_295440_c2 reference: unsupported insn 0x2f00e40b
[PASS  ] bb_libsurfaceflinger_295720_c0 (89 bytes x86)
[PASS  ] bb_libsurfaceflinger_295720_c1 (89 bytes x86)
[PASS  ] bb_libsurfaceflinger_295720_c2 (89 bytes x86)
[PASS  ] bb_libsurfaceflinger_2970b8_c0 (282 bytes x86)
[PASS  ] bb_libsurfaceflinger_2970b8_c1 (282 bytes x86)
[PASS  ] bb_libsurfaceflinger_2970b8_c2 (282 bytes x86)
[PASS  ] bb_libsurfaceflinger_2970cc_c0 (162 bytes x86)
[PASS  ] bb_libsurfaceflinger_2970cc_c1 (162 bytes x86)
[PASS  ] bb_libsurfaceflinger_2970cc_c2 (162 bytes x86)
[PASS  ] bb_libsurfaceflinger_2970e0_c0 (162 bytes x86)
[PASS  ] bb_libsurfaceflinger_2970e0_c1 (162 bytes x86)
[PASS  ] bb_libsurfaceflinger_2970e0_c2 (162 bytes x86)
[PASS  ] bb_libsurfaceflinger_2970f4_c0 (228 bytes x86)
[PASS  ] bb_libsurfaceflinger_2970f4_c1 (228 bytes x86)
[PASS  ] bb_libsurfaceflinger_2970f4_c2 (228 bytes x86)
[SKIP  ] bb_libsurfaceflinger_297104_c0 reference: unsupported insn 0x1e270102
[SKIP  ] bb_libsurfaceflinger_297104_c1 reference: unsupported insn 0x1e270102
[SKIP  ] bb_libsurfaceflinger_297104_c2 reference: unsupported insn 0x1e270102
[SKIP  ] bb_libsurfaceflinger_297124_c0 reference: unsupported insn 0x1e270102
[SKIP  ] bb_libsurfaceflinger_297124_c1 reference: unsupported insn 0x1e270102
[SKIP  ] bb_libsurfaceflinger_297124_c2 reference: unsupported insn 0x1e270102
[SKIP  ] bb_libsurfaceflinger_297154_c0 reference: unsupported insn 0x1e270102
[SKIP  ] bb_libsurfaceflinger_297154_c1 reference: unsupported insn 0x1e270102
[SKIP  ] bb_libsurfaceflinger_297154_c2 reference: unsupported insn 0x1e270102
[SKIP  ] bb_libsurfaceflinger_297214_c0 reference: unsupported insn 0x1e270101
[SKIP  ] bb_libsurfaceflinger_297214_c1 reference: unsupported insn 0x1e270101
[SKIP  ] bb_libsurfaceflinger_297214_c2 reference: unsupported insn 0x1e270101
[SKIP  ] bb_libsurfaceflinger_297234_c0 reference: unsupported insn 0x1e270101
[SKIP  ] bb_libsurfaceflinger_297234_c1 reference: unsupported insn 0x1e270101
[SKIP  ] bb_libsurfaceflinger_297234_c2 reference: unsupported insn 0x1e270101
[SKIP  ] bb_libsurfaceflinger_297264_c0 reference: unsupported insn 0x1e270101
[SKIP  ] bb_libsurfaceflinger_297264_c1 reference: unsupported insn 0x1e270101
[SKIP  ] bb_libsurfaceflinger_297264_c2 reference: unsupported insn 0x1e270101
[SKIP  ] bb_libsurfaceflinger_297460_c0 reference: unsupported insn 0x0f066461
[SKIP  ] bb_libsurfaceflinger_297460_c1 reference: unsupported insn 0x0f066461
[SKIP  ] bb_libsurfaceflinger_297460_c2 reference: unsupported insn 0x0f066461
[SKIP  ] bb_libsurfaceflinger_297484_c0 reference: unsupported insn 0x5ea1b801
[SKIP  ] bb_libsurfaceflinger_297484_c1 reference: unsupported insn 0x5ea1b801
[SKIP  ] bb_libsurfaceflinger_297484_c2 reference: unsupported insn 0x5ea1b801
[PASS  ] bb_libsurfaceflinger_297f48_c0 (415 bytes x86)
[PASS  ] bb_libsurfaceflinger_297f48_c1 (415 bytes x86)
[PASS  ] bb_libsurfaceflinger_297f48_c2 (415 bytes x86)
[SKIP  ] bb_libsurfaceflinger_297f68_c0 reference: unsupported insn 0x1e2e1000
[SKIP  ] bb_libsurfaceflinger_297f68_c1 reference: unsupported insn 0x1e2e1000
[SKIP  ] bb_libsurfaceflinger_297f68_c2 reference: unsupported insn 0x1e2e1000
[PASS  ] bb_libsurfaceflinger_298608_c0 (126 bytes x86)
[PASS  ] bb_libsurfaceflinger_298608_c1 (126 bytes x86)
[PASS  ] bb_libsurfaceflinger_298608_c2 (126 bytes x86)
[SKIP  ] bb_libsurfaceflinger_298678_c0 reference: unsupported insn 0x1e260008
[SKIP  ] bb_libsurfaceflinger_298678_c1 reference: unsupported insn 0x1e260008
[SKIP  ] bb_libsurfaceflinger_298678_c2 reference: unsupported insn 0x1e260008
[PASS  ] bb_libsurfaceflinger_298738_c0 (133 bytes x86)
[PASS  ] bb_libsurfaceflinger_298738_c1 (133 bytes x86)
[PASS  ] bb_libsurfaceflinger_298738_c2 (133 bytes x86)
[SKIP  ] bb_libsurfaceflinger_299428_c0 reference: unsupported insn 0x1e240008
[SKIP  ] bb_libsurfaceflinger_299428_c1 reference: unsupported insn 0x1e240008
[SKIP  ] bb_libsurfaceflinger_299428_c2 reference: unsupported insn 0x1e240008
[SKIP  ] bb_libsurfaceflinger_29f18c_c0 reference: unsupported insn 0x9e29000a
[SKIP  ] bb_libsurfaceflinger_29f18c_c1 reference: unsupported insn 0x9e29000a
[SKIP  ] bb_libsurfaceflinger_29f18c_c2 reference: unsupported insn 0x9e29000a
[PASS  ] bb_libsurfaceflinger_2a03bc_c0 (103 bytes x86)
[PASS  ] bb_libsurfaceflinger_2a03bc_c1 (103 bytes x86)
[PASS  ] bb_libsurfaceflinger_2a03bc_c2 (103 bytes x86)
[SKIP  ] bb_libsurfaceflinger_2a3038_c0 reference: unsupported insn 0x9e290009
[SKIP  ] bb_libsurfaceflinger_2a3038_c1 reference: unsupported insn 0x9e290009
[SKIP  ] bb_libsurfaceflinger_2a3038_c2 reference: unsupported insn 0x9e290009
[SKIP  ] bb_libsurfaceflinger_2a3e80_c0 reference: unsupported insn 0x6f00e402
[SKIP  ] bb_libsurfaceflinger_2a3e80_c1 reference: unsupported insn 0x6f00e402
[SKIP  ] bb_libsurfaceflinger_2a3e80_c2 reference: unsupported insn 0x6f00e402
[SKIP  ] bb_libsurfaceflinger_2a3ec8_c0 reference: unsupported insn 0x1e260048
[SKIP  ] bb_libsurfaceflinger_2a3ec8_c1 reference: unsupported insn 0x1e260048
[SKIP  ] bb_libsurfaceflinger_2a3ec8_c2 reference: unsupported insn 0x1e260048
[PASS  ] bb_libsurfaceflinger_2a3edc_c0 (405 bytes x86)
[PASS  ] bb_libsurfaceflinger_2a3edc_c1 (405 bytes x86)
[PASS  ] bb_libsurfaceflinger_2a3edc_c2 (405 bytes x86)
[SKIP  ] bb_libsurfaceflinger_2a4684_c0 reference: unsupported insn 0x1e6f1000
[SKIP  ] bb_libsurfaceflinger_2a4684_c1 reference: unsupported insn 0x1e6f1000
[SKIP  ] bb_libsurfaceflinger_2a4684_c2 reference: unsupported insn 0x1e6f1000
[SKIP  ] bb_libsurfaceflinger_2a4bc4_c0 reference: unsupported insn 0x1e6e1000
[SKIP  ] bb_libsurfaceflinger_2a4bc4_c1 reference: unsupported insn 0x1e6e1000
[SKIP  ] bb_libsurfaceflinger_2a4bc4_c2 reference: unsupported insn 0x1e6e1000
[SKIP  ] bb_libsurfaceflinger_2a6ad8_c0 reference: unsupported insn 0x1e270100
[SKIP  ] bb_libsurfaceflinger_2a6ad8_c1 reference: unsupported insn 0x1e270100
[SKIP  ] bb_libsurfaceflinger_2a6ad8_c2 reference: unsupported insn 0x1e270100
[SKIP  ] bb_libsurfaceflinger_2a7bf0_c0 reference: unsupported insn 0x7ea0d440
[SKIP  ] bb_libsurfaceflinger_2a7bf0_c1 reference: unsupported insn 0x7ea0d440
[SKIP  ] bb_libsurfaceflinger_2a7bf0_c2 reference: unsupported insn 0x7ea0d440
[SKIP  ] bb_libsurfaceflinger_2a7dd0_c0 reference: unsupported insn 0x7ea1d401
[SKIP  ] bb_libsurfaceflinger_2a7dd0_c1 reference: unsupported insn 0x7ea1d401
[SKIP  ] bb_libsurfaceflinger_2a7dd0_c2 reference: unsupported insn 0x7ea1d401
[PASS  ] bb_libsurfaceflinger_2a7e64_c0 (286 bytes x86)
[PASS  ] bb_libsurfaceflinger_2a7e64_c1 (286 bytes x86)
[PASS  ] bb_libsurfaceflinger_2a7e64_c2 (286 bytes x86)
[SKIP  ] bb_libsurfaceflinger_2a80e0_c0 reference: unsupported insn 0x7ea1d400
[SKIP  ] bb_libsurfaceflinger_2a80e0_c1 reference: unsupported insn 0x7ea1d400
[SKIP  ] bb_libsurfaceflinger_2a80e0_c2 reference: unsupported insn 0x7ea1d400
[SKIP  ] bb_libsurfaceflinger_2aadf0_c0 reference: unsupported insn 0x9e670100
[SKIP  ] bb_libsurfaceflinger_2aadf0_c1 reference: unsupported insn 0x9e670100
[SKIP  ] bb_libsurfaceflinger_2aadf0_c2 reference: unsupported insn 0x9e670100
[SKIP  ] bb_libsurfaceflinger_2ab6f8_c0 reference: unsupported insn 0x0e205800
[SKIP  ] bb_libsurfaceflinger_2ab6f8_c1 reference: unsupported insn 0x0e205800
[SKIP  ] bb_libsurfaceflinger_2ab6f8_c2 reference: unsupported insn 0x0e205800
[SKIP  ] bb_libsurfaceflinger_2ac014_c0 reference: unsupported insn 0x9e670120
[SKIP  ] bb_libsurfaceflinger_2ac014_c1 reference: unsupported insn 0x9e670120
[SKIP  ] bb_libsurfaceflinger_2ac014_c2 reference: unsupported insn 0x9e670120
[SKIP  ] bb_libsurfaceflinger_2ac060_c0 reference: unsupported insn 0x9e670120
[SKIP  ] bb_libsurfaceflinger_2ac060_c1 reference: unsupported insn 0x9e670120
[SKIP  ] bb_libsurfaceflinger_2ac060_c2 reference: unsupported insn 0x9e670120
[PASS  ] bb_libsurfaceflinger_2ae1d0_c0 (335 bytes x86)
[PASS  ] bb_libsurfaceflinger_2ae1d0_c1 (335 bytes x86)
[PASS  ] bb_libsurfaceflinger_2ae1d0_c2 (335 bytes x86)
[PASS  ] bb_libsurfaceflinger_2ae340_c0 (300 bytes x86)
[PASS  ] bb_libsurfaceflinger_2ae340_c1 (300 bytes x86)
[PASS  ] bb_libsurfaceflinger_2ae340_c2 (300 bytes x86)
[SKIP  ] bb_libsurfaceflinger_2ae350_c0 reference: unsupported insn 0x1e260128
[SKIP  ] bb_libsurfaceflinger_2ae350_c1 reference: unsupported insn 0x1e260128
[SKIP  ] bb_libsurfaceflinger_2ae350_c2 reference: unsupported insn 0x1e260128
[PASS  ] bb_libsurfaceflinger_2ae514_c0 (361 bytes x86)
[PASS  ] bb_libsurfaceflinger_2ae514_c1 (361 bytes x86)
[PASS  ] bb_libsurfaceflinger_2ae514_c2 (361 bytes x86)
[SKIP  ] bb_libsurfaceflinger_2ae59c_c0 reference: unsupported insn 0x2f00e406
[SKIP  ] bb_libsurfaceflinger_2ae59c_c1 reference: unsupported insn 0x2f00e406
[SKIP  ] bb_libsurfaceflinger_2ae59c_c2 reference: unsupported insn 0x2f00e406
[SKIP  ] bb_libsurfaceflinger_2ae5b4_c0 reference: unsupported insn 0x1e260108
[SKIP  ] bb_libsurfaceflinger_2ae5b4_c1 reference: unsupported insn 0x1e260108
[SKIP  ] bb_libsurfaceflinger_2ae5b4_c2 reference: unsupported insn 0x1e260108
[PASS  ] bb_libsurfaceflinger_2ae624_c0 (384 bytes x86)
[PASS  ] bb_libsurfaceflinger_2ae624_c1 (384 bytes x86)
[PASS  ] bb_libsurfaceflinger_2ae624_c2 (384 bytes x86)
[PASS  ] bb_libsurfaceflinger_2aebbc_c0 (355 bytes x86)
[PASS  ] bb_libsurfaceflinger_2aebbc_c1 (355 bytes x86)
[PASS  ] bb_libsurfaceflinger_2aebbc_c2 (355 bytes x86)
[SKIP  ] bb_libsurfaceflinger_2aebdc_c0 reference: unsupported insn 0x5e0c0462
[SKIP  ] bb_libsurfaceflinger_2aebdc_c1 reference: unsupported insn 0x5e0c0462
[SKIP  ] bb_libsurfaceflinger_2aebdc_c2 reference: unsupported insn 0x5e0c0462
[PASS  ] bb_libsurfaceflinger_2af70c_c0 (638 bytes x86)
[PASS  ] bb_libsurfaceflinger_2af70c_c1 (638 bytes x86)
[PASS  ] bb_libsurfaceflinger_2af70c_c2 (638 bytes x86)
[PASS  ] bb_libsurfaceflinger_2af7e8_c0 (318 bytes x86)
[PASS  ] bb_libsurfaceflinger_2af7e8_c1 (318 bytes x86)
[PASS  ] bb_libsurfaceflinger_2af7e8_c2 (318 bytes x86)
[SKIP  ] bb_libsurfaceflinger_2af9f4_c0 reference: unsupported insn 0x1e270101
[SKIP  ] bb_libsurfaceflinger_2af9f4_c1 reference: unsupported insn 0x1e270101
[SKIP  ] bb_libsurfaceflinger_2af9f4_c2 reference: unsupported insn 0x1e270101
[SKIP  ] bb_libsurfaceflinger_2afa88_c0 reference: unsupported insn 0x1e270100
[SKIP  ] bb_libsurfaceflinger_2afa88_c1 reference: unsupported insn 0x1e270100
[SKIP  ] bb_libsurfaceflinger_2afa88_c2 reference: unsupported insn 0x1e270100
[SKIP  ] bb_libsurfaceflinger_2afc30_c0 reference: unsupported insn 0x1e260001
[SKIP  ] bb_libsurfaceflinger_2afc30_c1 reference: unsupported insn 0x1e260001
[SKIP  ] bb_libsurfaceflinger_2afc30_c2 reference: unsupported insn 0x1e260001
[SKIP  ] bb_libsurfaceflinger_2afccc_c0 reference: unsupported insn 0x2f00e404
[SKIP  ] bb_libsurfaceflinger_2afccc_c1 reference: unsupported insn 0x2f00e404
[SKIP  ] bb_libsurfaceflinger_2afccc_c2 reference: unsupported insn 0x2f00e404
[SKIP  ] bb_libsurfaceflinger_2afe90_c0 reference: unsupported insn 0x4f0167e2
[SKIP  ] bb_libsurfaceflinger_2afe90_c1 reference: unsupported insn 0x4f0167e2
[SKIP  ] bb_libsurfaceflinger_2afe90_c2 reference: unsupported insn 0x4f0167e2
[SKIP  ] bb_libsurfaceflinger_2afeb0_c0 reference: unsupported insn 0x4ea1b800
[SKIP  ] bb_libsurfaceflinger_2afeb0_c1 reference: unsupported insn 0x4ea1b800
[SKIP  ] bb_libsurfaceflinger_2afeb0_c2 reference: unsupported insn 0x4ea1b800
[SKIP  ] bb_libsurfaceflinger_2b00e0_c0 reference: unsupported insn 0x1e2e1005
[SKIP  ] bb_libsurfaceflinger_2b00e0_c1 reference: unsupported insn 0x1e2e1005
[SKIP  ] bb_libsurfaceflinger_2b00e0_c2 reference: unsupported insn 0x1e2e1005
[PASS  ] bb_libsurfaceflinger_2b0140_c0 (408 bytes x86)
[PASS  ] bb_libsurfaceflinger_2b0140_c1 (408 bytes x86)
[PASS  ] bb_libsurfaceflinger_2b0140_c2 (408 bytes x86)
[SKIP  ] bb_libsurfaceflinger_2b0160_c0 reference: unsupported insn 0x5e0c04a6
[SKIP  ] bb_libsurfaceflinger_2b0160_c1 reference: unsupported insn 0x5e0c04a6
[SKIP  ] bb_libsurfaceflinger_2b0160_c2 reference: unsupported insn 0x5e0c04a6
[PASS  ] bb_libsurfaceflinger_2b0208_c0 (435 bytes x86)
[PASS  ] bb_libsurfaceflinger_2b0208_c1 (435 bytes x86)
[PASS  ] bb_libsurfaceflinger_2b0208_c2 (435 bytes x86)
[SKIP  ] bb_libsurfaceflinger_2b0228_c0 reference: unsupported insn 0x5e0c04a6
[SKIP  ] bb_libsurfaceflinger_2b0228_c1 reference: unsupported insn 0x5e0c04a6
[SKIP  ] bb_libsurfaceflinger_2b0228_c2 reference: unsupported insn 0x5e0c04a6
[SKIP  ] bb_libsurfaceflinger_2b0248_c0 reference: unsupported insn 0x5e0c0444
[SKIP  ] bb_libsurfaceflinger_2b0248_c1 reference: unsupported insn 0x5e0c0444
[SKIP  ] bb_libsurfaceflinger_2b0248_c2 reference: unsupported insn 0x5e0c0444
[SKIP  ] bb_libsurfaceflinger_2b04d8_c0 reference: unsupported insn 0x1e270102
[SKIP  ] bb_libsurfaceflinger_2b04d8_c1 reference: unsupported insn 0x1e270102
[SKIP  ] bb_libsurfaceflinger_2b04d8_c2 reference: unsupported insn 0x1e270102
[SKIP  ] bb_libsurfaceflinger_2b04ec_c0 reference: unsupported insn 0x7ea0d420
[SKIP  ] bb_libsurfaceflinger_2b04ec_c1 reference: unsupported insn 0x7ea0d420
[SKIP  ] bb_libsurfaceflinger_2b04ec_c2 reference: unsupported insn 0x7ea0d420
[SKIP  ] bb_libsurfaceflinger_2b0504_c0 reference: unsupported insn 0x7ea0d424
[SKIP  ] bb_libsurfaceflinger_2b0504_c1 reference: unsupported insn 0x7ea0d424
[SKIP  ] bb_libsurfaceflinger_2b0504_c2 reference: unsupported insn 0x7ea0d424
[PASS  ] bb_libsurfaceflinger_2b0510_c0 (235 bytes x86)
[PASS  ] bb_libsurfaceflinger_2b0510_c1 (235 bytes x86)
[PASS  ] bb_libsurfaceflinger_2b0510_c2 (235 bytes x86)
[PASS  ] bb_libsurfaceflinger_2b0520_c0 (235 bytes x86)
[PASS  ] bb_libsurfaceflinger_2b0520_c1 (235 bytes x86)
[PASS  ] bb_libsurfaceflinger_2b0520_c2 (235 bytes x86)
[SKIP  ] bb_libsurfaceflinger_2b0530_c0 reference: unsupported insn 0x7ea3d440
[SKIP  ] bb_libsurfaceflinger_2b0530_c1 reference: unsupported insn 0x7ea3d440
[SKIP  ] bb_libsurfaceflinger_2b0530_c2 reference: unsupported insn 0x7ea3d440
[SKIP  ] bb_libsurfaceflinger_2b06c4_c0 reference: unsupported insn 0x1e260009
[SKIP  ] bb_libsurfaceflinger_2b06c4_c1 reference: unsupported insn 0x1e260009
[SKIP  ] bb_libsurfaceflinger_2b06c4_c2 reference: unsupported insn 0x1e260009
[SKIP  ] bb_libsurfaceflinger_2b06d4_c0 reference: unsupported insn 0x1e260029
[SKIP  ] bb_libsurfaceflinger_2b06d4_c1 reference: unsupported insn 0x1e260029
[SKIP  ] bb_libsurfaceflinger_2b06d4_c2 reference: unsupported insn 0x1e260029
[SKIP  ] bb_libsurfaceflinger_2b06e0_c0 reference: unsupported insn 0x2f00e401
[SKIP  ] bb_libsurfaceflinger_2b06e0_c1 reference: unsupported insn 0x2f00e401
[SKIP  ] bb_libsurfaceflinger_2b06e0_c2 reference: unsupported insn 0x2f00e401
[PASS  ] bb_libsurfaceflinger_2b074c_c0 (429 bytes x86)
[PASS  ] bb_libsurfaceflinger_2b074c_c1 (429 bytes x86)
[PASS  ] bb_libsurfaceflinger_2b074c_c2 (429 bytes x86)
[SKIP  ] bb_libsurfaceflinger_2b07ec_c0 reference: unsupported insn 0x2f00e400
[SKIP  ] bb_libsurfaceflinger_2b07ec_c1 reference: unsupported insn 0x2f00e400
[SKIP  ] bb_libsurfaceflinger_2b07ec_c2 reference: unsupported insn 0x2f00e400
[SKIP  ] bb_libsurfaceflinger_2b08b0_c0 reference: unsupported insn 0x5e0c0431
[SKIP  ] bb_libsurfaceflinger_2b08b0_c1 reference: unsupported insn 0x5e0c0431
[SKIP  ] bb_libsurfaceflinger_2b08b0_c2 reference: unsupported insn 0x5e0c0431
[PASS  ] bb_libsurfaceflinger_2b08d0_c0 (798 bytes x86)
[PASS  ] bb_libsurfaceflinger_2b08d0_c1 (798 bytes x86)
[PASS  ] bb_libsurfaceflinger_2b08d0_c2 (798 bytes x86)
[SKIP  ] bb_libsurfaceflinger_2b0970_c0 reference: unsupported insn 0x2f00e402
[SKIP  ] bb_libsurfaceflinger_2b0970_c1 reference: unsupported insn 0x2f00e402
[SKIP  ] bb_libsurfaceflinger_2b0970_c2 reference: unsupported insn 0x2f00e402
[SKIP  ] bb_libsurfaceflinger_2b0b98_c0 reference: unsupported insn 0x6f00e403
[SKIP  ] bb_libsurfaceflinger_2b0b98_c1 reference: unsupported insn 0x6f00e403
[SKIP  ] bb_libsurfaceflinger_2b0b98_c2 reference: unsupported insn 0x6f00e403
[SKIP  ] bb_libsurfaceflinger_2b0cf0_c0 reference: unsupported insn 0x1e6e1008
[SKIP  ] bb_libsurfaceflinger_2b0cf0_c1 reference: unsupported insn 0x1e6e1008
[SKIP  ] bb_libsurfaceflinger_2b0cf0_c2 reference: unsupported insn 0x1e6e1008
[PASS  ] bb_libsurfaceflinger_2b0d10_c0 (180 bytes x86)
[PASS  ] bb_libsurfaceflinger_2b0d10_c1 (180 bytes x86)
[PASS  ] bb_libsurfaceflinger_2b0d10_c2 (180 bytes x86)
[PASS  ] bb_libsurfaceflinger_2b0d84_c0 (219 bytes x86)
[PASS  ] bb_libsurfaceflinger_2b0d84_c1 (219 bytes x86)
[PASS  ] bb_libsurfaceflinger_2b0d84_c2 (219 bytes x86)
[PASS  ] bb_libsurfaceflinger_2b0d94_c0 (168 bytes x86)
[PASS  ] bb_libsurfaceflinger_2b0d94_c1 (168 bytes x86)
[PASS  ] bb_libsurfaceflinger_2b0d94_c2 (168 bytes x86)
[PASS  ] bb_libsurfaceflinger_2b0db8_c0 (168 bytes x86)
[PASS  ] bb_libsurfaceflinger_2b0db8_c1 (168 bytes x86)
[PASS  ] bb_libsurfaceflinger_2b0db8_c2 (168 bytes x86)
[PASS  ] bb_libsurfaceflinger_2b0dd8_c0 (168 bytes x86)
[PASS  ] bb_libsurfaceflinger_2b0dd8_c1 (168 bytes x86)
[PASS  ] bb_libsurfaceflinger_2b0dd8_c2 (168 bytes x86)
[PASS  ] bb_libsurfaceflinger_2b0df8_c0 (168 bytes x86)
[PASS  ] bb_libsurfaceflinger_2b0df8_c1 (168 bytes x86)
[PASS  ] bb_libsurfaceflinger_2b0df8_c2 (168 bytes x86)
[SKIP  ] bb_libsurfaceflinger_2b0ebc_c0 reference: unsupported insn 0x1e6e1002
[SKIP  ] bb_libsurfaceflinger_2b0ebc_c1 reference: unsupported insn 0x1e6e1002
[SKIP  ] bb_libsurfaceflinger_2b0ebc_c2 reference: unsupported insn 0x1e6e1002
[PASS  ] bb_libsurfaceflinger_2b0ecc_c0 (268 bytes x86)
[PASS  ] bb_libsurfaceflinger_2b0ecc_c1 (268 bytes x86)
[PASS  ] bb_libsurfaceflinger_2b0ecc_c2 (268 bytes x86)
[PASS  ] bb_libsurfaceflinger_2b0edc_c0 (268 bytes x86)
[PASS  ] bb_libsurfaceflinger_2b0edc_c1 (268 bytes x86)
[PASS  ] bb_libsurfaceflinger_2b0edc_c2 (268 bytes x86)
[PASS  ] bb_libsurfaceflinger_2b0eec_c0 (268 bytes x86)
[PASS  ] bb_libsurfaceflinger_2b0eec_c1 (268 bytes x86)
[PASS  ] bb_libsurfaceflinger_2b0eec_c2 (268 bytes x86)
[PASS  ] bb_libsurfaceflinger_2b0efc_c0 (125 bytes x86)
[PASS  ] bb_libsurfaceflinger_2b0efc_c1 (125 bytes x86)
[PASS  ] bb_libsurfaceflinger_2b0efc_c2 (125 bytes x86)
[PASS  ] bb_libsurfaceflinger_2b0f0c_c0 (168 bytes x86)
[PASS  ] bb_libsurfaceflinger_2b0f0c_c1 (168 bytes x86)
[PASS  ] bb_libsurfaceflinger_2b0f0c_c2 (168 bytes x86)
[PASS  ] bb_libsurfaceflinger_2b0f20_c0 (168 bytes x86)
[PASS  ] bb_libsurfaceflinger_2b0f20_c1 (168 bytes x86)
[PASS  ] bb_libsurfaceflinger_2b0f20_c2 (168 bytes x86)
[PASS  ] bb_libsurfaceflinger_2b0f34_c0 (168 bytes x86)
[PASS  ] bb_libsurfaceflinger_2b0f34_c1 (168 bytes x86)
[PASS  ] bb_libsurfaceflinger_2b0f34_c2 (168 bytes x86)
[SKIP  ] bb_libsurfaceflinger_2b0f6c_c0 reference: unsupported insn 0x1e224420
[SKIP  ] bb_libsurfaceflinger_2b0f6c_c1 reference: unsupported insn 0x1e224420
[SKIP  ] bb_libsurfaceflinger_2b0f6c_c2 reference: unsupported insn 0x1e224420
[PASS  ] bb_libsurfaceflinger_2b0f98_c0 (816 bytes x86)
[PASS  ] bb_libsurfaceflinger_2b0f98_c1 (816 bytes x86)
[PASS  ] bb_libsurfaceflinger_2b0f98_c2 (816 bytes x86)
[SKIP  ] bb_libsurfaceflinger_2b1060_c0 reference: unsupported insn 0x1e2c1003
[SKIP  ] bb_libsurfaceflinger_2b1060_c1 reference: unsupported insn 0x1e2c1003
[SKIP  ] bb_libsurfaceflinger_2b1060_c2 reference: unsupported insn 0x1e2c1003
[PASS  ] bb_libsurfaceflinger_2b10bc_c0 (233 bytes x86)
[PASS  ] bb_libsurfaceflinger_2b10bc_c1 (233 bytes x86)
[PASS  ] bb_libsurfaceflinger_2b10bc_c2 (233 bytes x86)
[PASS  ] bb_libsurfaceflinger_2b1104_c0 (205 bytes x86)
[PASS  ] bb_libsurfaceflinger_2b1104_c1 (205 bytes x86)
[PASS  ] bb_libsurfaceflinger_2b1104_c2 (205 bytes x86)
[PASS  ] bb_libsurfaceflinger_2b112c_c0 (179 bytes x86)
[PASS  ] bb_libsurfaceflinger_2b112c_c1 (179 bytes x86)
[PASS  ] bb_libsurfaceflinger_2b112c_c2 (179 bytes x86)
[PASS  ] bb_libsurfaceflinger_2b1138_c0 (179 bytes x86)
[PASS  ] bb_libsurfaceflinger_2b1138_c1 (179 bytes x86)
[PASS  ] bb_libsurfaceflinger_2b1138_c2 (179 bytes x86)
[PASS  ] bb_libsurfaceflinger_2b1144_c0 (179 bytes x86)
[PASS  ] bb_libsurfaceflinger_2b1144_c1 (179 bytes x86)
[PASS  ] bb_libsurfaceflinger_2b1144_c2 (179 bytes x86)
[PASS  ] bb_libsurfaceflinger_2b1160_c0 (179 bytes x86)
[PASS  ] bb_libsurfaceflinger_2b1160_c1 (179 bytes x86)
[PASS  ] bb_libsurfaceflinger_2b1160_c2 (179 bytes x86)
[PASS  ] bb_libsurfaceflinger_2b116c_c0 (179 bytes x86)
[PASS  ] bb_libsurfaceflinger_2b116c_c1 (179 bytes x86)
[PASS  ] bb_libsurfaceflinger_2b116c_c2 (179 bytes x86)
[PASS  ] bb_libsurfaceflinger_2b1178_c0 (179 bytes x86)
[PASS  ] bb_libsurfaceflinger_2b1178_c1 (179 bytes x86)
[PASS  ] bb_libsurfaceflinger_2b1178_c2 (179 bytes x86)
[PASS  ] bb_libsurfaceflinger_2b11a8_c0 (179 bytes x86)
[PASS  ] bb_libsurfaceflinger_2b11a8_c1 (179 bytes x86)
[PASS  ] bb_libsurfaceflinger_2b11a8_c2 (179 bytes x86)
[PASS  ] bb_libsurfaceflinger_2b11c4_c0 (179 bytes x86)
[PASS  ] bb_libsurfaceflinger_2b11c4_c1 (179 bytes x86)
[PASS  ] bb_libsurfaceflinger_2b11c4_c2 (179 bytes x86)
[PASS  ] bb_libsurfaceflinger_2b11d8_c0 (179 bytes x86)
[PASS  ] bb_libsurfaceflinger_2b11d8_c1 (179 bytes x86)
[PASS  ] bb_libsurfaceflinger_2b11d8_c2 (179 bytes x86)
[PASS  ] bb_libsurfaceflinger_2b11f4_c0 (179 bytes x86)
[PASS  ] bb_libsurfaceflinger_2b11f4_c1 (179 bytes x86)
[PASS  ] bb_libsurfaceflinger_2b11f4_c2 (179 bytes x86)
[PASS  ] bb_libsurfaceflinger_2b1208_c0 (179 bytes x86)
[PASS  ] bb_libsurfaceflinger_2b1208_c1 (179 bytes x86)
[PASS  ] bb_libsurfaceflinger_2b1208_c2 (179 bytes x86)
[PASS  ] bb_libsurfaceflinger_2b1224_c0 (179 bytes x86)
[PASS  ] bb_libsurfaceflinger_2b1224_c1 (179 bytes x86)
[PASS  ] bb_libsurfaceflinger_2b1224_c2 (179 bytes x86)
[PASS  ] bb_libsurfaceflinger_2b1238_c0 (179 bytes x86)
[PASS  ] bb_libsurfaceflinger_2b1238_c1 (179 bytes x86)
[PASS  ] bb_libsurfaceflinger_2b1238_c2 (179 bytes x86)
[PASS  ] bb_libsurfaceflinger_2b1254_c0 (179 bytes x86)
[PASS  ] bb_libsurfaceflinger_2b1254_c1 (179 bytes x86)
[PASS  ] bb_libsurfaceflinger_2b1254_c2 (179 bytes x86)
[PASS  ] bb_libsurfaceflinger_2b1268_c0 (179 bytes x86)
[PASS  ] bb_libsurfaceflinger_2b1268_c1 (179 bytes x86)
[PASS  ] bb_libsurfaceflinger_2b1268_c2 (179 bytes x86)
[PASS  ] bb_libsurfaceflinger_2b1284_c0 (179 bytes x86)
[PASS  ] bb_libsurfaceflinger_2b1284_c1 (179 bytes x86)
[PASS  ] bb_libsurfaceflinger_2b1284_c2 (179 bytes x86)
[PASS  ] bb_libsurfaceflinger_2b1298_c0 (179 bytes x86)
[PASS  ] bb_libsurfaceflinger_2b1298_c1 (179 bytes x86)
[PASS  ] bb_libsurfaceflinger_2b1298_c2 (179 bytes x86)
[PASS  ] bb_libsurfaceflinger_2b12c4_c0 (749 bytes x86)
[PASS  ] bb_libsurfaceflinger_2b12c4_c1 (749 bytes x86)
[PASS  ] bb_libsurfaceflinger_2b12c4_c2 (749 bytes x86)
[PASS  ] bb_libsurfaceflinger_2b12e4_c0 (764 bytes x86)
[PASS  ] bb_libsurfaceflinger_2b12e4_c1 (764 bytes x86)
[PASS  ] bb_libsurfaceflinger_2b12e4_c2 (764 bytes x86)
[SKIP  ] bb_libsurfaceflinger_2b1304_c0 reference: unsupported insn 0x1e2404c0
[SKIP  ] bb_libsurfaceflinger_2b1304_c1 reference: unsupported insn 0x1e2404c0
[SKIP  ] bb_libsurfaceflinger_2b1304_c2 reference: unsupported insn 0x1e2404c0
[SKIP  ] bb_libsurfaceflinger_2b1324_c0 reference: unsupported insn 0x1e260600
[SKIP  ] bb_libsurfaceflinger_2b1324_c1 reference: unsupported insn 0x1e260600
[SKIP  ] bb_libsurfaceflinger_2b1324_c2 reference: unsupported insn 0x1e260600
[PASS  ] bb_libsurfaceflinger_2b1344_c0 (639 bytes x86)
[PASS  ] bb_libsurfaceflinger_2b1344_c1 (639 bytes x86)
[PASS  ] bb_libsurfaceflinger_2b1344_c2 (639 bytes x86)
[SKIP  ] bb_libsurfaceflinger_2b13a0_c0 reference: unsupported insn 0x1e234440
[SKIP  ] bb_libsurfaceflinger_2b13a0_c1 reference: unsupported insn 0x1e234440
[SKIP  ] bb_libsurfaceflinger_2b13a0_c2 reference: unsupported insn 0x1e234440
[PASS  ] bb_libsurfaceflinger_2b13c8_c0 (587 bytes x86)
[PASS  ] bb_libsurfaceflinger_2b13c8_c1 (587 bytes x86)
[PASS  ] bb_libsurfaceflinger_2b13c8_c2 (587 bytes x86)
[PASS  ] bb_libsurfaceflinger_2b141c_c0 (587 bytes x86)
[PASS  ] bb_libsurfaceflinger_2b141c_c1 (587 bytes x86)
[PASS  ] bb_libsurfaceflinger_2b141c_c2 (587 bytes x86)
[SKIP  ] bb_libsurfaceflinger_2b1440_c0 reference: unsupported insn 0x1e6c1003
[SKIP  ] bb_libsurfaceflinger_2b1440_c1 reference: unsupported insn 0x1e6c1003
[SKIP  ] bb_libsurfaceflinger_2b1440_c2 reference: unsupported insn 0x1e6c1003
[SKIP  ] bb_libsurfaceflinger_2b1460_c0 reference: unsupported insn 0x7ea2d484
[SKIP  ] bb_libsurfaceflinger_2b1460_c1 reference: unsupported insn 0x7ea2d484
[SKIP  ] bb_libsurfaceflinger_2b1460_c2 reference: unsupported insn 0x7ea2d484
[SKIP  ] bb_libsurfaceflinger_2b146c_c0 reference: unsupported insn 0x1e270103
[SKIP  ] bb_libsurfaceflinger_2b146c_c1 reference: unsupported insn 0x1e270103
[SKIP  ] bb_libsurfaceflinger_2b146c_c2 reference: unsupported insn 0x1e270103
[SKIP  ] bb_libsurfaceflinger_2b1490_c0 reference: unsupported insn 0x7ea2d4c1
[SKIP  ] bb_libsurfaceflinger_2b1490_c1 reference: unsupported insn 0x7ea2d4c1
[SKIP  ] bb_libsurfaceflinger_2b1490_c2 reference: unsupported insn 0x7ea2d4c1
[SKIP  ] bb_libsurfaceflinger_2b14a0_c0 reference: unsupported insn 0x7ea0d4e1
[SKIP  ] bb_libsurfaceflinger_2b14a0_c1 reference: unsupported insn 0x7ea0d4e1
[SKIP  ] bb_libsurfaceflinger_2b14a0_c2 reference: unsupported insn 0x7ea0d4e1
[SKIP  ] bb_libsurfaceflinger_2b14b0_c0 reference: unsupported insn 0x7ea2d601
[SKIP  ] bb_libsurfaceflinger_2b14b0_c1 reference: unsupported insn 0x7ea2d601
[SKIP  ] bb_libsurfaceflinger_2b14b0_c2 reference: unsupported insn 0x7ea2d601
[SKIP  ] bb_libsurfaceflinger_2b14c0_c0 reference: unsupported insn 0x7ea0d621
[SKIP  ] bb_libsurfaceflinger_2b14c0_c1 reference: unsupported insn 0x7ea0d621
[SKIP  ] bb_libsurfaceflinger_2b14c0_c2 reference: unsupported insn 0x7ea0d621
[SKIP  ] bb_libsurfaceflinger_2b14d0_c0 reference: unsupported insn 0x7ea2d641
[SKIP  ] bb_libsurfaceflinger_2b14d0_c1 reference: unsupported insn 0x7ea2d641
[SKIP  ] bb_libsurfaceflinger_2b14d0_c2 reference: unsupported insn 0x7ea2d641
[SKIP  ] bb_libsurfaceflinger_2b14e0_c0 reference: unsupported insn 0x7ea0d660
[SKIP  ] bb_libsurfaceflinger_2b14e0_c1 reference: unsupported insn 0x7ea0d660
[SKIP  ] bb_libsurfaceflinger_2b14e0_c2 reference: unsupported insn 0x7ea0d660
[PASS  ] bb_libsurfaceflinger_2b14f4_c0 (543 bytes x86)
[PASS  ] bb_libsurfaceflinger_2b14f4_c1 (543 bytes x86)
[PASS  ] bb_libsurfaceflinger_2b14f4_c2 (543 bytes x86)
[PASS  ] bb_libsurfaceflinger_2b1514_c0 (584 bytes x86)
[PASS  ] bb_libsurfaceflinger_2b1514_c1 (584 bytes x86)
[PASS  ] bb_libsurfaceflinger_2b1514_c2 (584 bytes x86)
[PASS  ] bb_libsurfaceflinger_2b173c_c0 (179 bytes x86)
[PASS  ] bb_libsurfaceflinger_2b173c_c1 (179 bytes x86)
[PASS  ] bb_libsurfaceflinger_2b173c_c2 (179 bytes x86)
[PASS  ] bb_libsurfaceflinger_2b18e0_c0 (425 bytes x86)
[PASS  ] bb_libsurfaceflinger_2b18e0_c1 (425 bytes x86)
[PASS  ] bb_libsurfaceflinger_2b18e0_c2 (425 bytes x86)
[SKIP  ] bb_libsurfaceflinger_2b1aa8_c0 reference: unsupported insn 0x0e617846
[SKIP  ] bb_libsurfaceflinger_2b1aa8_c1 reference: unsupported insn 0x0e617846
[SKIP  ] bb_libsurfaceflinger_2b1aa8_c2 reference: unsupported insn 0x0e617846
[SKIP  ] bb_libsurfaceflinger_2b1ac8_c0 reference: unsupported insn 0x4e617863
[SKIP  ] bb_libsurfaceflinger_2b1ac8_c1 reference: unsupported insn 0x4e617863
[SKIP  ] bb_libsurfaceflinger_2b1ac8_c2 reference: unsupported insn 0x4e617863
[SKIP  ] bb_libsurfaceflinger_2b1ae8_c0 reference: unsupported insn 0x0e6168e7
[SKIP  ] bb_libsurfaceflinger_2b1ae8_c1 reference: unsupported insn 0x0e6168e7
[SKIP  ] bb_libsurfaceflinger_2b1ae8_c2 reference: unsupported insn 0x0e6168e7
[SKIP  ] bb_libsurfaceflinger_2b1b08_c0 reference: unsupported insn 0x0e616884
[SKIP  ] bb_libsurfaceflinger_2b1b08_c1 reference: unsupported insn 0x0e616884
[SKIP  ] bb_libsurfaceflinger_2b1b08_c2 reference: unsupported insn 0x0e616884
[SKIP  ] bb_libsurfaceflinger_2b1b28_c0 reference: unsupported insn 0x6f016624
[SKIP  ] bb_libsurfaceflinger_2b1b28_c1 reference: unsupported insn 0x6f016624
[SKIP  ] bb_libsurfaceflinger_2b1b28_c2 reference: unsupported insn 0x6f016624
[SKIP  ] bb_libsurfaceflinger_2b1c64_c0 reference: unsupported insn 0x2f00e401
[SKIP  ] bb_libsurfaceflinger_2b1c64_c1 reference: unsupported insn 0x2f00e401
[SKIP  ] bb_libsurfaceflinger_2b1c64_c2 reference: unsupported insn 0x2f00e401
[SKIP  ] bb_libsurfaceflinger_2b1ca8_c0 reference: unsupported insn 0x2f00e403
[SKIP  ] bb_libsurfaceflinger_2b1ca8_c1 reference: unsupported insn 0x2f00e403
[SKIP  ] bb_libsurfaceflinger_2b1ca8_c2 reference: unsupported insn 0x2f00e403
[PASS  ] bb_libsurfaceflinger_2b2134_c0 (104 bytes x86)
[PASS  ] bb_libsurfaceflinger_2b2134_c1 (104 bytes x86)
[PASS  ] bb_libsurfaceflinger_2b2134_c2 (104 bytes x86)
[SKIP  ] bb_libsurfaceflinger_2b2850_c0 reference: unsupported insn 0x9e670140
[SKIP  ] bb_libsurfaceflinger_2b2850_c1 reference: unsupported insn 0x9e670140
[SKIP  ] bb_libsurfaceflinger_2b2850_c2 reference: unsupported insn 0x9e670140
[SKIP  ] bb_libsurfaceflinger_2b8830_c0 reference: unsupported insn 0x9e670340
[SKIP  ] bb_libsurfaceflinger_2b8830_c1 reference: unsupported insn 0x9e670340
[SKIP  ] bb_libsurfaceflinger_2b8830_c2 reference: unsupported insn 0x9e670340
[SKIP  ] bb_libsurfaceflinger_2b8f58_c0 reference: unsupported insn 0x9e29000a
[SKIP  ] bb_libsurfaceflinger_2b8f58_c1 reference: unsupported insn 0x9e29000a
[SKIP  ] bb_libsurfaceflinger_2b8f58_c2 reference: unsupported insn 0x9e29000a
[SKIP  ] bb_libsurfaceflinger_2b95a8_c0 reference: unsupported insn 0x9e670100
[SKIP  ] bb_libsurfaceflinger_2b95a8_c1 reference: unsupported insn 0x9e670100
[SKIP  ] bb_libsurfaceflinger_2b95a8_c2 reference: unsupported insn 0x9e670100
[SKIP  ] bb_libsurfaceflinger_2b95c8_c0 reference: unsupported insn 0x0e205800
[SKIP  ] bb_libsurfaceflinger_2b95c8_c1 reference: unsupported insn 0x0e205800
[SKIP  ] bb_libsurfaceflinger_2b95c8_c2 reference: unsupported insn 0x0e205800
[PASS  ] bb_libsurfaceflinger_2ba130_c0 (263 bytes x86)
[PASS  ] bb_libsurfaceflinger_2ba130_c1 (263 bytes x86)
[PASS  ] bb_libsurfaceflinger_2ba130_c2 (263 bytes x86)
[SKIP  ] bb_libsurfaceflinger_2ba1bc_c0 reference: unsupported insn 0x9e29000a
[SKIP  ] bb_libsurfaceflinger_2ba1bc_c1 reference: unsupported insn 0x9e29000a
[SKIP  ] bb_libsurfaceflinger_2ba1bc_c2 reference: unsupported insn 0x9e29000a
[SKIP  ] bb_libsurfaceflinger_2ba424_c0 reference: unsupported insn 0x0e205800
[SKIP  ] bb_libsurfaceflinger_2ba424_c1 reference: unsupported insn 0x0e205800
[SKIP  ] bb_libsurfaceflinger_2ba424_c2 reference: unsupported insn 0x0e205800
[SKIP  ] bb_libsurfaceflinger_2ba444_c0 reference: unsupported insn 0x1e26000b
[SKIP  ] bb_libsurfaceflinger_2ba444_c1 reference: unsupported insn 0x1e26000b
[SKIP  ] bb_libsurfaceflinger_2ba444_c2 reference: unsupported insn 0x1e26000b
[SKIP  ] bb_libsurfaceflinger_2ba8a0_c0 reference: unsupported insn 0x1e270101
[SKIP  ] bb_libsurfaceflinger_2ba8a0_c1 reference: unsupported insn 0x1e270101
[SKIP  ] bb_libsurfaceflinger_2ba8a0_c2 reference: unsupported insn 0x1e270101
[SKIP  ] bb_libsurfaceflinger_2bae28_c0 reference: unsupported insn 0x1e260008
[SKIP  ] bb_libsurfaceflinger_2bae28_c1 reference: unsupported insn 0x1e260008
[SKIP  ] bb_libsurfaceflinger_2bae28_c2 reference: unsupported insn 0x1e260008
[SKIP  ] bb_libsurfaceflinger_2bb768_c0 reference: unsupported insn 0x1e270100
[SKIP  ] bb_libsurfaceflinger_2bb768_c1 reference: unsupported insn 0x1e270100
[SKIP  ] bb_libsurfaceflinger_2bb768_c2 reference: unsupported insn 0x1e270100
[SKIP  ] bb_libsurfaceflinger_2bbb44_c0 reference: unsupported insn 0x5e0c04d1
[SKIP  ] bb_libsurfaceflinger_2bbb44_c1 reference: unsupported insn 0x5e0c04d1
[SKIP  ] bb_libsurfaceflinger_2bbb44_c2 reference: unsupported insn 0x5e0c04d1
[SKIP  ] bb_libsurfaceflinger_2bbb64_c0 reference: unsupported insn 0x5e0c04b7
[SKIP  ] bb_libsurfaceflinger_2bbb64_c1 reference: unsupported insn 0x5e0c04b7
[SKIP  ] bb_libsurfaceflinger_2bbb64_c2 reference: unsupported insn 0x5e0c04b7
[SKIP  ] bb_libsurfaceflinger_2bbb84_c0 reference: unsupported insn 0x5e140616
[SKIP  ] bb_libsurfaceflinger_2bbb84_c1 reference: unsupported insn 0x5e140616
[SKIP  ] bb_libsurfaceflinger_2bbb84_c2 reference: unsupported insn 0x5e140616
[SKIP  ] bb_libsurfaceflinger_2bbc28_c0 reference: unsupported insn 0x5e0c04d7
[SKIP  ] bb_libsurfaceflinger_2bbc28_c1 reference: unsupported insn 0x5e0c04d7
[SKIP  ] bb_libsurfaceflinger_2bbc28_c2 reference: unsupported insn 0x5e0c04d7
[SKIP  ] bb_libsurfaceflinger_2bc040_c0 reference: unsupported insn 0x5fa79003
[SKIP  ] bb_libsurfaceflinger_2bc040_c1 reference: unsupported insn 0x5fa79003
[SKIP  ] bb_libsurfaceflinger_2bc040_c2 reference: unsupported insn 0x5fa79003
[PASS  ] bb_libsurfaceflinger_2bc060_c0 (219 bytes x86)
[PASS  ] bb_libsurfaceflinger_2bc060_c1 (219 bytes x86)
[PASS  ] bb_libsurfaceflinger_2bc060_c2 (219 bytes x86)
[PASS  ] bb_libsurfaceflinger_2bc504_c0 (254 bytes x86)
[PASS  ] bb_libsurfaceflinger_2bc504_c1 (254 bytes x86)
[PASS  ] bb_libsurfaceflinger_2bc504_c2 (254 bytes x86)
[PASS  ] bb_libsurfaceflinger_2bc520_c0 (254 bytes x86)
[PASS  ] bb_libsurfaceflinger_2bc520_c1 (254 bytes x86)
[PASS  ] bb_libsurfaceflinger_2bc520_c2 (254 bytes x86)
[SKIP  ] bb_libsurfaceflinger_2bcf94_c0 reference: unsupported insn 0x6f00e400
[SKIP  ] bb_libsurfaceflinger_2bcf94_c1 reference: unsupported insn 0x6f00e400
[SKIP  ] bb_libsurfaceflinger_2bcf94_c2 reference: unsupported insn 0x6f00e400
[PASS  ] bb_libsurfaceflinger_2bd8a0_c0 (163 bytes x86)
[PASS  ] bb_libsurfaceflinger_2bd8a0_c1 (163 bytes x86)
[PASS  ] bb_libsurfaceflinger_2bd8a0_c2 (163 bytes x86)
[SKIP  ] bb_libsurfaceflinger_2be0c4_c0 reference: unsupported insn 0x1e2e1000
[SKIP  ] bb_libsurfaceflinger_2be0c4_c1 reference: unsupported insn 0x1e2e1000
[SKIP  ] bb_libsurfaceflinger_2be0c4_c2 reference: unsupported insn 0x1e2e1000
[PASS  ] bb_libsurfaceflinger_2be128_c0 (167 bytes x86)
[PASS  ] bb_libsurfaceflinger_2be128_c1 (167 bytes x86)
[PASS  ] bb_libsurfaceflinger_2be128_c2 (167 bytes x86)
[PASS  ] bb_libsurfaceflinger_2be164_c0 (125 bytes x86)
[PASS  ] bb_libsurfaceflinger_2be164_c1 (125 bytes x86)
[PASS  ] bb_libsurfaceflinger_2be164_c2 (125 bytes x86)
[PASS  ] bb_libsurfaceflinger_2be620_c0 (127 bytes x86)
[PASS  ] bb_libsurfaceflinger_2be620_c1 (127 bytes x86)
[PASS  ] bb_libsurfaceflinger_2be620_c2 (127 bytes x86)
[SKIP  ] bb_libsurfaceflinger_2be6c0_c0 reference: unsupported insn 0x0ea00821
[SKIP  ] bb_libsurfaceflinger_2be6c0_c1 reference: unsupported insn 0x0ea00821
[SKIP  ] bb_libsurfaceflinger_2be6c0_c2 reference: unsupported insn 0x0ea00821
[PASS  ] bb_libsurfaceflinger_2be870_c0 (298 bytes x86)
[PASS  ] bb_libsurfaceflinger_2be870_c1 (298 bytes x86)
[PASS  ] bb_libsurfaceflinger_2be870_c2 (298 bytes x86)
[SKIP  ] bb_libsurfaceflinger_2be8b8_c0 reference: unsupported insn 0x0f0167e2
[SKIP  ] bb_libsurfaceflinger_2be8b8_c1 reference: unsupported insn 0x0f0167e2
[SKIP  ] bb_libsurfaceflinger_2be8b8_c2 reference: unsupported insn 0x0f0167e2
[PASS  ] bb_libsurfaceflinger_2be8f8_c0 (308 bytes x86)
[PASS  ] bb_libsurfaceflinger_2be8f8_c1 (308 bytes x86)
[PASS  ] bb_libsurfaceflinger_2be8f8_c2 (308 bytes x86)
[PASS  ] bb_libsurfaceflinger_2be950_c0 (228 bytes x86)
[PASS  ] bb_libsurfaceflinger_2be950_c1 (228 bytes x86)
[PASS  ] bb_libsurfaceflinger_2be950_c2 (228 bytes x86)
[PASS  ] bb_libsurfaceflinger_2be960_c0 (287 bytes x86)
[PASS  ] bb_libsurfaceflinger_2be960_c1 (287 bytes x86)
[PASS  ] bb_libsurfaceflinger_2be960_c2 (287 bytes x86)
[SKIP  ] bb_libsurfaceflinger_2be974_c0 reference: unsupported insn 0x1e260008
[SKIP  ] bb_libsurfaceflinger_2be974_c1 reference: unsupported insn 0x1e260008
[SKIP  ] bb_libsurfaceflinger_2be974_c2 reference: unsupported insn 0x1e260008
[PASS  ] bb_libsurfaceflinger_2be998_c0 (163 bytes x86)
[PASS  ] bb_libsurfaceflinger_2be998_c1 (163 bytes x86)
[PASS  ] bb_libsurfaceflinger_2be998_c2 (163 bytes x86)
[PASS  ] bb_libsurfaceflinger_2be9a8_c0 (163 bytes x86)
[PASS  ] bb_libsurfaceflinger_2be9a8_c1 (163 bytes x86)
[PASS  ] bb_libsurfaceflinger_2be9a8_c2 (163 bytes x86)
[PASS  ] bb_libsurfaceflinger_2beb04_c0 (288 bytes x86)
[PASS  ] bb_libsurfaceflinger_2beb04_c1 (288 bytes x86)
[PASS  ] bb_libsurfaceflinger_2beb04_c2 (288 bytes x86)
[SKIP  ] bb_libsurfaceflinger_2bebbc_c0 reference: unsupported insn 0x1e270103
[SKIP  ] bb_libsurfaceflinger_2bebbc_c1 reference: unsupported insn 0x1e270103
[SKIP  ] bb_libsurfaceflinger_2bebbc_c2 reference: unsupported insn 0x1e270103
[SKIP  ] bb_libsurfaceflinger_2bebdc_c0 reference: unsupported insn 0x1e260008
[SKIP  ] bb_libsurfaceflinger_2bebdc_c1 reference: unsupported insn 0x1e260008
[SKIP  ] bb_libsurfaceflinger_2bebdc_c2 reference: unsupported insn 0x1e260008
[SKIP  ] bb_libsurfaceflinger_2bed3c_c0 reference: unsupported insn 0x0ea00821
[SKIP  ] bb_libsurfaceflinger_2bed3c_c1 reference: unsupported insn 0x0ea00821
[SKIP  ] bb_libsurfaceflinger_2bed3c_c2 reference: unsupported insn 0x0ea00821
[SKIP  ] bb_libsurfaceflinger_2bee14_c0 reference: unsupported insn 0x1e270101
[SKIP  ] bb_libsurfaceflinger_2bee14_c1 reference: unsupported insn 0x1e270101
[SKIP  ] bb_libsurfaceflinger_2bee14_c2 reference: unsupported insn 0x1e270101
[SKIP  ] bb_libsurfaceflinger_2bffcc_c0 reference: unsupported insn 0x1e270101
[SKIP  ] bb_libsurfaceflinger_2bffcc_c1 reference: unsupported insn 0x1e270101
[SKIP  ] bb_libsurfaceflinger_2bffcc_c2 reference: unsupported insn 0x1e270101
[SKIP  ] bb_libsurfaceflinger_2c0858_c0 reference: unsupported insn 0x0e205800
[SKIP  ] bb_libsurfaceflinger_2c0858_c1 reference: unsupported insn 0x0e205800
[SKIP  ] bb_libsurfaceflinger_2c0858_c2 reference: unsupported insn 0x0e205800
[SKIP  ] bb_libsurfaceflinger_2c0878_c0 reference: unsupported insn 0x1e26000a
[SKIP  ] bb_libsurfaceflinger_2c0878_c1 reference: unsupported insn 0x1e26000a
[SKIP  ] bb_libsurfaceflinger_2c0878_c2 reference: unsupported insn 0x1e26000a
[SKIP  ] bb_libsurfaceflinger_2c2060_c0 reference: unsupported insn 0x1e260008
[SKIP  ] bb_libsurfaceflinger_2c2060_c1 reference: unsupported insn 0x1e260008
[SKIP  ] bb_libsurfaceflinger_2c2060_c2 reference: unsupported insn 0x1e260008
[SKIP  ] bb_libsurfaceflinger_2c2090_c0 reference: unsupported insn 0x5fa39084
[SKIP  ] bb_libsurfaceflinger_2c2090_c1 reference: unsupported insn 0x5fa39084
[SKIP  ] bb_libsurfaceflinger_2c2090_c2 reference: unsupported insn 0x5fa39084
[SKIP  ] bb_libsurfaceflinger_2c20bc_c0 reference: unsupported insn 0x0f849021
[SKIP  ] bb_libsurfaceflinger_2c20bc_c1 reference: unsupported insn 0x0f849021
[SKIP  ] bb_libsurfaceflinger_2c20bc_c2 reference: unsupported insn 0x0f849021
[SKIP  ] bb_libsurfaceflinger_2c20e0_c0 reference: unsupported insn 0x1e2a1002
[SKIP  ] bb_libsurfaceflinger_2c20e0_c1 reference: unsupported insn 0x1e2a1002
[SKIP  ] bb_libsurfaceflinger_2c20e0_c2 reference: unsupported insn 0x1e2a1002
[PASS  ] bb_libsurfaceflinger_2c20f8_c0 (179 bytes x86)
[PASS  ] bb_libsurfaceflinger_2c20f8_c1 (179 bytes x86)
[PASS  ] bb_libsurfaceflinger_2c20f8_c2 (179 bytes x86)
[SKIP  ] bb_libsurfaceflinger_2c218c_c0 reference: unsupported insn 0x7a421908
[SKIP  ] bb_libsurfaceflinger_2c218c_c1 reference: unsupported insn 0x7a421908
[SKIP  ] bb_libsurfaceflinger_2c218c_c2 reference: unsupported insn 0x7a421908
[SKIP  ] bb_libsurfaceflinger_2c2200_c0 reference: unsupported insn 0x1e260048
[SKIP  ] bb_libsurfaceflinger_2c2200_c1 reference: unsupported insn 0x1e260048
[SKIP  ] bb_libsurfaceflinger_2c2200_c2 reference: unsupported insn 0x1e260048
[SKIP  ] bb_libsurfaceflinger_2c2214_c0 reference: unsupported insn 0x5e0c0421
[SKIP  ] bb_libsurfaceflinger_2c2214_c1 reference: unsupported insn 0x5e0c0421
[SKIP  ] bb_libsurfaceflinger_2c2214_c2 reference: unsupported insn 0x5e0c0421
[SKIP  ] bb_libsurfaceflinger_2c2250_c0 reference: unsupported insn 0x5e0c0420
[SKIP  ] bb_libsurfaceflinger_2c2250_c1 reference: unsupported insn 0x5e0c0420
[SKIP  ] bb_libsurfaceflinger_2c2250_c2 reference: unsupported insn 0x5e0c0420
[SKIP  ] bb_libsurfaceflinger_2c2334_c0 reference: unsupported insn 0x0f8190a2
[SKIP  ] bb_libsurfaceflinger_2c2334_c1 reference: unsupported insn 0x0f8190a2
[SKIP  ] bb_libsurfaceflinger_2c2334_c2 reference: unsupported insn 0x0f8190a2
[SKIP  ] bb_libsurfaceflinger_2c2354_c0 reference: unsupported insn 0x5e0c04e0
[SKIP  ] bb_libsurfaceflinger_2c2354_c1 reference: unsupported insn 0x5e0c04e0
[SKIP  ] bb_libsurfaceflinger_2c2354_c2 reference: unsupported insn 0x5e0c04e0
[SKIP  ] bb_libsurfaceflinger_2c2398_c0 reference: unsupported insn 0x5e0c0463
[SKIP  ] bb_libsurfaceflinger_2c2398_c1 reference: unsupported insn 0x5e0c0463
[SKIP  ] bb_libsurfaceflinger_2c2398_c2 reference: unsupported insn 0x5e0c0463
[SKIP  ] bb_libsurfaceflinger_2c23b4_c0 reference: unsupported insn 0x5e0c0442
[SKIP  ] bb_libsurfaceflinger_2c23b4_c1 reference: unsupported insn 0x5e0c0442
[SKIP  ] bb_libsurfaceflinger_2c23b4_c2 reference: unsupported insn 0x5e0c0442
[PASS  ] bb_libsurfaceflinger_2c23cc_c0 (282 bytes x86)
[PASS  ] bb_libsurfaceflinger_2c23cc_c1 (282 bytes x86)
[PASS  ] bb_libsurfaceflinger_2c23cc_c2 (282 bytes x86)
[PASS  ] bb_libsurfaceflinger_2c2404_c0 (635 bytes x86)
[PASS  ] bb_libsurfaceflinger_2c2404_c1 (635 bytes x86)
[PASS  ] bb_libsurfaceflinger_2c2404_c2 (635 bytes x86)
[SKIP  ] bb_libsurfaceflinger_2c248c_c0 reference: unsupported insn 0x0f8090e0
[SKIP  ] bb_libsurfaceflinger_2c248c_c1 reference: unsupported insn 0x0f8090e0
[SKIP  ] bb_libsurfaceflinger_2c248c_c2 reference: unsupported insn 0x0f8090e0
[SKIP  ] bb_libsurfaceflinger_2c2a44_c0 reference: unsupported insn 0x1e2702e0
[SKIP  ] bb_libsurfaceflinger_2c2a44_c1 reference: unsupported insn 0x1e2702e0
[SKIP  ] bb_libsurfaceflinger_2c2a44_c2 reference: unsupported insn 0x1e2702e0
[SKIP  ] bb_libsurfaceflinger_2c2a60_c0 reference: unsupported insn 0x1e270280
[SKIP  ] bb_libsurfaceflinger_2c2a60_c1 reference: unsupported insn 0x1e270280
[SKIP  ] bb_libsurfaceflinger_2c2a60_c2 reference: unsupported insn 0x1e270280
[SKIP  ] bb_libsurfaceflinger_2c5518_c0 reference: unsupported insn 0x9e670100
[SKIP  ] bb_libsurfaceflinger_2c5518_c1 reference: unsupported insn 0x9e670100
[SKIP  ] bb_libsurfaceflinger_2c5518_c2 reference: unsupported insn 0x9e670100
[SKIP  ] bb_libsurfaceflinger_2c5538_c0 reference: unsupported insn 0x0e205800
[SKIP  ] bb_libsurfaceflinger_2c5538_c1 reference: unsupported insn 0x0e205800
[SKIP  ] bb_libsurfaceflinger_2c5538_c2 reference: unsupported insn 0x0e205800
[SKIP  ] bb_libsurfaceflinger_2c5558_c0 reference: unsupported insn 0x1e260009
[SKIP  ] bb_libsurfaceflinger_2c5558_c1 reference: unsupported insn 0x1e260009
[SKIP  ] bb_libsurfaceflinger_2c5558_c2 reference: unsupported insn 0x1e260009
[SKIP  ] bb_libsurfaceflinger_2cb40c_c0 reference: unsupported insn 0x9e29000a
[SKIP  ] bb_libsurfaceflinger_2cb40c_c1 reference: unsupported insn 0x9e29000a
[SKIP  ] bb_libsurfaceflinger_2cb40c_c2 reference: unsupported insn 0x9e29000a
[SKIP  ] bb_libsurfaceflinger_2cc6e0_c0 reference: unsupported insn 0x9e660008
[SKIP  ] bb_libsurfaceflinger_2cc6e0_c1 reference: unsupported insn 0x9e660008
[SKIP  ] bb_libsurfaceflinger_2cc6e0_c2 reference: unsupported insn 0x9e660008
[SKIP  ] bb_libsurfaceflinger_2cd3c0_c0 reference: unsupported insn 0x1e19e428
[SKIP  ] bb_libsurfaceflinger_2cd3c0_c1 reference: unsupported insn 0x1e19e428
[SKIP  ] bb_libsurfaceflinger_2cd3c0_c2 reference: unsupported insn 0x1e19e428
[SKIP  ] bb_libsurfaceflinger_2cd79c_c0 reference: unsupported insn 0x1e260009
[SKIP  ] bb_libsurfaceflinger_2cd79c_c1 reference: unsupported insn 0x1e260009
[SKIP  ] bb_libsurfaceflinger_2cd79c_c2 reference: unsupported insn 0x1e260009
[SKIP  ] bb_libsurfaceflinger_2cd7e4_c0 reference: unsupported insn 0x1e6c1002
[SKIP  ] bb_libsurfaceflinger_2cd7e4_c1 reference: unsupported insn 0x1e6c1002
[SKIP  ] bb_libsurfaceflinger_2cd7e4_c2 reference: unsupported insn 0x1e6c1002
[SKIP  ] bb_libsurfaceflinger_2cd804_c0 reference: unsupported insn 0x1e270102
[SKIP  ] bb_libsurfaceflinger_2cd804_c1 reference: unsupported insn 0x1e270102
[SKIP  ] bb_libsurfaceflinger_2cd804_c2 reference: unsupported insn 0x1e270102
[SKIP  ] bb_libsurfaceflinger_2cdcb4_c0 reference: unsupported insn 0x5e0c0422
[SKIP  ] bb_libsurfaceflinger_2cdcb4_c1 reference: unsupported insn 0x5e0c0422
[SKIP  ] bb_libsurfaceflinger_2cdcb4_c2 reference: unsupported insn 0x5e0c0422
[PASS  ] bb_libsurfaceflinger_2cdcd4_c0 (501 bytes x86)
[PASS  ] bb_libsurfaceflinger_2cdcd4_c1 (501 bytes x86)
[PASS  ] bb_libsurfaceflinger_2cdcd4_c2 (501 bytes x86)
[SKIP  ] bb_libsurfaceflinger_2cdf44_c0 reference: unsupported insn 0x5fa09020
[SKIP  ] bb_libsurfaceflinger_2cdf44_c1 reference: unsupported insn 0x5fa09020
[SKIP  ] bb_libsurfaceflinger_2cdf44_c2 reference: unsupported insn 0x5fa09020
[PASS  ] bb_libsurfaceflinger_2cdfb8_c0 (592 bytes x86)
[PASS  ] bb_libsurfaceflinger_2cdfb8_c1 (592 bytes x86)
[PASS  ] bb_libsurfaceflinger_2cdfb8_c2 (592 bytes x86)
[SKIP  ] bb_libsurfaceflinger_2ced8c_c0 reference: unsupported insn 0x0f829021
[SKIP  ] bb_libsurfaceflinger_2ced8c_c1 reference: unsupported insn 0x0f829021
[SKIP  ] bb_libsurfaceflinger_2ced8c_c2 reference: unsupported insn 0x0f829021
[SKIP  ] bb_libsurfaceflinger_2cedac_c0 reference: unsupported insn 0x0f010404
[SKIP  ] bb_libsurfaceflinger_2cedac_c1 reference: unsupported insn 0x0f010404
[SKIP  ] bb_libsurfaceflinger_2cedac_c2 reference: unsupported insn 0x0f010404
[SKIP  ] bb_libsurfaceflinger_2cedcc_c0 reference: unsupported insn 0x1e260069
[SKIP  ] bb_libsurfaceflinger_2cedcc_c1 reference: unsupported insn 0x1e260069
[SKIP  ] bb_libsurfaceflinger_2cedcc_c2 reference: unsupported insn 0x1e260069
[SKIP  ] bb_libsurfaceflinger_2cee00_c0 reference: unsupported insn 0x1e26006c
[SKIP  ] bb_libsurfaceflinger_2cee00_c1 reference: unsupported insn 0x1e26006c
[SKIP  ] bb_libsurfaceflinger_2cee00_c2 reference: unsupported insn 0x1e26006c
[PASS  ] bb_libsurfaceflinger_2cee20_c0 (546 bytes x86)
[PASS  ] bb_libsurfaceflinger_2cee20_c1 (546 bytes x86)
[PASS  ] bb_libsurfaceflinger_2cee20_c2 (546 bytes x86)
[SKIP  ] bb_libsurfaceflinger_2cee40_c0 reference: unsupported insn 0x5ac0116d
[SKIP  ] bb_libsurfaceflinger_2cee40_c1 reference: unsupported insn 0x5ac0116d
[SKIP  ] bb_libsurfaceflinger_2cee40_c2 reference: unsupported insn 0x5ac0116d
[SKIP  ] bb_libsurfaceflinger_2cef1c_c0 reference: unsupported insn 0x1e260023
[SKIP  ] bb_libsurfaceflinger_2cef1c_c1 reference: unsupported insn 0x1e260023
[SKIP  ] bb_libsurfaceflinger_2cef1c_c2 reference: unsupported insn 0x1e260023
[PASS  ] bb_libsurfaceflinger_2cefa8_c0 (472 bytes x86)
[PASS  ] bb_libsurfaceflinger_2cefa8_c1 (472 bytes x86)
[PASS  ] bb_libsurfaceflinger_2cefa8_c2 (472 bytes x86)
[PASS  ] bb_libsurfaceflinger_2d31e8_c0 (191 bytes x86)
[PASS  ] bb_libsurfaceflinger_2d31e8_c1 (191 bytes x86)
[PASS  ] bb_libsurfaceflinger_2d31e8_c2 (191 bytes x86)
[PASS  ] bb_libsurfaceflinger_2d3204_c0 (134 bytes x86)
[PASS  ] bb_libsurfaceflinger_2d3204_c1 (134 bytes x86)
[PASS  ] bb_libsurfaceflinger_2d3204_c2 (134 bytes x86)
[PASS  ] bb_libsurfaceflinger_2d32b4_c0 (138 bytes x86)
[PASS  ] bb_libsurfaceflinger_2d32b4_c1 (138 bytes x86)
[PASS  ] bb_libsurfaceflinger_2d32b4_c2 (138 bytes x86)
[PASS  ] bb_libsurfaceflinger_2d3330_c0 (166 bytes x86)
[PASS  ] bb_libsurfaceflinger_2d3330_c1 (166 bytes x86)
[PASS  ] bb_libsurfaceflinger_2d3330_c2 (166 bytes x86)
[PASS  ] bb_libsurfaceflinger_2d39ec_c0 (640 bytes x86)
[PASS  ] bb_libsurfaceflinger_2d39ec_c1 (640 bytes x86)
[PASS  ] bb_libsurfaceflinger_2d39ec_c2 (640 bytes x86)
[PASS  ] bb_libsurfaceflinger_2d3a20_c0 (174 bytes x86)
[PASS  ] bb_libsurfaceflinger_2d3a20_c1 (174 bytes x86)
[PASS  ] bb_libsurfaceflinger_2d3a20_c2 (174 bytes x86)
[PASS  ] bb_libsurfaceflinger_2d3a30_c0 (325 bytes x86)
[PASS  ] bb_libsurfaceflinger_2d3a30_c1 (325 bytes x86)
[PASS  ] bb_libsurfaceflinger_2d3a30_c2 (325 bytes x86)
[SKIP  ] bb_libsurfaceflinger_2d3a84_c0 reference: unsupported insn 0x0f8390e3
[SKIP  ] bb_libsurfaceflinger_2d3a84_c1 reference: unsupported insn 0x0f8390e3
[SKIP  ] bb_libsurfaceflinger_2d3a84_c2 reference: unsupported insn 0x0f8390e3
[SKIP  ] bb_libsurfaceflinger_2d3b94_c0 reference: unsupported insn 0x0f839042
[SKIP  ] bb_libsurfaceflinger_2d3b94_c1 reference: unsupported insn 0x0f839042
[SKIP  ] bb_libsurfaceflinger_2d3b94_c2 reference: unsupported insn 0x0f839042
[PASS  ] bb_libsurfaceflinger_2d3c1c_c0 (96 bytes x86)
[PASS  ] bb_libsurfaceflinger_2d3c1c_c1 (96 bytes x86)
[PASS  ] bb_libsurfaceflinger_2d3c1c_c2 (96 bytes x86)
[PASS  ] bb_libsurfaceflinger_2d3cdc_c0 (572 bytes x86)
[PASS  ] bb_libsurfaceflinger_2d3cdc_c1 (572 bytes x86)
[PASS  ] bb_libsurfaceflinger_2d3cdc_c2 (572 bytes x86)
[PASS  ] bb_libsurfaceflinger_2d3d00_c0 (167 bytes x86)
[PASS  ] bb_libsurfaceflinger_2d3d00_c1 (167 bytes x86)
[PASS  ] bb_libsurfaceflinger_2d3d00_c2 (167 bytes x86)
[PASS  ] bb_libsurfaceflinger_2d3d0c_c0 (91 bytes x86)
[PASS  ] bb_libsurfaceflinger_2d3d0c_c1 (91 bytes x86)
[PASS  ] bb_libsurfaceflinger_2d3d0c_c2 (91 bytes x86)
[SKIP  ] bb_libsurfaceflinger_2d3d94_c0 reference: unsupported insn 0x1e270104
[SKIP  ] bb_libsurfaceflinger_2d3d94_c1 reference: unsupported insn 0x1e270104
[SKIP  ] bb_libsurfaceflinger_2d3d94_c2 reference: unsupported insn 0x1e270104
[SKIP  ] bb_libsurfaceflinger_2d3da4_c0 reference: unsupported insn 0x1e270103
[SKIP  ] bb_libsurfaceflinger_2d3da4_c1 reference: unsupported insn 0x1e270103
[SKIP  ] bb_libsurfaceflinger_2d3da4_c2 reference: unsupported insn 0x1e270103
[SKIP  ] bb_libsurfaceflinger_2d3db4_c0 reference: unsupported insn 0x1e270100
[SKIP  ] bb_libsurfaceflinger_2d3db4_c1 reference: unsupported insn 0x1e270100
[SKIP  ] bb_libsurfaceflinger_2d3db4_c2 reference: unsupported insn 0x1e270100
[SKIP  ] bb_libsurfaceflinger_2d3dc0_c0 reference: unsupported insn 0x1e270100
[SKIP  ] bb_libsurfaceflinger_2d3dc0_c1 reference: unsupported insn 0x1e270100
[SKIP  ] bb_libsurfaceflinger_2d3dc0_c2 reference: unsupported insn 0x1e270100
[PASS  ] bb_libsurfaceflinger_2d55c0_c0 (177 bytes x86)
[PASS  ] bb_libsurfaceflinger_2d55c0_c1 (177 bytes x86)
[PASS  ] bb_libsurfaceflinger_2d55c0_c2 (177 bytes x86)
[PASS  ] bb_libsurfaceflinger_2d5774_c0 (109 bytes x86)
[PASS  ] bb_libsurfaceflinger_2d5774_c1 (109 bytes x86)
[PASS  ] bb_libsurfaceflinger_2d5774_c2 (109 bytes x86)
[PASS  ] bb_libsurfaceflinger_2d57c0_c0 (109 bytes x86)
[PASS  ] bb_libsurfaceflinger_2d57c0_c1 (109 bytes x86)
[PASS  ] bb_libsurfaceflinger_2d57c0_c2 (109 bytes x86)
[PASS  ] bb_libsurfaceflinger_2d5a10_c0 (106 bytes x86)
[PASS  ] bb_libsurfaceflinger_2d5a10_c1 (106 bytes x86)
[PASS  ] bb_libsurfaceflinger_2d5a10_c2 (106 bytes x86)
[PASS  ] bb_libsurfaceflinger_2d5a5c_c0 (174 bytes x86)
[PASS  ] bb_libsurfaceflinger_2d5a5c_c1 (174 bytes x86)
[PASS  ] bb_libsurfaceflinger_2d5a5c_c2 (174 bytes x86)
[PASS  ] bb_libsurfaceflinger_2d5ab4_c0 (187 bytes x86)
[PASS  ] bb_libsurfaceflinger_2d5ab4_c1 (187 bytes x86)
[PASS  ] bb_libsurfaceflinger_2d5ab4_c2 (187 bytes x86)
[PASS  ] bb_libsurfaceflinger_2d5b0c_c0 (187 bytes x86)
[PASS  ] bb_libsurfaceflinger_2d5b0c_c1 (187 bytes x86)
[PASS  ] bb_libsurfaceflinger_2d5b0c_c2 (187 bytes x86)
[PASS  ] bb_libsurfaceflinger_2d5b3c_c0 (106 bytes x86)
[PASS  ] bb_libsurfaceflinger_2d5b3c_c1 (106 bytes x86)
[PASS  ] bb_libsurfaceflinger_2d5b3c_c2 (106 bytes x86)
[PASS  ] bb_libsurfaceflinger_2d5bb8_c0 (242 bytes x86)
[PASS  ] bb_libsurfaceflinger_2d5bb8_c1 (242 bytes x86)
[PASS  ] bb_libsurfaceflinger_2d5bb8_c2 (242 bytes x86)
[PASS  ] bb_libsurfaceflinger_2d5bec_c0 (106 bytes x86)
[PASS  ] bb_libsurfaceflinger_2d5bec_c1 (106 bytes x86)
[PASS  ] bb_libsurfaceflinger_2d5bec_c2 (106 bytes x86)
[PASS  ] bb_libsurfaceflinger_2d5c70_c0 (187 bytes x86)
[PASS  ] bb_libsurfaceflinger_2d5c70_c1 (187 bytes x86)
[PASS  ] bb_libsurfaceflinger_2d5c70_c2 (187 bytes x86)
[PASS  ] bb_libsurfaceflinger_2d5ca0_c0 (106 bytes x86)
[PASS  ] bb_libsurfaceflinger_2d5ca0_c1 (106 bytes x86)
[PASS  ] bb_libsurfaceflinger_2d5ca0_c2 (106 bytes x86)
[SKIP  ] bb_libsurfaceflinger_2d7390_c0 reference: unsupported insn 0x1e26000c
[SKIP  ] bb_libsurfaceflinger_2d7390_c1 reference: unsupported insn 0x1e26000c
[SKIP  ] bb_libsurfaceflinger_2d7390_c2 reference: unsupported insn 0x1e26000c
[SKIP  ] bb_libsurfaceflinger_2d7580_c0 reference: unsupported insn 0x0e205800
[SKIP  ] bb_libsurfaceflinger_2d7580_c1 reference: unsupported insn 0x0e205800
[SKIP  ] bb_libsurfaceflinger_2d7580_c2 reference: unsupported insn 0x0e205800
[SKIP  ] bb_libsurfaceflinger_2d777c_c0 reference: unsupported insn 0x1e270122
[SKIP  ] bb_libsurfaceflinger_2d777c_c1 reference: unsupported insn 0x1e270122
[SKIP  ] bb_libsurfaceflinger_2d777c_c2 reference: unsupported insn 0x1e270122
[SKIP  ] bb_libsurfaceflinger_2d9fe8_c0 reference: unsupported insn 0x2f00e400
[SKIP  ] bb_libsurfaceflinger_2d9fe8_c1 reference: unsupported insn 0x2f00e400
[SKIP  ] bb_libsurfaceflinger_2d9fe8_c2 reference: unsupported insn 0x2f00e400
[SKIP  ] bb_libsurfaceflinger_2da0e0_c0 reference: unsupported insn 0x2f00e400
[SKIP  ] bb_libsurfaceflinger_2da0e0_c1 reference: unsupported insn 0x2f00e400
[SKIP  ] bb_libsurfaceflinger_2da0e0_c2 reference: unsupported insn 0x2f00e400
[SKIP  ] bb_libsurfaceflinger_2dcbf8_c0 reference: unsupported insn 0x9e670100
[SKIP  ] bb_libsurfaceflinger_2dcbf8_c1 reference: unsupported insn 0x9e670100
[SKIP  ] bb_libsurfaceflinger_2dcbf8_c2 reference: unsupported insn 0x9e670100
[SKIP  ] bb_libsurfaceflinger_2dcd5c_c0 reference: unsupported insn 0x9e660008
[SKIP  ] bb_libsurfaceflinger_2dcd5c_c1 reference: unsupported insn 0x9e660008
[SKIP  ] bb_libsurfaceflinger_2dcd5c_c2 reference: unsupported insn 0x9e660008
[SKIP  ] bb_libsurfaceflinger_2de9bc_c0 reference: unsupported insn 0x9e660008
[SKIP  ] bb_libsurfaceflinger_2de9bc_c1 reference: unsupported insn 0x9e660008
[SKIP  ] bb_libsurfaceflinger_2de9bc_c2 reference: unsupported insn 0x9e660008
[PASS  ] bb_libsurfaceflinger_2e0834_c0 (418 bytes x86)
[PASS  ] bb_libsurfaceflinger_2e0834_c1 (418 bytes x86)
[PASS  ] bb_libsurfaceflinger_2e0834_c2 (418 bytes x86)
[PASS  ] bb_libsurfaceflinger_2e08c8_c0 (406 bytes x86)
[PASS  ] bb_libsurfaceflinger_2e08c8_c1 (406 bytes x86)
[PASS  ] bb_libsurfaceflinger_2e08c8_c2 (406 bytes x86)
[SKIP  ] bb_libsurfaceflinger_2e0f0c_c0 reference: unsupported insn 0x1e260188
[SKIP  ] bb_libsurfaceflinger_2e0f0c_c1 reference: unsupported insn 0x1e260188
[SKIP  ] bb_libsurfaceflinger_2e0f0c_c2 reference: unsupported insn 0x1e260188
[SKIP  ] bb_libsurfaceflinger_2e0f28_c0 reference: unsupported insn 0x1e2e1000
[SKIP  ] bb_libsurfaceflinger_2e0f28_c1 reference: unsupported insn 0x1e2e1000
[SKIP  ] bb_libsurfaceflinger_2e0f28_c2 reference: unsupported insn 0x1e2e1000
[PASS  ] bb_libsurfaceflinger_2e0fb0_c0 (125 bytes x86)
[PASS  ] bb_libsurfaceflinger_2e0fb0_c1 (125 bytes x86)
[PASS  ] bb_libsurfaceflinger_2e0fb0_c2 (125 bytes x86)
[PASS  ] bb_libsurfaceflinger_2e0fc4_c0 (125 bytes x86)
[PASS  ] bb_libsurfaceflinger_2e0fc4_c1 (125 bytes x86)
[PASS  ] bb_libsurfaceflinger_2e0fc4_c2 (125 bytes x86)
[PASS  ] bb_libsurfaceflinger_2e0fd8_c0 (207 bytes x86)
[PASS  ] bb_libsurfaceflinger_2e0fd8_c1 (207 bytes x86)
[PASS  ] bb_libsurfaceflinger_2e0fd8_c2 (207 bytes x86)
[PASS  ] bb_libsurfaceflinger_2e13a4_c0 (418 bytes x86)
[PASS  ] bb_libsurfaceflinger_2e13a4_c1 (418 bytes x86)
[PASS  ] bb_libsurfaceflinger_2e13a4_c2 (418 bytes x86)
[PASS  ] bb_libsurfaceflinger_2e13fc_c0 (406 bytes x86)
[PASS  ] bb_libsurfaceflinger_2e13fc_c1 (406 bytes x86)
[PASS  ] bb_libsurfaceflinger_2e13fc_c2 (406 bytes x86)
[SKIP  ] bb_libsurfaceflinger_2e1fe0_c0 reference: unsupported insn 0x9e660008
[SKIP  ] bb_libsurfaceflinger_2e1fe0_c1 reference: unsupported insn 0x9e660008
[SKIP  ] bb_libsurfaceflinger_2e1fe0_c2 reference: unsupported insn 0x9e660008
[SKIP  ] bb_libsurfaceflinger_2e3758_c0 reference: unsupported insn 0x9e670120
[SKIP  ] bb_libsurfaceflinger_2e3758_c1 reference: unsupported insn 0x9e670120
[SKIP  ] bb_libsurfaceflinger_2e3758_c2 reference: unsupported insn 0x9e670120
[PASS  ] bb_libsurfaceflinger_2e450c_c0 (341 bytes x86)
[PASS  ] bb_libsurfaceflinger_2e450c_c1 (341 bytes x86)
[PASS  ] bb_libsurfaceflinger_2e450c_c2 (341 bytes x86)
[SKIP  ] bb_libsurfaceflinger_2e4b6c_c0 reference: unsupported insn 0x5e0c04d1
[SKIP  ] bb_libsurfaceflinger_2e4b6c_c1 reference: unsupported insn 0x5e0c04d1
[SKIP  ] bb_libsurfaceflinger_2e4b6c_c2 reference: unsupported insn 0x5e0c04d1
[SKIP  ] bb_libsurfaceflinger_2e4b8c_c0 reference: unsupported insn 0x5e1404d2
[SKIP  ] bb_libsurfaceflinger_2e4b8c_c1 reference: unsupported insn 0x5e1404d2
[SKIP  ] bb_libsurfaceflinger_2e4b8c_c2 reference: unsupported insn 0x5e1404d2
[SKIP  ] bb_libsurfaceflinger_2e4bac_c0 reference: unsupported insn 0x5e1c04c6
[SKIP  ] bb_libsurfaceflinger_2e4bac_c1 reference: unsupported insn 0x5e1c04c6
[SKIP  ] bb_libsurfaceflinger_2e4bac_c2 reference: unsupported insn 0x5e1c04c6
[SKIP  ] bb_libsurfaceflinger_2e4c30_c0 reference: unsupported insn 0x5e0c04d7
[SKIP  ] bb_libsurfaceflinger_2e4c30_c1 reference: unsupported insn 0x5e0c04d7
[SKIP  ] bb_libsurfaceflinger_2e4c30_c2 reference: unsupported insn 0x5e0c04d7
[SKIP  ] bb_libsurfaceflinger_2e4c50_c0 reference: unsupported insn 0x5e1404f2
[SKIP  ] bb_libsurfaceflinger_2e4c50_c1 reference: unsupported insn 0x5e1404f2
[SKIP  ] bb_libsurfaceflinger_2e4c50_c2 reference: unsupported insn 0x5e1404f2
[SKIP  ] bb_libsurfaceflinger_2e4c70_c0 reference: unsupported insn 0x5e1c04e7
[SKIP  ] bb_libsurfaceflinger_2e4c70_c1 reference: unsupported insn 0x5e1c04e7
[SKIP  ] bb_libsurfaceflinger_2e4c70_c2 reference: unsupported insn 0x5e1c04e7
[SKIP  ] bb_libsurfaceflinger_2e4d34_c0 reference: unsupported insn 0x5e0c04d7
[SKIP  ] bb_libsurfaceflinger_2e4d34_c1 reference: unsupported insn 0x5e0c04d7
[SKIP  ] bb_libsurfaceflinger_2e4d34_c2 reference: unsupported insn 0x5e0c04d7
[SKIP  ] bb_libsurfaceflinger_2e4d54_c0 reference: unsupported insn 0x5e0c04b5
[SKIP  ] bb_libsurfaceflinger_2e4d54_c1 reference: unsupported insn 0x5e0c04b5
[SKIP  ] bb_libsurfaceflinger_2e4d54_c2 reference: unsupported insn 0x5e0c04b5
[SKIP  ] bb_libsurfaceflinger_2e4d74_c0 reference: unsupported insn 0x5e1404b6
[SKIP  ] bb_libsurfaceflinger_2e4d74_c1 reference: unsupported insn 0x5e1404b6
[SKIP  ] bb_libsurfaceflinger_2e4d74_c2 reference: unsupported insn 0x5e1404b6
[SKIP  ] bb_libsurfaceflinger_2e5cac_c0 reference: unsupported insn 0x9e670100
[SKIP  ] bb_libsurfaceflinger_2e5cac_c1 reference: unsupported insn 0x9e670100
[SKIP  ] bb_libsurfaceflinger_2e5cac_c2 reference: unsupported insn 0x9e670100
[PASS  ] bb_libsurfaceflinger_2e61b4_c0 (263 bytes x86)
[PASS  ] bb_libsurfaceflinger_2e61b4_c1 (263 bytes x86)
[PASS  ] bb_libsurfaceflinger_2e61b4_c2 (263 bytes x86)
[SKIP  ] bb_libsurfaceflinger_2e62a0_c0 reference: unsupported insn 0x9e29000a
[SKIP  ] bb_libsurfaceflinger_2e62a0_c1 reference: unsupported insn 0x9e29000a
[SKIP  ] bb_libsurfaceflinger_2e62a0_c2 reference: unsupported insn 0x9e29000a
[SKIP  ] bb_libsurfaceflinger_2e682c_c0 reference: unsupported insn 0x1e260028
[SKIP  ] bb_libsurfaceflinger_2e682c_c1 reference: unsupported insn 0x1e260028
[SKIP  ] bb_libsurfaceflinger_2e682c_c2 reference: unsupported insn 0x1e260028
[SKIP  ] bb_libsurfaceflinger_2e7380_c0 reference: unsupported insn 0x0ea00802
[SKIP  ] bb_libsurfaceflinger_2e7380_c1 reference: unsupported insn 0x0ea00802
[SKIP  ] bb_libsurfaceflinger_2e7380_c2 reference: unsupported insn 0x0ea00802
[SKIP  ] bb_libsurfaceflinger_2e759c_c0 reference: unsupported insn 0x1e260028
[SKIP  ] bb_libsurfaceflinger_2e759c_c1 reference: unsupported insn 0x1e260028
[SKIP  ] bb_libsurfaceflinger_2e759c_c2 reference: unsupported insn 0x1e260028
[PASS  ] bb_libsurfaceflinger_2e75b4_c0 (220 bytes x86)
[PASS  ] bb_libsurfaceflinger_2e75b4_c1 (220 bytes x86)
[PASS  ] bb_libsurfaceflinger_2e75b4_c2 (220 bytes x86)
[SKIP  ] bb_libsurfaceflinger_2e7668_c0 reference: unsupported insn 0x1e26000e
[SKIP  ] bb_libsurfaceflinger_2e7668_c1 reference: unsupported insn 0x1e26000e
[SKIP  ] bb_libsurfaceflinger_2e7668_c2 reference: unsupported insn 0x1e26000e
[PASS  ] bb_libsurfaceflinger_2e7684_c0 (431 bytes x86)
[PASS  ] bb_libsurfaceflinger_2e7684_c1 (431 bytes x86)
[PASS  ] bb_libsurfaceflinger_2e7684_c2 (431 bytes x86)
[SKIP  ] bb_libsurfaceflinger_2e7a48_c0 reference: unsupported insn 0x1e260049
[SKIP  ] bb_libsurfaceflinger_2e7a48_c1 reference: unsupported insn 0x1e260049
[SKIP  ] bb_libsurfaceflinger_2e7a48_c2 reference: unsupported insn 0x1e260049
[SKIP  ] bb_libsurfaceflinger_2e97e8_c0 reference: unsupported insn 0x1e270100
[SKIP  ] bb_libsurfaceflinger_2e97e8_c1 reference: unsupported insn 0x1e270100
[SKIP  ] bb_libsurfaceflinger_2e97e8_c2 reference: unsupported insn 0x1e270100
[SKIP  ] bb_libsurfaceflinger_2e97fc_c0 reference: unsupported insn 0x1e260108
[SKIP  ] bb_libsurfaceflinger_2e97fc_c1 reference: unsupported insn 0x1e260108
[SKIP  ] bb_libsurfaceflinger_2e97fc_c2 reference: unsupported insn 0x1e260108
[SKIP  ] bb_libsurfaceflinger_2e980c_c0 reference: unsupported insn 0x1e270100
[SKIP  ] bb_libsurfaceflinger_2e980c_c1 reference: unsupported insn 0x1e270100
[SKIP  ] bb_libsurfaceflinger_2e980c_c2 reference: unsupported insn 0x1e270100
[SKIP  ] bb_libsurfaceflinger_2e98c4_c0 reference: unsupported insn 0x0ea00863
[SKIP  ] bb_libsurfaceflinger_2e98c4_c1 reference: unsupported insn 0x0ea00863
[SKIP  ] bb_libsurfaceflinger_2e98c4_c2 reference: unsupported insn 0x0ea00863
[SKIP  ] bb_libsurfaceflinger_2e98e4_c0 reference: unsupported insn 0x1e270122
[SKIP  ] bb_libsurfaceflinger_2e98e4_c1 reference: unsupported insn 0x1e270122
[SKIP  ] bb_libsurfaceflinger_2e98e4_c2 reference: unsupported insn 0x1e270122
[SKIP  ] bb_libsurfaceflinger_2e9a80_c0 reference: unsupported insn 0x7ea6d4e6
[SKIP  ] bb_libsurfaceflinger_2e9a80_c1 reference: unsupported insn 0x7ea6d4e6
[SKIP  ] bb_libsurfaceflinger_2e9a80_c2 reference: unsupported insn 0x7ea6d4e6
[SKIP  ] bb_libsurfaceflinger_2e9b30_c0 reference: unsupported insn 0x7ea0d420
[SKIP  ] bb_libsurfaceflinger_2e9b30_c1 reference: unsupported insn 0x7ea0d420
[SKIP  ] bb_libsurfaceflinger_2e9b30_c2 reference: unsupported insn 0x7ea0d420
[SKIP  ] bb_libsurfaceflinger_2e9dbc_c0 reference: unsupported insn 0x00000000
[SKIP  ] bb_libsurfaceflinger_2e9dbc_c1 reference: unsupported insn 0x00000000
[SKIP  ] bb_libsurfaceflinger_2e9dbc_c2 reference: unsupported insn 0x00000000
[SKIP  ] bb_libsurfaceflinger_2e9ddc_c0 reference: unsupported insn 0x1e260029
[SKIP  ] bb_libsurfaceflinger_2e9ddc_c1 reference: unsupported insn 0x1e260029
[SKIP  ] bb_libsurfaceflinger_2e9ddc_c2 reference: unsupported insn 0x1e260029
[SKIP  ] bb_libsurfaceflinger_2e9e98_c0 reference: unsupported insn 0x0fa39084
[SKIP  ] bb_libsurfaceflinger_2e9e98_c1 reference: unsupported insn 0x0fa39084
[SKIP  ] bb_libsurfaceflinger_2e9e98_c2 reference: unsupported insn 0x0fa39084
[SKIP  ] bb_libsurfaceflinger_2e9eac_c0 reference: unsupported insn 0x1e2254c0
[SKIP  ] bb_libsurfaceflinger_2e9eac_c1 reference: unsupported insn 0x1e2254c0
[SKIP  ] bb_libsurfaceflinger_2e9eac_c2 reference: unsupported insn 0x1e2254c0
[SKIP  ] bb_libsurfaceflinger_2e9eb8_c0 reference: unsupported insn 0x0ea00804
[SKIP  ] bb_libsurfaceflinger_2e9eb8_c1 reference: unsupported insn 0x0ea00804
[SKIP  ] bb_libsurfaceflinger_2e9eb8_c2 reference: unsupported insn 0x0ea00804
[SKIP  ] bb_libsurfaceflinger_2e9edc_c0 reference: unsupported insn 0x1e22d4c8
[SKIP  ] bb_libsurfaceflinger_2e9edc_c1 reference: unsupported insn 0x1e22d4c8
[SKIP  ] bb_libsurfaceflinger_2e9edc_c2 reference: unsupported insn 0x1e22d4c8
[SKIP  ] bb_libsurfaceflinger_2e9f04_c0 reference: unsupported insn 0x1e260069
[SKIP  ] bb_libsurfaceflinger_2e9f04_c1 reference: unsupported insn 0x1e260069
[SKIP  ] bb_libsurfaceflinger_2e9f04_c2 reference: unsupported insn 0x1e260069
[SKIP  ] bb_libsurfaceflinger_2e9f3c_c0 reference: unsupported insn 0x0ea00802
[SKIP  ] bb_libsurfaceflinger_2e9f3c_c1 reference: unsupported insn 0x0ea00802
[SKIP  ] bb_libsurfaceflinger_2e9f3c_c2 reference: unsupported insn 0x0ea00802
[SKIP  ] bb_libsurfaceflinger_2e9f5c_c0 reference: unsupported insn 0x1e270106
[SKIP  ] bb_libsurfaceflinger_2e9f5c_c1 reference: unsupported insn 0x1e270106
[SKIP  ] bb_libsurfaceflinger_2e9f5c_c2 reference: unsupported insn 0x1e270106
[SKIP  ] bb_libsurfaceflinger_2e9f80_c0 reference: unsupported insn 0x1e260089
[SKIP  ] bb_libsurfaceflinger_2e9f80_c1 reference: unsupported insn 0x1e260089
[SKIP  ] bb_libsurfaceflinger_2e9f80_c2 reference: unsupported insn 0x1e260089
[SKIP  ] bb_libsurfaceflinger_2e9f98_c0 reference: unsupported insn 0x2e2058d0
[SKIP  ] bb_libsurfaceflinger_2e9f98_c1 reference: unsupported insn 0x2e2058d0
[SKIP  ] bb_libsurfaceflinger_2e9f98_c2 reference: unsupported insn 0x2e2058d0
[SKIP  ] bb_libsurfaceflinger_2e9fbc_c0 reference: unsupported insn 0x7e30da06
[SKIP  ] bb_libsurfaceflinger_2e9fbc_c1 reference: unsupported insn 0x7e30da06
[SKIP  ] bb_libsurfaceflinger_2e9fbc_c2 reference: unsupported insn 0x7e30da06
[SKIP  ] bb_libsurfaceflinger_2e9fdc_c0 reference: unsupported insn 0x1e2600e8
[SKIP  ] bb_libsurfaceflinger_2e9fdc_c1 reference: unsupported insn 0x1e2600e8
[SKIP  ] bb_libsurfaceflinger_2e9fdc_c2 reference: unsupported insn 0x1e2600e8
[SKIP  ] bb_libsurfaceflinger_2e9fec_c0 reference: unsupported insn 0x7e30d8d0
[SKIP  ] bb_libsurfaceflinger_2e9fec_c1 reference: unsupported insn 0x7e30d8d0
[SKIP  ] bb_libsurfaceflinger_2e9fec_c2 reference: unsupported insn 0x7e30d8d0
[SKIP  ] bb_libsurfaceflinger_2ea01c_c0 reference: unsupported insn 0x7e30d8e6
[SKIP  ] bb_libsurfaceflinger_2ea01c_c1 reference: unsupported insn 0x7e30d8e6
[SKIP  ] bb_libsurfaceflinger_2ea01c_c2 reference: unsupported insn 0x7e30d8e6
[SKIP  ] bb_libsurfaceflinger_2ea038_c0 reference: unsupported insn 0x1e2600e8
[SKIP  ] bb_libsurfaceflinger_2ea038_c1 reference: unsupported insn 0x1e2600e8
[SKIP  ] bb_libsurfaceflinger_2ea038_c2 reference: unsupported insn 0x1e2600e8
[PASS  ] bb_libsurfaceflinger_2ea048_c0 (177 bytes x86)
[PASS  ] bb_libsurfaceflinger_2ea048_c1 (177 bytes x86)
[PASS  ] bb_libsurfaceflinger_2ea048_c2 (177 bytes x86)
[SKIP  ] bb_libsurfaceflinger_2ea054_c0 reference: unsupported insn 0x5e0c0462
[SKIP  ] bb_libsurfaceflinger_2ea054_c1 reference: unsupported insn 0x5e0c0462
[SKIP  ] bb_libsurfaceflinger_2ea054_c2 reference: unsupported insn 0x5e0c0462
[SKIP  ] bb_libsurfaceflinger_2ea070_c0 reference: unsupported insn 0x7e30d842
[SKIP  ] bb_libsurfaceflinger_2ea070_c1 reference: unsupported insn 0x7e30d842
[SKIP  ] bb_libsurfaceflinger_2ea070_c2 reference: unsupported insn 0x7e30d842
[SKIP  ] bb_libsurfaceflinger_2ea09c_c0 reference: unsupported insn 0x5e0c0466
[SKIP  ] bb_libsurfaceflinger_2ea09c_c1 reference: unsupported insn 0x5e0c0466
[SKIP  ] bb_libsurfaceflinger_2ea09c_c2 reference: unsupported insn 0x5e0c0466
[SKIP  ] bb_libsurfaceflinger_2ea0b8_c0 reference: unsupported insn 0x2f00e406
[SKIP  ] bb_libsurfaceflinger_2ea0b8_c1 reference: unsupported insn 0x2f00e406
[SKIP  ] bb_libsurfaceflinger_2ea0b8_c2 reference: unsupported insn 0x2f00e406
[SKIP  ] bb_libsurfaceflinger_2ea0c8_c0 reference: unsupported insn 0x2e205801
[SKIP  ] bb_libsurfaceflinger_2ea0c8_c1 reference: unsupported insn 0x2e205801
[SKIP  ] bb_libsurfaceflinger_2ea0c8_c2 reference: unsupported insn 0x2e205801
[PASS  ] bb_libsurfaceflinger_2ea0ec_c0 (162 bytes x86)
[PASS  ] bb_libsurfaceflinger_2ea0ec_c1 (162 bytes x86)
[PASS  ] bb_libsurfaceflinger_2ea0ec_c2 (162 bytes x86)
[SKIP  ] bb_libsurfaceflinger_2ea0f8_c0 reference: unsupported insn 0x5e0c0460
[SKIP  ] bb_libsurfaceflinger_2ea0f8_c1 reference: unsupported insn 0x5e0c0460
[SKIP  ] bb_libsurfaceflinger_2ea0f8_c2 reference: unsupported insn 0x5e0c0460
[SKIP  ] bb_libsurfaceflinger_2ea150_c0 reference: unsupported insn 0x0ea00864
[SKIP  ] bb_libsurfaceflinger_2ea150_c1 reference: unsupported insn 0x0ea00864
[SKIP  ] bb_libsurfaceflinger_2ea150_c2 reference: unsupported insn 0x0ea00864
[SKIP  ] bb_libsurfaceflinger_2ea170_c0 reference: unsupported insn 0x1e270101
[SKIP  ] bb_libsurfaceflinger_2ea170_c1 reference: unsupported insn 0x1e270101
[SKIP  ] bb_libsurfaceflinger_2ea170_c2 reference: unsupported insn 0x1e270101
[SKIP  ] bb_libsurfaceflinger_2f0acc_c0 reference: unsupported insn 0x1e260048
[SKIP  ] bb_libsurfaceflinger_2f0acc_c1 reference: unsupported insn 0x1e260048
[SKIP  ] bb_libsurfaceflinger_2f0acc_c2 reference: unsupported insn 0x1e260048
[PASS  ] bb_libsurfaceflinger_2f0af0_c0 (149 bytes x86)
[PASS  ] bb_libsurfaceflinger_2f0af0_c1 (149 bytes x86)
[PASS  ] bb_libsurfaceflinger_2f0af0_c2 (149 bytes x86)
[SKIP  ] bb_libsurfaceflinger_2f0b34_c0 reference: unsupported insn 0x0f0665e3
[SKIP  ] bb_libsurfaceflinger_2f0b34_c1 reference: unsupported insn 0x0f0665e3
[SKIP  ] bb_libsurfaceflinger_2f0b34_c2 reference: unsupported insn 0x0f0665e3
[PASS  ] bb_libsurfaceflinger_2f0b54_c0 (489 bytes x86)
[PASS  ] bb_libsurfaceflinger_2f0b54_c1 (489 bytes x86)
[PASS  ] bb_libsurfaceflinger_2f0b54_c2 (489 bytes x86)
[SKIP  ] bb_libsurfaceflinger_2f16e8_c0 reference: unsupported insn 0x2f00e400
[SKIP  ] bb_libsurfaceflinger_2f16e8_c1 reference: unsupported insn 0x2f00e400
[SKIP  ] bb_libsurfaceflinger_2f16e8_c2 reference: unsupported insn 0x2f00e400
[SKIP  ] bb_libsurfaceflinger_2f1fd8_c0 reference: unsupported insn 0x9e290009
[SKIP  ] bb_libsurfaceflinger_2f1fd8_c1 reference: unsupported insn 0x9e290009
[SKIP  ] bb_libsurfaceflinger_2f1fd8_c2 reference: unsupported insn 0x9e290009
[SKIP  ] bb_libsurfaceflinger_2f43d0_c0 reference: unsupported insn 0x9e660009
[SKIP  ] bb_libsurfaceflinger_2f43d0_c1 reference: unsupported insn 0x9e660009
[SKIP  ] bb_libsurfaceflinger_2f43d0_c2 reference: unsupported insn 0x9e660009
[SKIP  ] bb_libsurfaceflinger_2f56e4_c0 reference: unsupported insn 0x1e2e1003
[SKIP  ] bb_libsurfaceflinger_2f56e4_c1 reference: unsupported insn 0x1e2e1003
[SKIP  ] bb_libsurfaceflinger_2f56e4_c2 reference: unsupported insn 0x1e2e1003
[SKIP  ] bb_libsurfaceflinger_2f5710_c0 reference: unsupported insn 0x1e02a507
[SKIP  ] bb_libsurfaceflinger_2f5710_c1 reference: unsupported insn 0x1e02a507
[SKIP  ] bb_libsurfaceflinger_2f5710_c2 reference: unsupported insn 0x1e02a507
[PASS  ] bb_libsurfaceflinger_2f5730_c0 (179 bytes x86)
[PASS  ] bb_libsurfaceflinger_2f5730_c1 (179 bytes x86)
[PASS  ] bb_libsurfaceflinger_2f5730_c2 (179 bytes x86)
[SKIP  ] bb_libsurfaceflinger_2f573c_c0 reference: unsupported insn 0x2f00e406
[SKIP  ] bb_libsurfaceflinger_2f573c_c1 reference: unsupported insn 0x2f00e406
[SKIP  ] bb_libsurfaceflinger_2f573c_c2 reference: unsupported insn 0x2f00e406
[SKIP  ] bb_libsurfaceflinger_2f5790_c0 reference: unsupported insn 0x0f026567
[SKIP  ] bb_libsurfaceflinger_2f5790_c1 reference: unsupported insn 0x0f026567
[SKIP  ] bb_libsurfaceflinger_2f5790_c2 reference: unsupported insn 0x0f026567
[SKIP  ] bb_libsurfaceflinger_2f57d0_c0 reference: unsupported insn 0x0f016767
[SKIP  ] bb_libsurfaceflinger_2f57d0_c1 reference: unsupported insn 0x0f016767
[SKIP  ] bb_libsurfaceflinger_2f57d0_c2 reference: unsupported insn 0x0f016767
[SKIP  ] bb_libsurfaceflinger_2f57e4_c0 reference: unsupported insn 0x1e2e1006
[SKIP  ] bb_libsurfaceflinger_2f57e4_c1 reference: unsupported insn 0x1e2e1006
[SKIP  ] bb_libsurfaceflinger_2f57e4_c2 reference: unsupported insn 0x1e2e1006
[SKIP  ] bb_libsurfaceflinger_2f5800_c0 reference: unsupported insn 0x1e2e1004
[SKIP  ] bb_libsurfaceflinger_2f5800_c1 reference: unsupported insn 0x1e2e1004
[SKIP  ] bb_libsurfaceflinger_2f5800_c2 reference: unsupported insn 0x1e2e1004
[SKIP  ] bb_libsurfaceflinger_2f5830_c0 reference: unsupported insn 0x1e02a506
[SKIP  ] bb_libsurfaceflinger_2f5830_c1 reference: unsupported insn 0x1e02a506
[SKIP  ] bb_libsurfaceflinger_2f5830_c2 reference: unsupported insn 0x1e02a506
[PASS  ] bb_libsurfaceflinger_2f5850_c0 (194 bytes x86)
[PASS  ] bb_libsurfaceflinger_2f5850_c1 (194 bytes x86)
[PASS  ] bb_libsurfaceflinger_2f5850_c2 (194 bytes x86)
[SKIP  ] bb_libsurfaceflinger_2f585c_c0 reference: unsupported insn 0x2f00e40b
[SKIP  ] bb_libsurfaceflinger_2f585c_c1 reference: unsupported insn 0x2f00e40b
[SKIP  ] bb_libsurfaceflinger_2f585c_c2 reference: unsupported insn 0x2f00e40b
[SKIP  ] bb_libsurfaceflinger_2f58b0_c0 reference: unsupported insn 0x0f026565
[SKIP  ] bb_libsurfaceflinger_2f58b0_c1 reference: unsupported insn 0x0f026565
[SKIP  ] bb_libsurfaceflinger_2f58b0_c2 reference: unsupported insn 0x0f026565
[SKIP  ] bb_libsurfaceflinger_2f58d0_c0 reference: unsupported insn 0x1e27010b
[SKIP  ] bb_libsurfaceflinger_2f58d0_c1 reference: unsupported insn 0x1e27010b
[SKIP  ] bb_libsurfaceflinger_2f58d0_c2 reference: unsupported insn 0x1e27010b
[SKIP  ] bb_libsurfaceflinger_2f58e0_c0 reference: unsupported insn 0x1e2e1005
[SKIP  ] bb_libsurfaceflinger_2f58e0_c1 reference: unsupported insn 0x1e2e1005
[SKIP  ] bb_libsurfaceflinger_2f58e0_c2 reference: unsupported insn 0x1e2e1005
[PASS  ] bb_libsurfaceflinger_2f5900_c0 (327 bytes x86)
[PASS  ] bb_libsurfaceflinger_2f5900_c1 (327 bytes x86)
[PASS  ] bb_libsurfaceflinger_2f5900_c2 (327 bytes x86)
[SKIP  ] bb_libsurfaceflinger_2f5910_c0 reference: unsupported insn 0x2f00e402
[SKIP  ] bb_libsurfaceflinger_2f5910_c1 reference: unsupported insn 0x2f00e402
[SKIP  ] bb_libsurfaceflinger_2f5910_c2 reference: unsupported insn 0x2f00e402
[PASS  ] bb_libsurfaceflinger_2f5930_c0 (174 bytes x86)
[PASS  ] bb_libsurfaceflinger_2f5930_c1 (174 bytes x86)
[PASS  ] bb_libsurfaceflinger_2f5930_c2 (174 bytes x86)
[PASS  ] bb_libsurfaceflinger_2f593c_c0 (161 bytes x86)
[PASS  ] bb_libsurfaceflinger_2f593c_c1 (161 bytes x86)
[PASS  ] bb_libsurfaceflinger_2f593c_c2 (161 bytes x86)
[PASS  ] bb_libsurfaceflinger_2f5950_c0 (161 bytes x86)
[PASS  ] bb_libsurfaceflinger_2f5950_c1 (161 bytes x86)
[PASS  ] bb_libsurfaceflinger_2f5950_c2 (161 bytes x86)
[PASS  ] bb_libsurfaceflinger_2f5964_c0 (174 bytes x86)
[PASS  ] bb_libsurfaceflinger_2f5964_c1 (174 bytes x86)
[PASS  ] bb_libsurfaceflinger_2f5964_c2 (174 bytes x86)
[SKIP  ] bb_libsurfaceflinger_2f5980_c0 reference: unsupported insn 0x2f00e401
[SKIP  ] bb_libsurfaceflinger_2f5980_c1 reference: unsupported insn 0x2f00e401
[SKIP  ] bb_libsurfaceflinger_2f5980_c2 reference: unsupported insn 0x2f00e401
[PASS  ] bb_libsurfaceflinger_2f59b0_c0 (228 bytes x86)
[PASS  ] bb_libsurfaceflinger_2f59b0_c1 (228 bytes x86)
[PASS  ] bb_libsurfaceflinger_2f59b0_c2 (228 bytes x86)
[SKIP  ] bb_libsurfaceflinger_2f5a08_c0 reference: unsupported insn 0x0f026460
[SKIP  ] bb_libsurfaceflinger_2f5a08_c1 reference: unsupported insn 0x0f026460
[SKIP  ] bb_libsurfaceflinger_2f5a08_c2 reference: unsupported insn 0x0f026460
[SKIP  ] bb_libsurfaceflinger_2f5a6c_c0 reference: unsupported insn 0x0f026563
[SKIP  ] bb_libsurfaceflinger_2f5a6c_c1 reference: unsupported insn 0x0f026563
[SKIP  ] bb_libsurfaceflinger_2f5a6c_c2 reference: unsupported insn 0x0f026563
[SKIP  ] bb_libsurfaceflinger_2f5a8c_c0 reference: unsupported insn 0x1e270100
[SKIP  ] bb_libsurfaceflinger_2f5a8c_c1 reference: unsupported insn 0x1e270100
[SKIP  ] bb_libsurfaceflinger_2f5a8c_c2 reference: unsupported insn 0x1e270100
[PASS  ] bb_libsurfaceflinger_2f5acc_c0 (174 bytes x86)
[PASS  ] bb_libsurfaceflinger_2f5acc_c1 (174 bytes x86)
[PASS  ] bb_libsurfaceflinger_2f5acc_c2 (174 bytes x86)
[SKIP  ] bb_libsurfaceflinger_2f5bb8_c0 reference: unsupported insn 0x2f00e409
[SKIP  ] bb_libsurfaceflinger_2f5bb8_c1 reference: unsupported insn 0x2f00e409
[SKIP  ] bb_libsurfaceflinger_2f5bb8_c2 reference: unsupported insn 0x2f00e409
[SKIP  ] bb_libsurfaceflinger_2f5bcc_c0 reference: unsupported insn 0x1e27010b
[SKIP  ] bb_libsurfaceflinger_2f5bcc_c1 reference: unsupported insn 0x1e27010b
[SKIP  ] bb_libsurfaceflinger_2f5bcc_c2 reference: unsupported insn 0x1e27010b
[SKIP  ] bb_libsurfaceflinger_2f5bd8_c0 reference: unsupported insn 0x1e2e1001
[SKIP  ] bb_libsurfaceflinger_2f5bd8_c1 reference: unsupported insn 0x1e2e1001
[SKIP  ] bb_libsurfaceflinger_2f5bd8_c2 reference: unsupported insn 0x1e2e1001
[SKIP  ] bb_libsurfaceflinger_2f5dbc_c0 reference: unsupported insn 0x2f00e400
[SKIP  ] bb_libsurfaceflinger_2f5dbc_c1 reference: unsupported insn 0x2f00e400
[SKIP  ] bb_libsurfaceflinger_2f5dbc_c2 reference: unsupported insn 0x2f00e400
[PASS  ] bb_libsurfaceflinger_2f5f70_c0 (228 bytes x86)
[PASS  ] bb_libsurfaceflinger_2f5f70_c1 (228 bytes x86)
[PASS  ] bb_libsurfaceflinger_2f5f70_c2 (228 bytes x86)
[SKIP  ] bb_libsurfaceflinger_2f5fa0_c0 reference: unsupported insn 0x5ea1b801
[SKIP  ] bb_libsurfaceflinger_2f5fa0_c1 reference: unsupported insn 0x5ea1b801
[SKIP  ] bb_libsurfaceflinger_2f5fa0_c2 reference: unsupported insn 0x5ea1b801
[PASS  ] bb_libsurfaceflinger_2f5fb0_c0 (194 bytes x86)
[PASS  ] bb_libsurfaceflinger_2f5fb0_c1 (194 bytes x86)
[PASS  ] bb_libsurfaceflinger_2f5fb0_c2 (194 bytes x86)
[SKIP  ] bb_libsurfaceflinger_2f7f6c_c0 reference: unsupported insn 0x1e2e1001
[SKIP  ] bb_libsurfaceflinger_2f7f6c_c1 reference: unsupported insn 0x1e2e1001
[SKIP  ] bb_libsurfaceflinger_2f7f6c_c2 reference: unsupported insn 0x1e2e1001
[SKIP  ] bb_libsurfaceflinger_2f7f8c_c0 reference: unsupported insn 0x1e270100
[SKIP  ] bb_libsurfaceflinger_2f7f8c_c1 reference: unsupported insn 0x1e270100
[SKIP  ] bb_libsurfaceflinger_2f7f8c_c2 reference: unsupported insn 0x1e270100
[SKIP  ] bb_libsurfaceflinger_2f8058_c0 reference: unsupported insn 0x1e270100
[SKIP  ] bb_libsurfaceflinger_2f8058_c1 reference: unsupported insn 0x1e270100
[SKIP  ] bb_libsurfaceflinger_2f8058_c2 reference: unsupported insn 0x1e270100
[PASS  ] bb_libsurfaceflinger_2fd540_c0 (230 bytes x86)
[PASS  ] bb_libsurfaceflinger_2fd540_c1 (230 bytes x86)
[PASS  ] bb_libsurfaceflinger_2fd540_c2 (230 bytes x86)
[SKIP  ] bb_libsurfaceflinger_2fd590_c0 reference: unsupported insn 0x2f00e40b
[SKIP  ] bb_libsurfaceflinger_2fd590_c1 reference: unsupported insn 0x2f00e40b
[SKIP  ] bb_libsurfaceflinger_2fd590_c2 reference: unsupported insn 0x2f00e40b
[SKIP  ] bb_libsurfaceflinger_2fd5ac_c0 reference: unsupported insn 0x1e2e1000
[SKIP  ] bb_libsurfaceflinger_2fd5ac_c1 reference: unsupported insn 0x1e2e1000
[SKIP  ] bb_libsurfaceflinger_2fd5ac_c2 reference: unsupported insn 0x1e2e1000
[SKIP  ] bb_libsurfaceflinger_2fd618_c0 reference: unsupported insn 0x1e2e100b
[SKIP  ] bb_libsurfaceflinger_2fd618_c1 reference: unsupported insn 0x1e2e100b
[SKIP  ] bb_libsurfaceflinger_2fd618_c2 reference: unsupported insn 0x1e2e100b
[SKIP  ] bb_libsurfaceflinger_2fda70_c0 reference: unsupported insn 0x2f00e404
[SKIP  ] bb_libsurfaceflinger_2fda70_c1 reference: unsupported insn 0x2f00e404
[SKIP  ] bb_libsurfaceflinger_2fda70_c2 reference: unsupported insn 0x2f00e404
[PASS  ] bb_libsurfaceflinger_2fdbb8_c0 (349 bytes x86)
[PASS  ] bb_libsurfaceflinger_2fdbb8_c1 (349 bytes x86)
[PASS  ] bb_libsurfaceflinger_2fdbb8_c2 (349 bytes x86)
[PASS  ] bb_libsurfaceflinger_2fddc0_c0 (315 bytes x86)
[PASS  ] bb_libsurfaceflinger_2fddc0_c1 (315 bytes x86)
[PASS  ] bb_libsurfaceflinger_2fddc0_c2 (315 bytes x86)
[PASS  ] bb_libsurfaceflinger_2fde58_c0 (179 bytes x86)
[PASS  ] bb_libsurfaceflinger_2fde58_c1 (179 bytes x86)
[PASS  ] bb_libsurfaceflinger_2fde58_c2 (179 bytes x86)
[SKIP  ] bb_libsurfaceflinger_2fdea4_c0 reference: unsupported insn 0x1e270110
[SKIP  ] bb_libsurfaceflinger_2fdea4_c1 reference: unsupported insn 0x1e270110
[SKIP  ] bb_libsurfaceflinger_2fdea4_c2 reference: unsupported insn 0x1e270110
[SKIP  ] bb_libsurfaceflinger_2fdefc_c0 reference: unsupported insn 0x0f839080
[SKIP  ] bb_libsurfaceflinger_2fdefc_c1 reference: unsupported insn 0x0f839080
[SKIP  ] bb_libsurfaceflinger_2fdefc_c2 reference: unsupported insn 0x0f839080
[PASS  ] bb_libsurfaceflinger_2fdf1c_c0 (436 bytes x86)
[PASS  ] bb_libsurfaceflinger_2fdf1c_c1 (436 bytes x86)
[PASS  ] bb_libsurfaceflinger_2fdf1c_c2 (436 bytes x86)
[PASS  ] bb_libsurfaceflinger_2fdf3c_c0 (345 bytes x86)
[PASS  ] bb_libsurfaceflinger_2fdf3c_c1 (345 bytes x86)
[PASS  ] bb_libsurfaceflinger_2fdf3c_c2 (345 bytes x86)
[SKIP  ] bb_libsurfaceflinger_2fdf54_c0 reference: unsupported insn 0x5e0c04d1
[SKIP  ] bb_libsurfaceflinger_2fdf54_c1 reference: unsupported insn 0x5e0c04d1
[SKIP  ] bb_libsurfaceflinger_2fdf54_c2 reference: unsupported insn 0x5e0c04d1
[PASS  ] bb_libsurfaceflinger_2fdf74_c0 (400 bytes x86)
[PASS  ] bb_libsurfaceflinger_2fdf74_c1 (400 bytes x86)
[PASS  ] bb_libsurfaceflinger_2fdf74_c2 (400 bytes x86)
[PASS  ] bb_libsurfaceflinger_2fdf94_c0 (429 bytes x86)
[PASS  ] bb_libsurfaceflinger_2fdf94_c1 (429 bytes x86)
[PASS  ] bb_libsurfaceflinger_2fdf94_c2 (429 bytes x86)
[PASS  ] bb_libsurfaceflinger_2fdfb4_c0 (433 bytes x86)
[PASS  ] bb_libsurfaceflinger_2fdfb4_c1 (433 bytes x86)
[PASS  ] bb_libsurfaceflinger_2fdfb4_c2 (433 bytes x86)
[PASS  ] bb_libsurfaceflinger_2fe014_c0 (433 bytes x86)
[PASS  ] bb_libsurfaceflinger_2fe014_c1 (433 bytes x86)
[PASS  ] bb_libsurfaceflinger_2fe014_c2 (433 bytes x86)
[SKIP  ] bb_libsurfaceflinger_2fe034_c0 reference: unsupported insn 0x5fa49075
[SKIP  ] bb_libsurfaceflinger_2fe034_c1 reference: unsupported insn 0x5fa49075
[SKIP  ] bb_libsurfaceflinger_2fe034_c2 reference: unsupported insn 0x5fa49075
[PASS  ] bb_libsurfaceflinger_2fe074_c0 (717 bytes x86)
[PASS  ] bb_libsurfaceflinger_2fe074_c1 (717 bytes x86)
[PASS  ] bb_libsurfaceflinger_2fe074_c2 (717 bytes x86)
[PASS  ] bb_libsurfaceflinger_2fe094_c0 (471 bytes x86)
[PASS  ] bb_libsurfaceflinger_2fe094_c1 (471 bytes x86)
[PASS  ] bb_libsurfaceflinger_2fe094_c2 (471 bytes x86)
[SKIP  ] bb_libsurfaceflinger_2fe0b4_c0 reference: unsupported insn 0x1e201004
[SKIP  ] bb_libsurfaceflinger_2fe0b4_c1 reference: unsupported insn 0x1e201004
[SKIP  ] bb_libsurfaceflinger_2fe0b4_c2 reference: unsupported insn 0x1e201004
[SKIP  ] bb_libsurfaceflinger_2fe220_c0 reference: unsupported insn 0x0f03f604
[SKIP  ] bb_libsurfaceflinger_2fe220_c1 reference: unsupported insn 0x0f03f604
[SKIP  ] bb_libsurfaceflinger_2fe220_c2 reference: unsupported insn 0x0f03f604
[SKIP  ] bb_libsurfaceflinger_2fe28c_c0 reference: unsupported insn 0x1e241404
[SKIP  ] bb_libsurfaceflinger_2fe28c_c1 reference: unsupported insn 0x1e241404
[SKIP  ] bb_libsurfaceflinger_2fe28c_c2 reference: unsupported insn 0x1e241404
[SKIP  ] bb_libsurfaceflinger_2fe3a0_c0 reference: unsupported insn 0x0f02f609
[SKIP  ] bb_libsurfaceflinger_2fe3a0_c1 reference: unsupported insn 0x0f02f609
[SKIP  ] bb_libsurfaceflinger_2fe3a0_c2 reference: unsupported insn 0x0f02f609
[PASS  ] bb_libsurfaceflinger_2fe4b4_c0 (174 bytes x86)
[PASS  ] bb_libsurfaceflinger_2fe4b4_c1 (174 bytes x86)
[PASS  ] bb_libsurfaceflinger_2fe4b4_c2 (174 bytes x86)
[SKIP  ] bb_libsurfaceflinger_2febf4_c0 reference: unsupported insn 0x6f00e400
[SKIP  ] bb_libsurfaceflinger_2febf4_c1 reference: unsupported insn 0x6f00e400
[SKIP  ] bb_libsurfaceflinger_2febf4_c2 reference: unsupported insn 0x6f00e400
[SKIP  ] bb_libsurfaceflinger_2fecd0_c0 reference: unsupported insn 0x1e270102
[SKIP  ] bb_libsurfaceflinger_2fecd0_c1 reference: unsupported insn 0x1e270102
[SKIP  ] bb_libsurfaceflinger_2fecd0_c2 reference: unsupported insn 0x1e270102
[PASS  ] bb_libsurfaceflinger_2fecf0_c0 (409 bytes x86)
[PASS  ] bb_libsurfaceflinger_2fecf0_c1 (409 bytes x86)
[PASS  ] bb_libsurfaceflinger_2fecf0_c2 (409 bytes x86)
[SKIP  ] bb_libsurfaceflinger_2fedac_c0 reference: unsupported insn 0x1e260008
[SKIP  ] bb_libsurfaceflinger_2fedac_c1 reference: unsupported insn 0x1e260008
[SKIP  ] bb_libsurfaceflinger_2fedac_c2 reference: unsupported insn 0x1e260008
[SKIP  ] bb_libsurfaceflinger_2ff34c_c0 reference: unsupported insn 0x1e2e1000
[SKIP  ] bb_libsurfaceflinger_2ff34c_c1 reference: unsupported insn 0x1e2e1000
[SKIP  ] bb_libsurfaceflinger_2ff34c_c2 reference: unsupported insn 0x1e2e1000
[SKIP  ] bb_libsurfaceflinger_2ff59c_c0 reference: unsupported insn 0x6e205800
[SKIP  ] bb_libsurfaceflinger_2ff59c_c1 reference: unsupported insn 0x6e205800
[SKIP  ] bb_libsurfaceflinger_2ff59c_c2 reference: unsupported insn 0x6e205800
[SKIP  ] bb_libsurfaceflinger_300144_c0 reference: unsupported insn 0x1e6e1000
[SKIP  ] bb_libsurfaceflinger_300144_c1 reference: unsupported insn 0x1e6e1000
[SKIP  ] bb_libsurfaceflinger_300144_c2 reference: unsupported insn 0x1e6e1000
[SKIP  ] bb_libsurfaceflinger_300264_c0 reference: unsupported insn 0x1e6e1000
[SKIP  ] bb_libsurfaceflinger_300264_c1 reference: unsupported insn 0x1e6e1000
[SKIP  ] bb_libsurfaceflinger_300264_c2 reference: unsupported insn 0x1e6e1000
[PASS  ] bb_libsurfaceflinger_3002d8_c0 (283 bytes x86)
[PASS  ] bb_libsurfaceflinger_3002d8_c1 (283 bytes x86)
[PASS  ] bb_libsurfaceflinger_3002d8_c2 (283 bytes x86)
[PASS  ] bb_libsurfaceflinger_300308_c0 (274 bytes x86)
[PASS  ] bb_libsurfaceflinger_300308_c1 (274 bytes x86)
[PASS  ] bb_libsurfaceflinger_300308_c2 (274 bytes x86)
[PASS  ] bb_libsurfaceflinger_300318_c0 (412 bytes x86)
[PASS  ] bb_libsurfaceflinger_300318_c1 (412 bytes x86)
[PASS  ] bb_libsurfaceflinger_300318_c2 (412 bytes x86)
[SKIP  ] bb_libsurfaceflinger_301358_c0 reference: unsupported insn 0x0fa09000
[SKIP  ] bb_libsurfaceflinger_301358_c1 reference: unsupported insn 0x0fa09000
[SKIP  ] bb_libsurfaceflinger_301358_c2 reference: unsupported insn 0x0fa09000
[SKIP  ] bb_libsurfaceflinger_301de4_c0 reference: unsupported insn 0x9e670100
[SKIP  ] bb_libsurfaceflinger_301de4_c1 reference: unsupported insn 0x9e670100
[SKIP  ] bb_libsurfaceflinger_301de4_c2 reference: unsupported insn 0x9e670100
[SKIP  ] bb_libsurfaceflinger_303a80_c0 reference: unsupported insn 0x1e260019
[SKIP  ] bb_libsurfaceflinger_303a80_c1 reference: unsupported insn 0x1e260019
[SKIP  ] bb_libsurfaceflinger_303a80_c2 reference: unsupported insn 0x1e260019
[SKIP  ] bb_libsurfaceflinger_303b00_c0 reference: unsupported insn 0x7ea1d402
[SKIP  ] bb_libsurfaceflinger_303b00_c1 reference: unsupported insn 0x7ea1d402
[SKIP  ] bb_libsurfaceflinger_303b00_c2 reference: unsupported insn 0x7ea1d402
[SKIP  ] bb_libsurfaceflinger_303b20_c0 reference: unsupported insn 0x1e290028
[SKIP  ] bb_libsurfaceflinger_303b20_c1 reference: unsupported insn 0x1e290028
[SKIP  ] bb_libsurfaceflinger_303b20_c2 reference: unsupported insn 0x1e290028
[SKIP  ] bb_libsurfaceflinger_303b40_c0 reference: unsupported insn 0x1e2b5420
[SKIP  ] bb_libsurfaceflinger_303b40_c1 reference: unsupported insn 0x1e2b5420
[SKIP  ] bb_libsurfaceflinger_303b40_c2 reference: unsupported insn 0x1e2b5420
[SKIP  ] bb_libsurfaceflinger_303b74_c0 reference: unsupported insn 0x1e260019
[SKIP  ] bb_libsurfaceflinger_303b74_c1 reference: unsupported insn 0x1e260019
[SKIP  ] bb_libsurfaceflinger_303b74_c2 reference: unsupported insn 0x1e260019
[SKIP  ] bb_libsurfaceflinger_303b88_c0 reference: unsupported insn 0x1e270320
[SKIP  ] bb_libsurfaceflinger_303b88_c1 reference: unsupported insn 0x1e270320
[SKIP  ] bb_libsurfaceflinger_303b88_c2 reference: unsupported insn 0x1e270320
[PASS  ] bb_libsurfaceflinger_303b94_c0 (235 bytes x86)
[PASS  ] bb_libsurfaceflinger_303b94_c1 (235 bytes x86)
[PASS  ] bb_libsurfaceflinger_303b94_c2 (235 bytes x86)
[PASS  ] bb_libsurfaceflinger_303bf0_c0 (408 bytes x86)
[PASS  ] bb_libsurfaceflinger_303bf0_c1 (408 bytes x86)
[PASS  ] bb_libsurfaceflinger_303bf0_c2 (408 bytes x86)
[SKIP  ] bb_libsurfaceflinger_303c14_c0 reference: unsupported insn 0x7ea0d422
[SKIP  ] bb_libsurfaceflinger_303c14_c1 reference: unsupported insn 0x7ea0d422
[SKIP  ] bb_libsurfaceflinger_303c14_c2 reference: unsupported insn 0x7ea0d422
[SKIP  ] bb_libsurfaceflinger_303dbc_c0 reference: unsupported insn 0x1e260008
[SKIP  ] bb_libsurfaceflinger_303dbc_c1 reference: unsupported insn 0x1e260008
[SKIP  ] bb_libsurfaceflinger_303dbc_c2 reference: unsupported insn 0x1e260008
[SKIP  ] bb_libsurfaceflinger_303df0_c0 reference: unsupported insn 0x1e270322
[SKIP  ] bb_libsurfaceflinger_303df0_c1 reference: unsupported insn 0x1e270322
[SKIP  ] bb_libsurfaceflinger_303df0_c2 reference: unsupported insn 0x1e270322
[SKIP  ] bb_libsurfaceflinger_303dfc_c0 reference: unsupported insn 0x7ea1d441
[SKIP  ] bb_libsurfaceflinger_303dfc_c1 reference: unsupported insn 0x7ea1d441
[SKIP  ] bb_libsurfaceflinger_303dfc_c2 reference: unsupported insn 0x7ea1d441
[SKIP  ] bb_libsurfaceflinger_303e28_c0 reference: unsupported insn 0x7ea1d401
[SKIP  ] bb_libsurfaceflinger_303e28_c1 reference: unsupported insn 0x7ea1d401
[SKIP  ] bb_libsurfaceflinger_303e28_c2 reference: unsupported insn 0x7ea1d401
[SKIP  ] bb_libsurfaceflinger_3040c4_c0 reference: unsupported insn 0x7ea0d420
[SKIP  ] bb_libsurfaceflinger_3040c4_c1 reference: unsupported insn 0x7ea0d420
[SKIP  ] bb_libsurfaceflinger_3040c4_c2 reference: unsupported insn 0x7ea0d420
[SKIP  ] bb_libsurfaceflinger_3040d4_c0 reference: unsupported insn 0x1e290008
[SKIP  ] bb_libsurfaceflinger_3040d4_c1 reference: unsupported insn 0x1e290008
[SKIP  ] bb_libsurfaceflinger_3040d4_c2 reference: unsupported insn 0x1e290008
[SKIP  ] bb_libsurfaceflinger_304120_c0 reference: unsupported insn 0x7ea2d401
[SKIP  ] bb_libsurfaceflinger_304120_c1 reference: unsupported insn 0x7ea2d401
[SKIP  ] bb_libsurfaceflinger_304120_c2 reference: unsupported insn 0x7ea2d401
[SKIP  ] bb_libsurfaceflinger_3056b8_c0 reference: unsupported insn 0x1e2702c8
[SKIP  ] bb_libsurfaceflinger_3056b8_c1 reference: unsupported insn 0x1e2702c8
[SKIP  ] bb_libsurfaceflinger_3056b8_c2 reference: unsupported insn 0x1e2702c8
[SKIP  ] bb_libsurfaceflinger_305734_c0 reference: unsupported insn 0x7ea8d401
[SKIP  ] bb_libsurfaceflinger_305734_c1 reference: unsupported insn 0x7ea8d401
[SKIP  ] bb_libsurfaceflinger_305734_c2 reference: unsupported insn 0x7ea8d401
[SKIP  ] bb_libsurfaceflinger_305a88_c0 reference: unsupported insn 0x1e2702c0
[SKIP  ] bb_libsurfaceflinger_305a88_c1 reference: unsupported insn 0x1e2702c0
[SKIP  ] bb_libsurfaceflinger_305a88_c2 reference: unsupported insn 0x1e2702c0
[SKIP  ] bb_libsurfaceflinger_3069ac_c0 reference: unsupported insn 0x1e2e1001
[SKIP  ] bb_libsurfaceflinger_3069ac_c1 reference: unsupported insn 0x1e2e1001
[SKIP  ] bb_libsurfaceflinger_3069ac_c2 reference: unsupported insn 0x1e2e1001
[PASS  ] bb_libsurfaceflinger_308e34_c0 (645 bytes x86)
[PASS  ] bb_libsurfaceflinger_308e34_c1 (645 bytes x86)
[PASS  ] bb_libsurfaceflinger_308e34_c2 (645 bytes x86)
[SKIP  ] bb_libsurfaceflinger_309d44_c0 reference: unsupported insn 0x9e670100
[SKIP  ] bb_libsurfaceflinger_309d44_c1 reference: unsupported insn 0x9e670100
[SKIP  ] bb_libsurfaceflinger_309d44_c2 reference: unsupported insn 0x9e670100
[SKIP  ] bb_libsurfaceflinger_309d64_c0 reference: unsupported insn 0x0e205800
[SKIP  ] bb_libsurfaceflinger_309d64_c1 reference: unsupported insn 0x0e205800
[SKIP  ] bb_libsurfaceflinger_309d64_c2 reference: unsupported insn 0x0e205800
[SKIP  ] bb_libsurfaceflinger_309d84_c0 reference: unsupported insn 0x1e260009
[SKIP  ] bb_libsurfaceflinger_309d84_c1 reference: unsupported insn 0x1e260009
[SKIP  ] bb_libsurfaceflinger_309d84_c2 reference: unsupported insn 0x1e260009
[SKIP  ] bb_libsurfaceflinger_30d578_c0 reference: unsupported insn 0x9e66002a
[SKIP  ] bb_libsurfaceflinger_30d578_c1 reference: unsupported insn 0x9e66002a
[SKIP  ] bb_libsurfaceflinger_30d578_c2 reference: unsupported insn 0x9e66002a
[PASS  ] bb_libsurfaceflinger_30d5cc_c0 (282 bytes x86)
[PASS  ] bb_libsurfaceflinger_30d5cc_c1 (282 bytes x86)
[PASS  ] bb_libsurfaceflinger_30d5cc_c2 (282 bytes x86)
[PASS  ] bb_libsurfaceflinger_30d600_c0 (228 bytes x86)
[PASS  ] bb_libsurfaceflinger_30d600_c1 (228 bytes x86)
[PASS  ] bb_libsurfaceflinger_30d600_c2 (228 bytes x86)
[SKIP  ] bb_libsurfaceflinger_30d618_c0 reference: unsupported insn 0x0f066462
[SKIP  ] bb_libsurfaceflinger_30d618_c1 reference: unsupported insn 0x0f066462
[SKIP  ] bb_libsurfaceflinger_30d618_c2 reference: unsupported insn 0x0f066462
[PASS  ] bb_libsurfaceflinger_30d624_c0 (123 bytes x86)
[PASS  ] bb_libsurfaceflinger_30d624_c1 (123 bytes x86)
[PASS  ] bb_libsurfaceflinger_30d624_c2 (123 bytes x86)
[SKIP  ] bb_libsurfaceflinger_30d6c4_c0 reference: unsupported insn 0x5ea1b822
[SKIP  ] bb_libsurfaceflinger_30d6c4_c1 reference: unsupported insn 0x5ea1b822
[SKIP  ] bb_libsurfaceflinger_30d6c4_c2 reference: unsupported insn 0x5ea1b822
[PASS  ] bb_libsurfaceflinger_30d6d4_c0 (275 bytes x86)
[PASS  ] bb_libsurfaceflinger_30d6d4_c1 (275 bytes x86)
[PASS  ] bb_libsurfaceflinger_30d6d4_c2 (275 bytes x86)
[PASS  ] bb_libsurfaceflinger_30d704_c0 (275 bytes x86)
[PASS  ] bb_libsurfaceflinger_30d704_c1 (275 bytes x86)
[PASS  ] bb_libsurfaceflinger_30d704_c2 (275 bytes x86)
[SKIP  ] bb_libsurfaceflinger_30e4e0_c0 reference: unsupported insn 0x9e660008
[SKIP  ] bb_libsurfaceflinger_30e4e0_c1 reference: unsupported insn 0x9e660008
[SKIP  ] bb_libsurfaceflinger_30e4e0_c2 reference: unsupported insn 0x9e660008
[SKIP  ] bb_libsurfaceflinger_30e8cc_c0 reference: unsupported insn 0x5e21d841
[SKIP  ] bb_libsurfaceflinger_30e8cc_c1 reference: unsupported insn 0x5e21d841
[SKIP  ] bb_libsurfaceflinger_30e8cc_c2 reference: unsupported insn 0x5e21d841
[PASS  ] bb_libsurfaceflinger_30ea20_c0 (469 bytes x86)
[PASS  ] bb_libsurfaceflinger_30ea20_c1 (469 bytes x86)
[PASS  ] bb_libsurfaceflinger_30ea20_c2 (469 bytes x86)
[PASS  ] bb_libsurfaceflinger_30ea40_c0 (384 bytes x86)
[PASS  ] bb_libsurfaceflinger_30ea40_c1 (384 bytes x86)
[PASS  ] bb_libsurfaceflinger_30ea40_c2 (384 bytes x86)
[PASS  ] bb_libsurfaceflinger_30eb5c_c0 (159 bytes x86)
[PASS  ] bb_libsurfaceflinger_30eb5c_c1 (159 bytes x86)
[PASS  ] bb_libsurfaceflinger_30eb5c_c2 (159 bytes x86)
[SKIP  ] bb_libsurfaceflinger_30eba0_c0 reference: unsupported insn 0x2f00e401
[SKIP  ] bb_libsurfaceflinger_30eba0_c1 reference: unsupported insn 0x2f00e401
[SKIP  ] bb_libsurfaceflinger_30eba0_c2 reference: unsupported insn 0x2f00e401
[PASS  ] bb_libsurfaceflinger_30ebe0_c0 (129 bytes x86)
[PASS  ] bb_libsurfaceflinger_30ebe0_c1 (129 bytes x86)
[PASS  ] bb_libsurfaceflinger_30ebe0_c2 (129 bytes x86)
[SKIP  ] bb_libsurfaceflinger_30ec44_c0 reference: unsupported insn 0x5e21d900
[SKIP  ] bb_libsurfaceflinger_30ec44_c1 reference: unsupported insn 0x5e21d900
[SKIP  ] bb_libsurfaceflinger_30ec44_c2 reference: unsupported insn 0x5e21d900
[PASS  ] bb_libsurfaceflinger_30fa74_c0 (99 bytes x86)
[PASS  ] bb_libsurfaceflinger_30fa74_c1 (99 bytes x86)
[PASS  ] bb_libsurfaceflinger_30fa74_c2 (99 bytes x86)
[PASS  ] bb_libsurfaceflinger_30fdec_c0 (234 bytes x86)
[PASS  ] bb_libsurfaceflinger_30fdec_c1 (234 bytes x86)
[PASS  ] bb_libsurfaceflinger_30fdec_c2 (234 bytes x86)
[PASS  ] bb_libsurfaceflinger_310260_c0 (234 bytes x86)
[PASS  ] bb_libsurfaceflinger_310260_c1 (234 bytes x86)
[PASS  ] bb_libsurfaceflinger_310260_c2 (234 bytes x86)
[PASS  ] bb_libsurfaceflinger_310580_c0 (88 bytes x86)
[PASS  ] bb_libsurfaceflinger_310580_c1 (88 bytes x86)
[PASS  ] bb_libsurfaceflinger_310580_c2 (88 bytes x86)
[PASS  ] bb_libsurfaceflinger_31058c_c0 (88 bytes x86)
[PASS  ] bb_libsurfaceflinger_31058c_c1 (88 bytes x86)
[PASS  ] bb_libsurfaceflinger_31058c_c2 (88 bytes x86)
[SKIP  ] bb_libsurfaceflinger_313ac0_c0 reference: unsupported insn 0x1e2f1008
[SKIP  ] bb_libsurfaceflinger_313ac0_c1 reference: unsupported insn 0x1e2f1008
[SKIP  ] bb_libsurfaceflinger_313ac0_c2 reference: unsupported insn 0x1e2f1008
[SKIP  ] bb_libsurfaceflinger_31c6a0_c0 reference: unsupported insn 0x1e270100
[SKIP  ] bb_libsurfaceflinger_31c6a0_c1 reference: unsupported insn 0x1e270100
[SKIP  ] bb_libsurfaceflinger_31c6a0_c2 reference: unsupported insn 0x1e270100
[SKIP  ] bb_libsurfaceflinger_31c800_c0 reference: unsupported insn 0x2e205843
[SKIP  ] bb_libsurfaceflinger_31c800_c1 reference: unsupported insn 0x2e205843
[SKIP  ] bb_libsurfaceflinger_31c800_c2 reference: unsupported insn 0x2e205843
[SKIP  ] bb_libsurfaceflinger_31c834_c0 reference: unsupported insn 0x0e617821
[SKIP  ] bb_libsurfaceflinger_31c834_c1 reference: unsupported insn 0x0e617821
[SKIP  ] bb_libsurfaceflinger_31c834_c2 reference: unsupported insn 0x0e617821
[SKIP  ] bb_libsurfaceflinger_31c854_c0 reference: unsupported insn 0x5e0c0401
[SKIP  ] bb_libsurfaceflinger_31c854_c1 reference: unsupported insn 0x5e0c0401
[SKIP  ] bb_libsurfaceflinger_31c854_c2 reference: unsupported insn 0x5e0c0401
[SKIP  ] bb_libsurfaceflinger_31c874_c0 reference: unsupported insn 0x6f00e400
[SKIP  ] bb_libsurfaceflinger_31c874_c1 reference: unsupported insn 0x6f00e400
[SKIP  ] bb_libsurfaceflinger_31c874_c2 reference: unsupported insn 0x6f00e400
[SKIP  ] bb_libsurfaceflinger_31e730_c0 reference: unsupported insn 0x2f00e409
[SKIP  ] bb_libsurfaceflinger_31e730_c1 reference: unsupported insn 0x2f00e409
[SKIP  ] bb_libsurfaceflinger_31e730_c2 reference: unsupported insn 0x2f00e409
[SKIP  ] bb_libsurfaceflinger_31ea0c_c0 reference: unsupported insn 0x6ee1b821
[SKIP  ] bb_libsurfaceflinger_31ea0c_c1 reference: unsupported insn 0x6ee1b821
[SKIP  ] bb_libsurfaceflinger_31ea0c_c2 reference: unsupported insn 0x6ee1b821
[SKIP  ] bb_libsurfaceflinger_31ea2c_c0 reference: unsupported insn 0x1e26000b
[SKIP  ] bb_libsurfaceflinger_31ea2c_c1 reference: unsupported insn 0x1e26000b
[SKIP  ] bb_libsurfaceflinger_31ea2c_c2 reference: unsupported insn 0x1e26000b
[SKIP  ] bb_libsurfaceflinger_320d44_c0 reference: unsupported insn 0x1e270100
[SKIP  ] bb_libsurfaceflinger_320d44_c1 reference: unsupported insn 0x1e270100
[SKIP  ] bb_libsurfaceflinger_320d44_c2 reference: unsupported insn 0x1e270100
[PASS  ] bb_libsurfaceflinger_320d74_c0 (360 bytes x86)
[PASS  ] bb_libsurfaceflinger_320d74_c1 (360 bytes x86)
[PASS  ] bb_libsurfaceflinger_320d74_c2 (360 bytes x86)
[SKIP  ] bb_libsurfaceflinger_320fd0_c0 reference: unsupported insn 0x7a401944
[SKIP  ] bb_libsurfaceflinger_320fd0_c1 reference: unsupported insn 0x7a401944
[SKIP  ] bb_libsurfaceflinger_320fd0_c2 reference: unsupported insn 0x7a401944
[SKIP  ] bb_libsurfaceflinger_321008_c0 reference: unsupported insn 0x2f00e401
[SKIP  ] bb_libsurfaceflinger_321008_c1 reference: unsupported insn 0x2f00e401
[SKIP  ] bb_libsurfaceflinger_321008_c2 reference: unsupported insn 0x2f00e401
[PASS  ] bb_libsurfaceflinger_321020_c0 (139 bytes x86)
[PASS  ] bb_libsurfaceflinger_321020_c1 (139 bytes x86)
[PASS  ] bb_libsurfaceflinger_321020_c2 (139 bytes x86)
[SKIP  ] bb_libsurfaceflinger_32183c_c0 reference: unsupported insn 0x9e66000d
[SKIP  ] bb_libsurfaceflinger_32183c_c1 reference: unsupported insn 0x9e66000d
[SKIP  ] bb_libsurfaceflinger_32183c_c2 reference: unsupported insn 0x9e66000d
[SKIP  ] bb_libsurfaceflinger_321de8_c0 reference: unsupported insn 0x1e270140
[SKIP  ] bb_libsurfaceflinger_321de8_c1 reference: unsupported insn 0x1e270140
[SKIP  ] bb_libsurfaceflinger_321de8_c2 reference: unsupported insn 0x1e270140
[SKIP  ] bb_libsurfaceflinger_321e8c_c0 reference: unsupported insn 0x1e270160
[SKIP  ] bb_libsurfaceflinger_321e8c_c1 reference: unsupported insn 0x1e270160
[SKIP  ] bb_libsurfaceflinger_321e8c_c2 reference: unsupported insn 0x1e270160
[SKIP  ] bb_libsurfaceflinger_32344c_c0 reference: unsupported insn 0x6f00e400
[SKIP  ] bb_libsurfaceflinger_32344c_c1 reference: unsupported insn 0x6f00e400
[SKIP  ] bb_libsurfaceflinger_32344c_c2 reference: unsupported insn 0x6f00e400
[SKIP  ] bb_libsurfaceflinger_3235b0_c0 reference: unsupported insn 0x2f056622
[SKIP  ] bb_libsurfaceflinger_3235b0_c1 reference: unsupported insn 0x2f056622
[SKIP  ] bb_libsurfaceflinger_3235b0_c2 reference: unsupported insn 0x2f056622
[SKIP  ] bb_libsurfaceflinger_323ef8_c0 reference: unsupported insn 0x1e270122
[SKIP  ] bb_libsurfaceflinger_323ef8_c1 reference: unsupported insn 0x1e270122
[SKIP  ] bb_libsurfaceflinger_323ef8_c2 reference: unsupported insn 0x1e270122
[SKIP  ] bb_libsurfaceflinger_325a10_c0 reference: unsupported insn 0x6f00e400
[SKIP  ] bb_libsurfaceflinger_325a10_c1 reference: unsupported insn 0x6f00e400
[SKIP  ] bb_libsurfaceflinger_325a10_c2 reference: unsupported insn 0x6f00e400
[SKIP  ] bb_libsurfaceflinger_3260f0_c0 reference: unsupported insn 0x2f0137e1
[SKIP  ] bb_libsurfaceflinger_3260f0_c1 reference: unsupported insn 0x2f0137e1
[SKIP  ] bb_libsurfaceflinger_3260f0_c2 reference: unsupported insn 0x2f0137e1
[PASS  ] bb_libsurfaceflinger_3285f0_c0 (319 bytes x86)
[PASS  ] bb_libsurfaceflinger_3285f0_c1 (319 bytes x86)
[PASS  ] bb_libsurfaceflinger_3285f0_c2 (319 bytes x86)
[PASS  ] bb_libsurfaceflinger_328f90_c0 (84 bytes x86)
[PASS  ] bb_libsurfaceflinger_328f90_c1 (84 bytes x86)
[PASS  ] bb_libsurfaceflinger_328f90_c2 (84 bytes x86)
[PASS  ] bb_libsurfaceflinger_32bd58_c0 (342 bytes x86)
[PASS  ] bb_libsurfaceflinger_32bd58_c1 (342 bytes x86)
[PASS  ] bb_libsurfaceflinger_32bd58_c2 (342 bytes x86)
[SKIP  ] bb_libsurfaceflinger_32c950_c0 reference: unsupported insn 0x1e260015
[SKIP  ] bb_libsurfaceflinger_32c950_c1 reference: unsupported insn 0x1e260015
[SKIP  ] bb_libsurfaceflinger_32c950_c2 reference: unsupported insn 0x1e260015
[SKIP  ] bb_libsurfaceflinger_333498_c0 reference: unsupported insn 0x1e270120
[SKIP  ] bb_libsurfaceflinger_333498_c1 reference: unsupported insn 0x1e270120
[SKIP  ] bb_libsurfaceflinger_333498_c2 reference: unsupported insn 0x1e270120
[SKIP  ] bb_libsurfaceflinger_3334b0_c0 reference: unsupported insn 0x1e270121
[SKIP  ] bb_libsurfaceflinger_3334b0_c1 reference: unsupported insn 0x1e270121
[SKIP  ] bb_libsurfaceflinger_3334b0_c2 reference: unsupported insn 0x1e270121
[SKIP  ] bb_libsurfaceflinger_334470_c0 reference: unsupported insn 0x1e2e1000
[SKIP  ] bb_libsurfaceflinger_334470_c1 reference: unsupported insn 0x1e2e1000
[SKIP  ] bb_libsurfaceflinger_334470_c2 reference: unsupported insn 0x1e2e1000
[SKIP  ] bb_libsurfaceflinger_3360c0_c0 reference: unsupported insn 0x9e670100
[SKIP  ] bb_libsurfaceflinger_3360c0_c1 reference: unsupported insn 0x9e670100
[SKIP  ] bb_libsurfaceflinger_3360c0_c2 reference: unsupported insn 0x9e670100
[SKIP  ] bb_libsurfaceflinger_3360e0_c0 reference: unsupported insn 0x0e205800
[SKIP  ] bb_libsurfaceflinger_3360e0_c1 reference: unsupported insn 0x0e205800
[SKIP  ] bb_libsurfaceflinger_3360e0_c2 reference: unsupported insn 0x0e205800
[SKIP  ] bb_libsurfaceflinger_336ebc_c0 reference: unsupported insn 0x9e290009
[SKIP  ] bb_libsurfaceflinger_336ebc_c1 reference: unsupported insn 0x9e290009
[SKIP  ] bb_libsurfaceflinger_336ebc_c2 reference: unsupported insn 0x9e290009
[SKIP  ] bb_libsurfaceflinger_33a688_c0 reference: unsupported insn 0x1e6f1000
[SKIP  ] bb_libsurfaceflinger_33a688_c1 reference: unsupported insn 0x1e6f1000
[SKIP  ] bb_libsurfaceflinger_33a688_c2 reference: unsupported insn 0x1e6f1000
[SKIP  ] bb_libsurfaceflinger_33a7e0_c0 reference: unsupported insn 0x1e6f1000
[SKIP  ] bb_libsurfaceflinger_33a7e0_c1 reference: unsupported insn 0x1e6f1000
[SKIP  ] bb_libsurfaceflinger_33a7e0_c2 reference: unsupported insn 0x1e6f1000
[SKIP  ] bb_libsurfaceflinger_33b944_c0 reference: unsupported insn 0x2f00e402
[SKIP  ] bb_libsurfaceflinger_33b944_c1 reference: unsupported insn 0x2f00e402
[SKIP  ] bb_libsurfaceflinger_33b944_c2 reference: unsupported insn 0x2f00e402
[SKIP  ] bb_libsurfaceflinger_33bb64_c0 reference: unsupported insn 0x1e2c1003
[SKIP  ] bb_libsurfaceflinger_33bb64_c1 reference: unsupported insn 0x1e2c1003
[SKIP  ] bb_libsurfaceflinger_33bb64_c2 reference: unsupported insn 0x1e2c1003
[SKIP  ] bb_libsurfaceflinger_33bb94_c0 reference: unsupported insn 0x1e2c1002
[SKIP  ] bb_libsurfaceflinger_33bb94_c1 reference: unsupported insn 0x1e2c1002
[SKIP  ] bb_libsurfaceflinger_33bb94_c2 reference: unsupported insn 0x1e2c1002
[SKIP  ] bb_libsurfaceflinger_33bba8_c0 reference: unsupported insn 0x1e2c1000
[SKIP  ] bb_libsurfaceflinger_33bba8_c1 reference: unsupported insn 0x1e2c1000
[SKIP  ] bb_libsurfaceflinger_33bba8_c2 reference: unsupported insn 0x1e2c1000
[SKIP  ] bb_libsurfaceflinger_33bbf4_c0 reference: unsupported insn 0x1e2c1005
[SKIP  ] bb_libsurfaceflinger_33bbf4_c1 reference: unsupported insn 0x1e2c1005
[SKIP  ] bb_libsurfaceflinger_33bbf4_c2 reference: unsupported insn 0x1e2c1005
[PASS  ] bb_libsurfaceflinger_33bc14_c0 (82 bytes x86)
[PASS  ] bb_libsurfaceflinger_33bc14_c1 (82 bytes x86)
[PASS  ] bb_libsurfaceflinger_33bc14_c2 (82 bytes x86)
[SKIP  ] bb_libsurfaceflinger_33bc58_c0 reference: unsupported insn 0x1e2c1005
[SKIP  ] bb_libsurfaceflinger_33bc58_c1 reference: unsupported insn 0x1e2c1005
[SKIP  ] bb_libsurfaceflinger_33bc58_c2 reference: unsupported insn 0x1e2c1005
[PASS  ] bb_libsurfaceflinger_33bc88_c0 (166 bytes x86)
[PASS  ] bb_libsurfaceflinger_33bc88_c1 (166 bytes x86)
[PASS  ] bb_libsurfaceflinger_33bc88_c2 (166 bytes x86)
[SKIP  ] bb_libsurfaceflinger_33bca8_c0 reference: unsupported insn 0x1e2c1007
[SKIP  ] bb_libsurfaceflinger_33bca8_c1 reference: unsupported insn 0x1e2c1007
[SKIP  ] bb_libsurfaceflinger_33bca8_c2 reference: unsupported insn 0x1e2c1007
[PASS  ] bb_libsurfaceflinger_33bd30_c0 (82 bytes x86)
[PASS  ] bb_libsurfaceflinger_33bd30_c1 (82 bytes x86)
[PASS  ] bb_libsurfaceflinger_33bd30_c2 (82 bytes x86)
[SKIP  ] bb_libsurfaceflinger_33c26c_c0 reference: unsupported insn 0x9e29000a
[SKIP  ] bb_libsurfaceflinger_33c26c_c1 reference: unsupported insn 0x9e29000a
[SKIP  ] bb_libsurfaceflinger_33c26c_c2 reference: unsupported insn 0x9e29000a
[SKIP  ] bb_libsurfaceflinger_33c4dc_c0 reference: unsupported insn 0x5e1c0421
[SKIP  ] bb_libsurfaceflinger_33c4dc_c1 reference: unsupported insn 0x5e1c0421
[SKIP  ] bb_libsurfaceflinger_33c4dc_c2 reference: unsupported insn 0x5e1c0421
[PASS  ] bb_libsurfaceflinger_33c650_c0 (157 bytes x86)
[PASS  ] bb_libsurfaceflinger_33c650_c1 (157 bytes x86)
[PASS  ] bb_libsurfaceflinger_33c650_c2 (157 bytes x86)
[PASS  ] bb_libsurfaceflinger_33c67c_c0 (262 bytes x86)
[PASS  ] bb_libsurfaceflinger_33c67c_c1 (262 bytes x86)
[PASS  ] bb_libsurfaceflinger_33c67c_c2 (262 bytes x86)
[SKIP  ] bb_libsurfaceflinger_33c8e0_c0 reference: unsupported insn 0x9e670300
[SKIP  ] bb_libsurfaceflinger_33c8e0_c1 reference: unsupported insn 0x9e670300
[SKIP  ] bb_libsurfaceflinger_33c8e0_c2 reference: unsupported insn 0x9e670300
[SKIP  ] bb_libsurfaceflinger_33ca38_c0 reference: unsupported insn 0x9e290009
[SKIP  ] bb_libsurfaceflinger_33ca38_c1 reference: unsupported insn 0x9e290009
[SKIP  ] bb_libsurfaceflinger_33ca38_c2 reference: unsupported insn 0x9e290009
[SKIP  ] bb_libsurfaceflinger_33e2ac_c0 reference: unsupported insn 0x4f0167e4
[SKIP  ] bb_libsurfaceflinger_33e2ac_c1 reference: unsupported insn 0x4f0167e4
[SKIP  ] bb_libsurfaceflinger_33e2ac_c2 reference: unsupported insn 0x4f0167e4
[SKIP  ] bb_libsurfaceflinger_33e6dc_c0 reference: unsupported insn 0x2f00e404
[SKIP  ] bb_libsurfaceflinger_33e6dc_c1 reference: unsupported insn 0x2f00e404
[SKIP  ] bb_libsurfaceflinger_33e6dc_c2 reference: unsupported insn 0x2f00e404
[PASS  ] bb_libsurfaceflinger_33e718_c0 (549 bytes x86)
[PASS  ] bb_libsurfaceflinger_33e718_c1 (549 bytes x86)
[PASS  ] bb_libsurfaceflinger_33e718_c2 (549 bytes x86)
[SKIP  ] bb_libsurfaceflinger_340004_c0 reference: unsupported insn 0x6f00e400
[SKIP  ] bb_libsurfaceflinger_340004_c1 reference: unsupported insn 0x6f00e400
[SKIP  ] bb_libsurfaceflinger_340004_c2 reference: unsupported insn 0x6f00e400
[SKIP  ] bb_libsurfaceflinger_340eec_c0 reference: unsupported insn 0x1e260089
[SKIP  ] bb_libsurfaceflinger_340eec_c1 reference: unsupported insn 0x1e260089
[SKIP  ] bb_libsurfaceflinger_340eec_c2 reference: unsupported insn 0x1e260089
[PASS  ] bb_libsurfaceflinger_340f80_c0 (173 bytes x86)
[PASS  ] bb_libsurfaceflinger_340f80_c1 (173 bytes x86)
[PASS  ] bb_libsurfaceflinger_340f80_c2 (173 bytes x86)
[PASS  ] bb_libsurfaceflinger_340f8c_c0 (170 bytes x86)
[PASS  ] bb_libsurfaceflinger_340f8c_c1 (170 bytes x86)
[PASS  ] bb_libsurfaceflinger_340f8c_c2 (170 bytes x86)
[SKIP  ] bb_libsurfaceflinger_341460_c0 reference: unsupported insn 0x1e270121
[SKIP  ] bb_libsurfaceflinger_341460_c1 reference: unsupported insn 0x1e270121
[SKIP  ] bb_libsurfaceflinger_341460_c2 reference: unsupported insn 0x1e270121
[PASS  ] bb_libsurfaceflinger_341514_c0 (840 bytes x86)
[PASS  ] bb_libsurfaceflinger_341514_c1 (840 bytes x86)
[PASS  ] bb_libsurfaceflinger_341514_c2 (840 bytes x86)
[SKIP  ] bb_libsurfaceflinger_3447bc_c0 reference: unsupported insn 0x9e670300
[SKIP  ] bb_libsurfaceflinger_3447bc_c1 reference: unsupported insn 0x9e670300
[SKIP  ] bb_libsurfaceflinger_3447bc_c2 reference: unsupported insn 0x9e670300
[SKIP  ] bb_libsurfaceflinger_346780_c0 reference: unsupported insn 0x9e290009
[SKIP  ] bb_libsurfaceflinger_346780_c1 reference: unsupported insn 0x9e290009
[SKIP  ] bb_libsurfaceflinger_346780_c2 reference: unsupported insn 0x9e290009
[SKIP  ] bb_libsurfaceflinger_347d24_c0 reference: unsupported insn 0x9e6701a0
[SKIP  ] bb_libsurfaceflinger_347d24_c1 reference: unsupported insn 0x9e6701a0
[SKIP  ] bb_libsurfaceflinger_347d24_c2 reference: unsupported insn 0x9e6701a0
[SKIP  ] bb_libsurfaceflinger_347f8c_c0 reference: unsupported insn 0x2f00e400
[SKIP  ] bb_libsurfaceflinger_347f8c_c1 reference: unsupported insn 0x2f00e400
[SKIP  ] bb_libsurfaceflinger_347f8c_c2 reference: unsupported insn 0x2f00e400
[PASS  ] bb_libsurfaceflinger_34b8d0_c0 (84 bytes x86)
[PASS  ] bb_libsurfaceflinger_34b8d0_c1 (84 bytes x86)
[PASS  ] bb_libsurfaceflinger_34b8d0_c2 (84 bytes x86)
[PASS  ] bb_libsurfaceflinger_34b910_c0 (138 bytes x86)
[PASS  ] bb_libsurfaceflinger_34b910_c1 (138 bytes x86)
[PASS  ] bb_libsurfaceflinger_34b910_c2 (138 bytes x86)
[SKIP  ] bb_libsurfaceflinger_34bef0_c0 reference: unsupported insn 0x1e2702e0
[SKIP  ] bb_libsurfaceflinger_34bef0_c1 reference: unsupported insn 0x1e2702e0
[SKIP  ] bb_libsurfaceflinger_34bef0_c2 reference: unsupported insn 0x1e2702e0
[SKIP  ] bb_libsurfaceflinger_34d8a8_c0 reference: unsupported insn 0x6f00e400
[SKIP  ] bb_libsurfaceflinger_34d8a8_c1 reference: unsupported insn 0x6f00e400
[SKIP  ] bb_libsurfaceflinger_34d8a8_c2 reference: unsupported insn 0x6f00e400
[SKIP  ] bb_libsurfaceflinger_34ff78_c0 reference: unsupported insn 0x9e670102
[SKIP  ] bb_libsurfaceflinger_34ff78_c1 reference: unsupported insn 0x9e670102
[SKIP  ] bb_libsurfaceflinger_34ff78_c2 reference: unsupported insn 0x9e670102
[SKIP  ] bb_libsurfaceflinger_3516a4_c0 reference: unsupported insn 0x9e670120
[SKIP  ] bb_libsurfaceflinger_3516a4_c1 reference: unsupported insn 0x9e670120
[SKIP  ] bb_libsurfaceflinger_3516a4_c2 reference: unsupported insn 0x9e670120
[PASS  ] bb_libsurfaceflinger_35222c_c0 (259 bytes x86)
[PASS  ] bb_libsurfaceflinger_35222c_c1 (259 bytes x86)
[PASS  ] bb_libsurfaceflinger_35222c_c2 (259 bytes x86)
[SKIP  ] bb_libsurfaceflinger_352984_c0 reference: unsupported insn 0x9e29000a
[SKIP  ] bb_libsurfaceflinger_352984_c1 reference: unsupported insn 0x9e29000a
[SKIP  ] bb_libsurfaceflinger_352984_c2 reference: unsupported insn 0x9e29000a
[SKIP  ] bb_libsurfaceflinger_353f8c_c0 reference: unsupported insn 0x9e670120
[SKIP  ] bb_libsurfaceflinger_353f8c_c1 reference: unsupported insn 0x9e670120
[SKIP  ] bb_libsurfaceflinger_353f8c_c2 reference: unsupported insn 0x9e670120
[SKIP  ] bb_libsurfaceflinger_3563b4_c0 reference: unsupported insn 0x0e205841
[SKIP  ] bb_libsurfaceflinger_3563b4_c1 reference: unsupported insn 0x0e205841
[SKIP  ] bb_libsurfaceflinger_3563b4_c2 reference: unsupported insn 0x0e205841
[SKIP  ] bb_libsurfaceflinger_3571b0_c0 reference: unsupported insn 0x1e270101
[SKIP  ] bb_libsurfaceflinger_3571b0_c1 reference: unsupported insn 0x1e270101
[SKIP  ] bb_libsurfaceflinger_3571b0_c2 reference: unsupported insn 0x1e270101
[SKIP  ] bb_libsurfaceflinger_3579fc_c0 reference: unsupported insn 0x9e290009
[SKIP  ] bb_libsurfaceflinger_3579fc_c1 reference: unsupported insn 0x9e290009
[SKIP  ] bb_libsurfaceflinger_3579fc_c2 reference: unsupported insn 0x9e290009
[SKIP  ] bb_libsurfaceflinger_35b1bc_c0 reference: unsupported insn 0x1e6e1001
[SKIP  ] bb_libsurfaceflinger_35b1bc_c1 reference: unsupported insn 0x1e6e1001
[SKIP  ] bb_libsurfaceflinger_35b1bc_c2 reference: unsupported insn 0x1e6e1001
[PASS  ] bb_libsurfaceflinger_35b230_c0 (396 bytes x86)
[PASS  ] bb_libsurfaceflinger_35b230_c1 (396 bytes x86)
[PASS  ] bb_libsurfaceflinger_35b230_c2 (396 bytes x86)
[SKIP  ] bb_libsurfaceflinger_35ba80_c0 reference: unsupported insn 0x1e6f1000
[SKIP  ] bb_libsurfaceflinger_35ba80_c1 reference: unsupported insn 0x1e6f1000
[SKIP  ] bb_libsurfaceflinger_35ba80_c2 reference: unsupported insn 0x1e6f1000
[PASS  ] bb_libsurfaceflinger_360b5c_c0 (170 bytes x86)
[PASS  ] bb_libsurfaceflinger_360b5c_c1 (170 bytes x86)
[PASS  ] bb_libsurfaceflinger_360b5c_c2 (170 bytes x86)
[SKIP  ] bb_libsurfaceflinger_360cd0_c0 reference: unsupported insn 0x2f00e408
[SKIP  ] bb_libsurfaceflinger_360cd0_c1 reference: unsupported insn 0x2f00e408
[SKIP  ] bb_libsurfaceflinger_360cd0_c2 reference: unsupported insn 0x2f00e408
[SKIP  ] bb_libsurfaceflinger_360ee0_c0 reference: unsupported insn 0x6f00e419
[SKIP  ] bb_libsurfaceflinger_360ee0_c1 reference: unsupported insn 0x6f00e419
[SKIP  ] bb_libsurfaceflinger_360ee0_c2 reference: unsupported insn 0x6f00e419
[SKIP  ] bb_libsurfaceflinger_360f00_c0 reference: unsupported insn 0x1e241404
[SKIP  ] bb_libsurfaceflinger_360f00_c1 reference: unsupported insn 0x1e241404
[SKIP  ] bb_libsurfaceflinger_360f00_c2 reference: unsupported insn 0x1e241404
[SKIP  ] bb_libsurfaceflinger_360f74_c0 reference: unsupported insn 0x2f00e405
[SKIP  ] bb_libsurfaceflinger_360f74_c1 reference: unsupported insn 0x2f00e405
[SKIP  ] bb_libsurfaceflinger_360f74_c2 reference: unsupported insn 0x2f00e405
[SKIP  ] bb_libsurfaceflinger_360f94_c0 reference: unsupported insn 0x1e2514e4
[SKIP  ] bb_libsurfaceflinger_360f94_c1 reference: unsupported insn 0x1e2514e4
[SKIP  ] bb_libsurfaceflinger_360f94_c2 reference: unsupported insn 0x1e2514e4
[SKIP  ] bb_libsurfaceflinger_361024_c0 reference: unsupported insn 0x0e6178e7
[SKIP  ] bb_libsurfaceflinger_361024_c1 reference: unsupported insn 0x0e6178e7
[SKIP  ] bb_libsurfaceflinger_361024_c2 reference: unsupported insn 0x0e6178e7
[SKIP  ] bb_libsurfaceflinger_361064_c0 reference: unsupported insn 0x7e70da24
[SKIP  ] bb_libsurfaceflinger_361064_c1 reference: unsupported insn 0x7e70da24
[SKIP  ] bb_libsurfaceflinger_361064_c2 reference: unsupported insn 0x7e70da24
[PASS  ] bb_libsurfaceflinger_361084_c0 (149 bytes x86)
[PASS  ] bb_libsurfaceflinger_361084_c1 (149 bytes x86)
[PASS  ] bb_libsurfaceflinger_361084_c2 (149 bytes x86)
[SKIP  ] bb_libsurfaceflinger_361124_c0 reference: unsupported insn 0x0e616841
[SKIP  ] bb_libsurfaceflinger_361124_c1 reference: unsupported insn 0x0e616841
[SKIP  ] bb_libsurfaceflinger_361124_c2 reference: unsupported insn 0x0e616841
[SKIP  ] bb_libsurfaceflinger_361144_c0 reference: unsupported insn 0x1e2e1000
[SKIP  ] bb_libsurfaceflinger_361144_c1 reference: unsupported insn 0x1e2e1000
[SKIP  ] bb_libsurfaceflinger_361144_c2 reference: unsupported insn 0x1e2e1000
[PASS  ] bb_libsurfaceflinger_361290_c0 (334 bytes x86)
[PASS  ] bb_libsurfaceflinger_361290_c1 (334 bytes x86)
[PASS  ] bb_libsurfaceflinger_361290_c2 (334 bytes x86)
[SKIP  ] bb_libsurfaceflinger_3612b0_c0 reference: unsupported insn 0x5fa49224
[SKIP  ] bb_libsurfaceflinger_3612b0_c1 reference: unsupported insn 0x5fa49224
[SKIP  ] bb_libsurfaceflinger_3612b0_c2 reference: unsupported insn 0x5fa49224
[PASS  ] bb_libsurfaceflinger_3612d0_c0 (108 bytes x86)
[PASS  ] bb_libsurfaceflinger_3612d0_c1 (108 bytes x86)
[PASS  ] bb_libsurfaceflinger_3612d0_c2 (108 bytes x86)
[SKIP  ] bb_libsurfaceflinger_3613bc_c0 reference: unsupported insn 0x5fa49224
[SKIP  ] bb_libsurfaceflinger_3613bc_c1 reference: unsupported insn 0x5fa49224
[SKIP  ] bb_libsurfaceflinger_3613bc_c2 reference: unsupported insn 0x5fa49224
[PASS  ] bb_libsurfaceflinger_3613dc_c0 (108 bytes x86)
[PASS  ] bb_libsurfaceflinger_3613dc_c1 (108 bytes x86)
[PASS  ] bb_libsurfaceflinger_3613dc_c2 (108 bytes x86)
[SKIP  ] bb_libsurfaceflinger_363950_c0 reference: unsupported insn 0x9e29000a
[SKIP  ] bb_libsurfaceflinger_363950_c1 reference: unsupported insn 0x9e29000a
[SKIP  ] bb_libsurfaceflinger_363950_c2 reference: unsupported insn 0x9e29000a
[SKIP  ] bb_libsurfaceflinger_367784_c0 reference: unsupported insn 0x1e270022
[SKIP  ] bb_libsurfaceflinger_367784_c1 reference: unsupported insn 0x1e270022
[SKIP  ] bb_libsurfaceflinger_367784_c2 reference: unsupported insn 0x1e270022
[SKIP  ] bb_libsurfaceflinger_367790_c0 reference: unsupported insn 0x7ea0d443
[SKIP  ] bb_libsurfaceflinger_367790_c1 reference: unsupported insn 0x7ea0d443
[SKIP  ] bb_libsurfaceflinger_367790_c2 reference: unsupported insn 0x7ea0d443
[SKIP  ] bb_libsurfaceflinger_3677b0_c0 reference: unsupported insn 0x1e310008
[SKIP  ] bb_libsurfaceflinger_3677b0_c1 reference: unsupported insn 0x1e310008
[SKIP  ] bb_libsurfaceflinger_3677b0_c2 reference: unsupported insn 0x1e310008
[PASS  ] bb_libsurfaceflinger_377750_c0 (145 bytes x86)
[PASS  ] bb_libsurfaceflinger_377750_c1 (145 bytes x86)
[PASS  ] bb_libsurfaceflinger_377750_c2 (145 bytes x86)
[PASS  ] bb_libsurfaceflinger_3777c4_c0 (242 bytes x86)
[PASS  ] bb_libsurfaceflinger_3777c4_c1 (242 bytes x86)
[PASS  ] bb_libsurfaceflinger_3777c4_c2 (242 bytes x86)
[SKIP  ] bb_libsurfaceflinger_37810c_c0 reference: unsupported insn 0x9e290009
[SKIP  ] bb_libsurfaceflinger_37810c_c1 reference: unsupported insn 0x9e290009
[SKIP  ] bb_libsurfaceflinger_37810c_c2 reference: unsupported insn 0x9e290009
[SKIP  ] bb_libsurfaceflinger_378b08_c0 reference: unsupported insn 0x9e670140
[SKIP  ] bb_libsurfaceflinger_378b08_c1 reference: unsupported insn 0x9e670140
[SKIP  ] bb_libsurfaceflinger_378b08_c2 reference: unsupported insn 0x9e670140
[SKIP  ] bb_libsurfaceflinger_378cf0_c0 reference: unsupported insn 0x9e290009
[SKIP  ] bb_libsurfaceflinger_378cf0_c1 reference: unsupported insn 0x9e290009
[SKIP  ] bb_libsurfaceflinger_378cf0_c2 reference: unsupported insn 0x9e290009
[SKIP  ] bb_libsurfaceflinger_378ec4_c0 reference: unsupported insn 0x9e670100
[SKIP  ] bb_libsurfaceflinger_378ec4_c1 reference: unsupported insn 0x9e670100
[SKIP  ] bb_libsurfaceflinger_378ec4_c2 reference: unsupported insn 0x9e670100
[SKIP  ] bb_libsurfaceflinger_3799fc_c0 reference: unsupported insn 0x9e290009
[SKIP  ] bb_libsurfaceflinger_3799fc_c1 reference: unsupported insn 0x9e290009
[SKIP  ] bb_libsurfaceflinger_3799fc_c2 reference: unsupported insn 0x9e290009
[SKIP  ] bb_libsurfaceflinger_37e0b4_c0 reference: unsupported insn 0x0f07f608
[SKIP  ] bb_libsurfaceflinger_37e0b4_c1 reference: unsupported insn 0x0f07f608
[SKIP  ] bb_libsurfaceflinger_37e0b4_c2 reference: unsupported insn 0x0f07f608
[SKIP  ] bb_libsurfaceflinger_37eb54_c0 reference: unsupported insn 0x9e670100
[SKIP  ] bb_libsurfaceflinger_37eb54_c1 reference: unsupported insn 0x9e670100
[SKIP  ] bb_libsurfaceflinger_37eb54_c2 reference: unsupported insn 0x9e670100
[SKIP  ] bb_libsurfaceflinger_37f0a8_c0 reference: unsupported insn 0x9e670140
[SKIP  ] bb_libsurfaceflinger_37f0a8_c1 reference: unsupported insn 0x9e670140
[SKIP  ] bb_libsurfaceflinger_37f0a8_c2 reference: unsupported insn 0x9e670140
[SKIP  ] bb_libsurfaceflinger_37f0c8_c0 reference: unsupported insn 0x0e205800
[SKIP  ] bb_libsurfaceflinger_37f0c8_c1 reference: unsupported insn 0x0e205800
[SKIP  ] bb_libsurfaceflinger_37f0c8_c2 reference: unsupported insn 0x0e205800
[SKIP  ] bb_libsurfaceflinger_37f0e8_c0 reference: unsupported insn 0x1e26000b
[SKIP  ] bb_libsurfaceflinger_37f0e8_c1 reference: unsupported insn 0x1e26000b
[SKIP  ] bb_libsurfaceflinger_37f0e8_c2 reference: unsupported insn 0x1e26000b
[SKIP  ] bb_libsurfaceflinger_37f6f0_c0 reference: unsupported insn 0x9e6702c0
[SKIP  ] bb_libsurfaceflinger_37f6f0_c1 reference: unsupported insn 0x9e6702c0
[SKIP  ] bb_libsurfaceflinger_37f6f0_c2 reference: unsupported insn 0x9e6702c0
[SKIP  ] bb_libsurfaceflinger_384514_c0 reference: unsupported insn 0x9e6702e0
[SKIP  ] bb_libsurfaceflinger_384514_c1 reference: unsupported insn 0x9e6702e0
[SKIP  ] bb_libsurfaceflinger_384514_c2 reference: unsupported insn 0x9e6702e0
[PASS  ] bb_libsurfaceflinger_3845a4_c0 (545 bytes x86)
[PASS  ] bb_libsurfaceflinger_3845a4_c1 (545 bytes x86)
[PASS  ] bb_libsurfaceflinger_3845a4_c2 (545 bytes x86)
[SKIP  ] bb_libsurfaceflinger_3845c4_c0 reference: unsupported insn 0x9e29000a
[SKIP  ] bb_libsurfaceflinger_3845c4_c1 reference: unsupported insn 0x9e29000a
[SKIP  ] bb_libsurfaceflinger_3845c4_c2 reference: unsupported insn 0x9e29000a
[SKIP  ] bb_libsurfaceflinger_392740_c0 reference: unsupported insn 0x1e260009
[SKIP  ] bb_libsurfaceflinger_392740_c1 reference: unsupported insn 0x1e260009
[SKIP  ] bb_libsurfaceflinger_392740_c2 reference: unsupported insn 0x1e260009
[PASS  ] bb_libsurfaceflinger_392f00_c0 (92 bytes x86)
[PASS  ] bb_libsurfaceflinger_392f00_c1 (92 bytes x86)
[PASS  ] bb_libsurfaceflinger_392f00_c2 (92 bytes x86)
[SKIP  ] bb_libsurfaceflinger_392fe0_c0 reference: unsupported insn 0x5e0c0401
[SKIP  ] bb_libsurfaceflinger_392fe0_c1 reference: unsupported insn 0x5e0c0401
[SKIP  ] bb_libsurfaceflinger_392fe0_c2 reference: unsupported insn 0x5e0c0401
[SKIP  ] bb_libsurfaceflinger_393660_c0 reference: unsupported insn 0x2f00e401
[SKIP  ] bb_libsurfaceflinger_393660_c1 reference: unsupported insn 0x2f00e401
[SKIP  ] bb_libsurfaceflinger_393660_c2 reference: unsupported insn 0x2f00e401
[SKIP  ] bb_libsurfaceflinger_393680_c0 reference: unsupported insn 0x5e0c04a3
[SKIP  ] bb_libsurfaceflinger_393680_c1 reference: unsupported insn 0x5e0c04a3
[SKIP  ] bb_libsurfaceflinger_393680_c2 reference: unsupported insn 0x5e0c04a3
[SKIP  ] bb_libsurfaceflinger_393900_c0 reference: unsupported insn 0x9e670320
[SKIP  ] bb_libsurfaceflinger_393900_c1 reference: unsupported insn 0x9e670320
[SKIP  ] bb_libsurfaceflinger_393900_c2 reference: unsupported insn 0x9e670320
[SKIP  ] bb_libsurfaceflinger_393b98_c0 reference: unsupported insn 0x9e670340
[SKIP  ] bb_libsurfaceflinger_393b98_c1 reference: unsupported insn 0x9e670340
[SKIP  ] bb_libsurfaceflinger_393b98_c2 reference: unsupported insn 0x9e670340
[SKIP  ] bb_libsurfaceflinger_3958a8_c0 reference: unsupported insn 0x2f00e401
[SKIP  ] bb_libsurfaceflinger_3958a8_c1 reference: unsupported insn 0x2f00e401
[SKIP  ] bb_libsurfaceflinger_3958a8_c2 reference: unsupported insn 0x2f00e401
[SKIP  ] bb_libsurfaceflinger_396d38_c0 reference: unsupported insn 0x0e205800
[SKIP  ] bb_libsurfaceflinger_396d38_c1 reference: unsupported insn 0x0e205800
[SKIP  ] bb_libsurfaceflinger_396d38_c2 reference: unsupported insn 0x0e205800
[SKIP  ] bb_libsurfaceflinger_396d58_c0 reference: unsupported insn 0x1e26000a
[SKIP  ] bb_libsurfaceflinger_396d58_c1 reference: unsupported insn 0x1e26000a
[SKIP  ] bb_libsurfaceflinger_396d58_c2 reference: unsupported insn 0x1e26000a
[SKIP  ] bb_libsurfaceflinger_3990d8_c0 reference: unsupported insn 0x0e205800
[SKIP  ] bb_libsurfaceflinger_3990d8_c1 reference: unsupported insn 0x0e205800
[SKIP  ] bb_libsurfaceflinger_3990d8_c2 reference: unsupported insn 0x0e205800
[SKIP  ] bb_libsurfaceflinger_3990f8_c0 reference: unsupported insn 0x1e260009
[SKIP  ] bb_libsurfaceflinger_3990f8_c1 reference: unsupported insn 0x1e260009
[SKIP  ] bb_libsurfaceflinger_3990f8_c2 reference: unsupported insn 0x1e260009
[SKIP  ] bb_libsurfaceflinger_39bb40_c0 reference: unsupported insn 0x1e249001
[SKIP  ] bb_libsurfaceflinger_39bb40_c1 reference: unsupported insn 0x1e249001
[SKIP  ] bb_libsurfaceflinger_39bb40_c2 reference: unsupported insn 0x1e249001
[SKIP  ] bb_libsurfaceflinger_39bb4c_c0 reference: unsupported insn 0x1e270102
[SKIP  ] bb_libsurfaceflinger_39bb4c_c1 reference: unsupported insn 0x1e270102
[SKIP  ] bb_libsurfaceflinger_39bb4c_c2 reference: unsupported insn 0x1e270102
[SKIP  ] bb_libsurfaceflinger_39bb84_c0 reference: unsupported insn 0x1e270101
[SKIP  ] bb_libsurfaceflinger_39bb84_c1 reference: unsupported insn 0x1e270101
[SKIP  ] bb_libsurfaceflinger_39bb84_c2 reference: unsupported insn 0x1e270101
[PASS  ] bb_libsurfaceflinger_39c08c_c0 (130 bytes x86)
[PASS  ] bb_libsurfaceflinger_39c08c_c1 (130 bytes x86)
[PASS  ] bb_libsurfaceflinger_39c08c_c2 (130 bytes x86)
[SKIP  ] bb_libsurfaceflinger_39c664_c0 reference: unsupported insn 0x1e245000
[SKIP  ] bb_libsurfaceflinger_39c664_c1 reference: unsupported insn 0x1e245000
[SKIP  ] bb_libsurfaceflinger_39c664_c2 reference: unsupported insn 0x1e245000
[PASS  ] bb_libsurfaceflinger_39c674_c0 (211 bytes x86)
[PASS  ] bb_libsurfaceflinger_39c674_c1 (211 bytes x86)
[PASS  ] bb_libsurfaceflinger_39c674_c2 (211 bytes x86)
[PASS  ] bb_libsurfaceflinger_39c6a8_c0 (399 bytes x86)
[PASS  ] bb_libsurfaceflinger_39c6a8_c1 (399 bytes x86)
[PASS  ] bb_libsurfaceflinger_39c6a8_c2 (399 bytes x86)
[SKIP  ] bb_libsurfaceflinger_39c6e8_c0 reference: unsupported insn 0x6f00e401
[SKIP  ] bb_libsurfaceflinger_39c6e8_c1 reference: unsupported insn 0x6f00e401
[SKIP  ] bb_libsurfaceflinger_39c6e8_c2 reference: unsupported insn 0x6f00e401
[SKIP  ] bb_libsurfaceflinger_39c708_c0 reference: unsupported insn 0x1e260000
[SKIP  ] bb_libsurfaceflinger_39c708_c1 reference: unsupported insn 0x1e260000
[SKIP  ] bb_libsurfaceflinger_39c708_c2 reference: unsupported insn 0x1e260000
[PASS  ] bb_libsurfaceflinger_39ef6c_c0 (533 bytes x86)
[PASS  ] bb_libsurfaceflinger_39ef6c_c1 (533 bytes x86)
[PASS  ] bb_libsurfaceflinger_39ef6c_c2 (533 bytes x86)
[SKIP  ] bb_libsurfaceflinger_39ef8c_c0 reference: unsupported insn 0x9e29000b
[SKIP  ] bb_libsurfaceflinger_39ef8c_c1 reference: unsupported insn 0x9e29000b
[SKIP  ] bb_libsurfaceflinger_39ef8c_c2 reference: unsupported insn 0x9e29000b
[PASS  ] bb_libsurfaceflinger_3a0278_c0 (96 bytes x86)
[PASS  ] bb_libsurfaceflinger_3a0278_c1 (96 bytes x86)
[PASS  ] bb_libsurfaceflinger_3a0278_c2 (96 bytes x86)
[PASS  ] bb_libsurfaceflinger_3a1448_c0 (84 bytes x86)
[PASS  ] bb_libsurfaceflinger_3a1448_c1 (84 bytes x86)
[PASS  ] bb_libsurfaceflinger_3a1448_c2 (84 bytes x86)
[SKIP  ] bb_libsurfaceflinger_3a14b8_c0 reference: unsupported insn 0x2f00e40a
[SKIP  ] bb_libsurfaceflinger_3a14b8_c1 reference: unsupported insn 0x2f00e40a
[SKIP  ] bb_libsurfaceflinger_3a14b8_c2 reference: unsupported insn 0x2f00e40a
[PASS  ] bb_libsurfaceflinger_3a173c_c0 (295 bytes x86)
[PASS  ] bb_libsurfaceflinger_3a173c_c1 (295 bytes x86)
[PASS  ] bb_libsurfaceflinger_3a173c_c2 (295 bytes x86)
[SKIP  ] bb_libsurfaceflinger_3a1824_c0 reference: unsupported insn 0x1e260014
[SKIP  ] bb_libsurfaceflinger_3a1824_c1 reference: unsupported insn 0x1e260014
[SKIP  ] bb_libsurfaceflinger_3a1824_c2 reference: unsupported insn 0x1e260014
[PASS  ] bb_libsurfaceflinger_3a19c4_c0 (127 bytes x86)
[PASS  ] bb_libsurfaceflinger_3a19c4_c1 (127 bytes x86)
[PASS  ] bb_libsurfaceflinger_3a19c4_c2 (127 bytes x86)
[SKIP  ] bb_libsurfaceflinger_3a1a70_c0 reference: unsupported insn 0x2f00e400
[SKIP  ] bb_libsurfaceflinger_3a1a70_c1 reference: unsupported insn 0x2f00e400
[SKIP  ] bb_libsurfaceflinger_3a1a70_c2 reference: unsupported insn 0x2f00e400
[PASS  ] bb_libsurfaceflinger_3a1c40_c0 (88 bytes x86)
[PASS  ] bb_libsurfaceflinger_3a1c40_c1 (88 bytes x86)
[PASS  ] bb_libsurfaceflinger_3a1c40_c2 (88 bytes x86)
[PASS  ] bb_libsurfaceflinger_3a1c4c_c0 (101 bytes x86)
[PASS  ] bb_libsurfaceflinger_3a1c4c_c1 (101 bytes x86)
[PASS  ] bb_libsurfaceflinger_3a1c4c_c2 (101 bytes x86)
[PASS  ] bb_libsurfaceflinger_3a1dc8_c0 (207 bytes x86)
[PASS  ] bb_libsurfaceflinger_3a1dc8_c1 (207 bytes x86)
[PASS  ] bb_libsurfaceflinger_3a1dc8_c2 (207 bytes x86)
[PASS  ] bb_libsurfaceflinger_3a3220_c0 (166 bytes x86)
[PASS  ] bb_libsurfaceflinger_3a3220_c1 (166 bytes x86)
[PASS  ] bb_libsurfaceflinger_3a3220_c2 (166 bytes x86)
[PASS  ] bb_libsurfaceflinger_3a4ca0_c0 (148 bytes x86)
[PASS  ] bb_libsurfaceflinger_3a4ca0_c1 (148 bytes x86)
[PASS  ] bb_libsurfaceflinger_3a4ca0_c2 (148 bytes x86)
[PASS  ] bb_libsurfaceflinger_3a57f0_c0 (291 bytes x86)
[PASS  ] bb_libsurfaceflinger_3a57f0_c1 (291 bytes x86)
[PASS  ] bb_libsurfaceflinger_3a57f0_c2 (291 bytes x86)
[PASS  ] bb_libsurfaceflinger_3a5c70_c0 (258 bytes x86)
[PASS  ] bb_libsurfaceflinger_3a5c70_c1 (258 bytes x86)
[PASS  ] bb_libsurfaceflinger_3a5c70_c2 (258 bytes x86)
[PASS  ] bb_libsurfaceflinger_3a5c8c_c0 (258 bytes x86)
[PASS  ] bb_libsurfaceflinger_3a5c8c_c1 (258 bytes x86)
[PASS  ] bb_libsurfaceflinger_3a5c8c_c2 (258 bytes x86)
[SKIP  ] bb_libsurfaceflinger_3a6340_c0 reference: unsupported insn 0x6f00e400
[SKIP  ] bb_libsurfaceflinger_3a6340_c1 reference: unsupported insn 0x6f00e400
[SKIP  ] bb_libsurfaceflinger_3a6340_c2 reference: unsupported insn 0x6f00e400
[PASS  ] bb_libsurfaceflinger_3a71b8_c0 (88 bytes x86)
[PASS  ] bb_libsurfaceflinger_3a71b8_c1 (88 bytes x86)
[PASS  ] bb_libsurfaceflinger_3a71b8_c2 (88 bytes x86)
[SKIP  ] bb_libsurfaceflinger_3a82dc_c0 reference: unsupported insn 0x7a5aa368
[SKIP  ] bb_libsurfaceflinger_3a82dc_c1 reference: unsupported insn 0x7a5aa368
[SKIP  ] bb_libsurfaceflinger_3a82dc_c2 reference: unsupported insn 0x7a5aa368
[PASS  ] bb_libsurfaceflinger_3a8514_c0 (84 bytes x86)
[PASS  ] bb_libsurfaceflinger_3a8514_c1 (84 bytes x86)
[PASS  ] bb_libsurfaceflinger_3a8514_c2 (84 bytes x86)
[SKIP  ] bb_libsurfaceflinger_3a853c_c0 reference: unsupported insn 0x2f00e400
[SKIP  ] bb_libsurfaceflinger_3a853c_c1 reference: unsupported insn 0x2f00e400
[SKIP  ] bb_libsurfaceflinger_3a853c_c2 reference: unsupported insn 0x2f00e400
[SKIP  ] bb_libsurfaceflinger_3a89ac_c0 reference: unsupported insn 0x1e260009
[SKIP  ] bb_libsurfaceflinger_3a89ac_c1 reference: unsupported insn 0x1e260009
[SKIP  ] bb_libsurfaceflinger_3a89ac_c2 reference: unsupported insn 0x1e260009
[PASS  ] bb_libsurfaceflinger_3a9ee0_c0 (84 bytes x86)
[PASS  ] bb_libsurfaceflinger_3a9ee0_c1 (84 bytes x86)
[PASS  ] bb_libsurfaceflinger_3a9ee0_c2 (84 bytes x86)
[PASS  ] bb_libsurfaceflinger_3a9f0c_c0 (125 bytes x86)
[PASS  ] bb_libsurfaceflinger_3a9f0c_c1 (125 bytes x86)
[PASS  ] bb_libsurfaceflinger_3a9f0c_c2 (125 bytes x86)
[PASS  ] bb_libsurfaceflinger_3aaba4_c0 (88 bytes x86)
[PASS  ] bb_libsurfaceflinger_3aaba4_c1 (88 bytes x86)
[PASS  ] bb_libsurfaceflinger_3aaba4_c2 (88 bytes x86)
[PASS  ] bb_libsurfaceflinger_3ab1f8_c0 (240 bytes x86)
[PASS  ] bb_libsurfaceflinger_3ab1f8_c1 (240 bytes x86)
[PASS  ] bb_libsurfaceflinger_3ab1f8_c2 (240 bytes x86)
[PASS  ] bb_libsurfaceflinger_3ab32c_c0 (84 bytes x86)
[PASS  ] bb_libsurfaceflinger_3ab32c_c1 (84 bytes x86)
[PASS  ] bb_libsurfaceflinger_3ab32c_c2 (84 bytes x86)
[PASS  ] bb_libsurfaceflinger_3ab35c_c0 (88 bytes x86)
[PASS  ] bb_libsurfaceflinger_3ab35c_c1 (88 bytes x86)
[PASS  ] bb_libsurfaceflinger_3ab35c_c2 (88 bytes x86)
[PASS  ] bb_libsurfaceflinger_3ab378_c0 (88 bytes x86)
[PASS  ] bb_libsurfaceflinger_3ab378_c1 (88 bytes x86)
[PASS  ] bb_libsurfaceflinger_3ab378_c2 (88 bytes x86)
[PASS  ] bb_libsurfaceflinger_3b197c_c0 (88 bytes x86)
[PASS  ] bb_libsurfaceflinger_3b197c_c1 (88 bytes x86)
[PASS  ] bb_libsurfaceflinger_3b197c_c2 (88 bytes x86)
[PASS  ] bb_libsurfaceflinger_3b1cec_c0 (88 bytes x86)
[PASS  ] bb_libsurfaceflinger_3b1cec_c1 (88 bytes x86)
[PASS  ] bb_libsurfaceflinger_3b1cec_c2 (88 bytes x86)
[SKIP  ] bb_libsurfaceflinger_3b2728_c0 reference: unsupported insn 0x9e29000a
[SKIP  ] bb_libsurfaceflinger_3b2728_c1 reference: unsupported insn 0x9e29000a
[SKIP  ] bb_libsurfaceflinger_3b2728_c2 reference: unsupported insn 0x9e29000a
[SKIP  ] bb_libsurfaceflinger_3b4134_c0 reference: unsupported insn 0x2f00e404
[SKIP  ] bb_libsurfaceflinger_3b4134_c1 reference: unsupported insn 0x2f00e404
[SKIP  ] bb_libsurfaceflinger_3b4134_c2 reference: unsupported insn 0x2f00e404
[SKIP  ] bb_libsurfaceflinger_3b41f4_c0 reference: unsupported insn 0x2f00e404
[SKIP  ] bb_libsurfaceflinger_3b41f4_c1 reference: unsupported insn 0x2f00e404
[SKIP  ] bb_libsurfaceflinger_3b41f4_c2 reference: unsupported insn 0x2f00e404
[PASS  ] bb_libsurfaceflinger_3b50b0_c0 (145 bytes x86)
[PASS  ] bb_libsurfaceflinger_3b50b0_c1 (145 bytes x86)
[PASS  ] bb_libsurfaceflinger_3b50b0_c2 (145 bytes x86)
[PASS  ] bb_libsurfaceflinger_3b50c0_c0 (202 bytes x86)
[PASS  ] bb_libsurfaceflinger_3b50c0_c1 (202 bytes x86)
[PASS  ] bb_libsurfaceflinger_3b50c0_c2 (202 bytes x86)
[SKIP  ] bb_libsurfaceflinger_3b5114_c0 reference: unsupported insn 0x4f0167e1
[SKIP  ] bb_libsurfaceflinger_3b5114_c1 reference: unsupported insn 0x4f0167e1
[SKIP  ] bb_libsurfaceflinger_3b5114_c2 reference: unsupported insn 0x4f0167e1
[SKIP  ] bb_libsurfaceflinger_3b5134_c0 reference: unsupported insn 0x6f00e401
[SKIP  ] bb_libsurfaceflinger_3b5134_c1 reference: unsupported insn 0x6f00e401
[SKIP  ] bb_libsurfaceflinger_3b5134_c2 reference: unsupported insn 0x6f00e401
[SKIP  ] bb_libsurfaceflinger_3b5154_c0 reference: unsupported insn 0x1e260002
[SKIP  ] bb_libsurfaceflinger_3b5154_c1 reference: unsupported insn 0x1e260002
[SKIP  ] bb_libsurfaceflinger_3b5154_c2 reference: unsupported insn 0x1e260002
[SKIP  ] bb_libsurfaceflinger_3b6740_c0 reference: unsupported insn 0x9e670140
[SKIP  ] bb_libsurfaceflinger_3b6740_c1 reference: unsupported insn 0x9e670140
[SKIP  ] bb_libsurfaceflinger_3b6740_c2 reference: unsupported insn 0x9e670140
[SKIP  ] bb_libsurfaceflinger_3b6760_c0 reference: unsupported insn 0x0e205800
[SKIP  ] bb_libsurfaceflinger_3b6760_c1 reference: unsupported insn 0x0e205800
[SKIP  ] bb_libsurfaceflinger_3b6760_c2 reference: unsupported insn 0x0e205800
[SKIP  ] bb_libsurfaceflinger_3b7bc0_c0 reference: unsupported insn 0x4f0167e4
[SKIP  ] bb_libsurfaceflinger_3b7bc0_c1 reference: unsupported insn 0x4f0167e4
[SKIP  ] bb_libsurfaceflinger_3b7bc0_c2 reference: unsupported insn 0x4f0167e4
[PASS  ] bb_libsurfaceflinger_3b8c80_c0 (388 bytes x86)
[PASS  ] bb_libsurfaceflinger_3b8c80_c1 (388 bytes x86)
[PASS  ] bb_libsurfaceflinger_3b8c80_c2 (388 bytes x86)
[SKIP  ] bb_libsurfaceflinger_3b9e30_c0 reference: unsupported insn 0x1e270280
[SKIP  ] bb_libsurfaceflinger_3b9e30_c1 reference: unsupported insn 0x1e270280
[SKIP  ] bb_libsurfaceflinger_3b9e30_c2 reference: unsupported insn 0x1e270280
[SKIP  ] bb_libsurfaceflinger_3bac50_c0 reference: unsupported insn 0x1e270008
[SKIP  ] bb_libsurfaceflinger_3bac50_c1 reference: unsupported insn 0x1e270008
[SKIP  ] bb_libsurfaceflinger_3bac50_c2 reference: unsupported insn 0x1e270008
[SKIP  ] bb_libsurfaceflinger_3bcd10_c0 reference: unsupported insn 0x1e270000
[SKIP  ] bb_libsurfaceflinger_3bcd10_c1 reference: unsupported insn 0x1e270000
[SKIP  ] bb_libsurfaceflinger_3bcd10_c2 reference: unsupported insn 0x1e270000
[SKIP  ] bb_libsurfaceflinger_3bcd78_c0 reference: unsupported insn 0x1e270102
[SKIP  ] bb_libsurfaceflinger_3bcd78_c1 reference: unsupported insn 0x1e270102
[SKIP  ] bb_libsurfaceflinger_3bcd78_c2 reference: unsupported insn 0x1e270102
[SKIP  ] bb_libsurfaceflinger_3bce28_c0 reference: unsupported insn 0x1e2e1000
[SKIP  ] bb_libsurfaceflinger_3bce28_c1 reference: unsupported insn 0x1e2e1000
[SKIP  ] bb_libsurfaceflinger_3bce28_c2 reference: unsupported insn 0x1e2e1000
[SKIP  ] bb_libsurfaceflinger_3bce50_c0 reference: unsupported insn 0x1e201000
[SKIP  ] bb_libsurfaceflinger_3bce50_c1 reference: unsupported insn 0x1e201000
[SKIP  ] bb_libsurfaceflinger_3bce50_c2 reference: unsupported insn 0x1e201000
[SKIP  ] bb_libsurfaceflinger_3bce8c_c0 reference: unsupported insn 0x1e2e1001
[SKIP  ] bb_libsurfaceflinger_3bce8c_c1 reference: unsupported insn 0x1e2e1001
[SKIP  ] bb_libsurfaceflinger_3bce8c_c2 reference: unsupported insn 0x1e2e1001
[SKIP  ] bb_libsurfaceflinger_3bcef4_c0 reference: unsupported insn 0x7ea1d440
[SKIP  ] bb_libsurfaceflinger_3bcef4_c1 reference: unsupported insn 0x7ea1d440
[SKIP  ] bb_libsurfaceflinger_3bcef4_c2 reference: unsupported insn 0x7ea1d440
[PASS  ] bb_libsurfaceflinger_3bcf3c_c0 (109 bytes x86)
[PASS  ] bb_libsurfaceflinger_3bcf3c_c1 (109 bytes x86)
[PASS  ] bb_libsurfaceflinger_3bcf3c_c2 (109 bytes x86)
[SKIP  ] bb_libsurfaceflinger_3bcf70_c0 reference: unsupported insn 0x1e270040
[SKIP  ] bb_libsurfaceflinger_3bcf70_c1 reference: unsupported insn 0x1e270040
[SKIP  ] bb_libsurfaceflinger_3bcf70_c2 reference: unsupported insn 0x1e270040
[SKIP  ] bb_libsurfaceflinger_3bcfc8_c0 reference: unsupported insn 0x7ea1d400
[SKIP  ] bb_libsurfaceflinger_3bcfc8_c1 reference: unsupported insn 0x7ea1d400
[SKIP  ] bb_libsurfaceflinger_3bcfc8_c2 reference: unsupported insn 0x7ea1d400
[SKIP  ] bb_libsurfaceflinger_3bd9b4_c0 reference: unsupported insn 0x7ea0d422
[SKIP  ] bb_libsurfaceflinger_3bd9b4_c1 reference: unsupported insn 0x7ea0d422
[SKIP  ] bb_libsurfaceflinger_3bd9b4_c2 reference: unsupported insn 0x7ea0d422
[SKIP  ] bb_libsurfaceflinger_3bd9d8_c0 reference: unsupported insn 0x7ea2d422
[SKIP  ] bb_libsurfaceflinger_3bd9d8_c1 reference: unsupported insn 0x7ea2d422
[SKIP  ] bb_libsurfaceflinger_3bd9d8_c2 reference: unsupported insn 0x7ea2d422
[PASS  ] bb_libsurfaceflinger_3be4c4_c0 (325 bytes x86)
[PASS  ] bb_libsurfaceflinger_3be4c4_c1 (325 bytes x86)
[PASS  ] bb_libsurfaceflinger_3be4c4_c2 (325 bytes x86)
[PASS  ] bb_libsurfaceflinger_3be6dc_c0 (202 bytes x86)
[PASS  ] bb_libsurfaceflinger_3be6dc_c1 (202 bytes x86)
[PASS  ] bb_libsurfaceflinger_3be6dc_c2 (202 bytes x86)
[PASS  ] bb_libsurfaceflinger_3bf340_c0 (92 bytes x86)
[PASS  ] bb_libsurfaceflinger_3bf340_c1 (92 bytes x86)
[PASS  ] bb_libsurfaceflinger_3bf340_c2 (92 bytes x86)
[PASS  ] bb_libsurfaceflinger_3bfb94_c0 (403 bytes x86)
[PASS  ] bb_libsurfaceflinger_3bfb94_c1 (403 bytes x86)
[PASS  ] bb_libsurfaceflinger_3bfb94_c2 (403 bytes x86)
[SKIP  ] bb_libsurfaceflinger_3c19bc_c0 reference: unsupported insn 0x1e270280
[SKIP  ] bb_libsurfaceflinger_3c19bc_c1 reference: unsupported insn 0x1e270280
[SKIP  ] bb_libsurfaceflinger_3c19bc_c2 reference: unsupported insn 0x1e270280
[SKIP  ] bb_libsurfaceflinger_3c55f8_c0 reference: unsupported insn 0x1e270260
[SKIP  ] bb_libsurfaceflinger_3c55f8_c1 reference: unsupported insn 0x1e270260
[SKIP  ] bb_libsurfaceflinger_3c55f8_c2 reference: unsupported insn 0x1e270260
[PASS  ] bb_libsurfaceflinger_3cac70_c0 (99 bytes x86)
[PASS  ] bb_libsurfaceflinger_3cac70_c1 (99 bytes x86)
[PASS  ] bb_libsurfaceflinger_3cac70_c2 (99 bytes x86)
[PASS  ] bb_libsurfaceflinger_3cbe3c_c0 (207 bytes x86)
[PASS  ] bb_libsurfaceflinger_3cbe3c_c1 (207 bytes x86)
[PASS  ] bb_libsurfaceflinger_3cbe3c_c2 (207 bytes x86)
[SKIP  ] bb_libsurfaceflinger_3cd190_c0 reference: unsupported insn 0x9e660008
[SKIP  ] bb_libsurfaceflinger_3cd190_c1 reference: unsupported insn 0x9e660008
[SKIP  ] bb_libsurfaceflinger_3cd190_c2 reference: unsupported insn 0x9e660008
[PASS  ] bb_libsurfaceflinger_3cd400_c0 (297 bytes x86)
[PASS  ] bb_libsurfaceflinger_3cd400_c1 (297 bytes x86)
[PASS  ] bb_libsurfaceflinger_3cd400_c2 (297 bytes x86)
[PASS  ] bb_libsurfaceflinger_3d0f68_c0 (169 bytes x86)
[PASS  ] bb_libsurfaceflinger_3d0f68_c1 (169 bytes x86)
[PASS  ] bb_libsurfaceflinger_3d0f68_c2 (169 bytes x86)
[PASS  ] bb_libsurfaceflinger_3d520c_c0 (82 bytes x86)
[PASS  ] bb_libsurfaceflinger_3d520c_c1 (82 bytes x86)
[PASS  ] bb_libsurfaceflinger_3d520c_c2 (82 bytes x86)
[PASS  ] bb_libsurfaceflinger_3d9a00_c0 (257 bytes x86)
[PASS  ] bb_libsurfaceflinger_3d9a00_c1 (257 bytes x86)
[PASS  ] bb_libsurfaceflinger_3d9a00_c2 (257 bytes x86)
[SKIP  ] bb_libsurfaceflinger_3d9a44_c0 reference: unsupported insn 0x2f00e404
[SKIP  ] bb_libsurfaceflinger_3d9a44_c1 reference: unsupported insn 0x2f00e404
[SKIP  ] bb_libsurfaceflinger_3d9a44_c2 reference: unsupported insn 0x2f00e404
[SKIP  ] bb_libsurfaceflinger_3d9dc8_c0 reference: unsupported insn 0x1e249004
[SKIP  ] bb_libsurfaceflinger_3d9dc8_c1 reference: unsupported insn 0x1e249004
[SKIP  ] bb_libsurfaceflinger_3d9dc8_c2 reference: unsupported insn 0x1e249004
[SKIP  ] bb_libsurfaceflinger_3dce24_c0 reference: unsupported insn 0x9e24000c
[SKIP  ] bb_libsurfaceflinger_3dce24_c1 reference: unsupported insn 0x9e24000c
[SKIP  ] bb_libsurfaceflinger_3dce24_c2 reference: unsupported insn 0x9e24000c
[SKIP  ] bb_libsurfaceflinger_3de508_c0 reference: unsupported insn 0x2f00e5e8
[SKIP  ] bb_libsurfaceflinger_3de508_c1 reference: unsupported insn 0x2f00e5e8
[SKIP  ] bb_libsurfaceflinger_3de508_c2 reference: unsupported insn 0x2f00e5e8
[SKIP  ] bb_libsurfaceflinger_3de8e4_c0 reference: unsupported insn 0x6f00e400
[SKIP  ] bb_libsurfaceflinger_3de8e4_c1 reference: unsupported insn 0x6f00e400
[SKIP  ] bb_libsurfaceflinger_3de8e4_c2 reference: unsupported insn 0x6f00e400
[SKIP  ] bb_libsurfaceflinger_3df1ac_c0 reference: unsupported insn 0x6f00e400
[SKIP  ] bb_libsurfaceflinger_3df1ac_c1 reference: unsupported insn 0x6f00e400
[SKIP  ] bb_libsurfaceflinger_3df1ac_c2 reference: unsupported insn 0x6f00e400
[PASS  ] bb_libsurfaceflinger_3e1e24_c0 (139 bytes x86)
[PASS  ] bb_libsurfaceflinger_3e1e24_c1 (139 bytes x86)
[PASS  ] bb_libsurfaceflinger_3e1e24_c2 (139 bytes x86)
[SKIP  ] bb_libsurfaceflinger_3e2a10_c0 reference: unsupported insn 0x6f00e400
[SKIP  ] bb_libsurfaceflinger_3e2a10_c1 reference: unsupported insn 0x6f00e400
[SKIP  ] bb_libsurfaceflinger_3e2a10_c2 reference: unsupported insn 0x6f00e400
[SKIP  ] bb_libsurfaceflinger_3e3e84_c0 reference: unsupported insn 0x2f046400
[SKIP  ] bb_libsurfaceflinger_3e3e84_c1 reference: unsupported insn 0x2f046400
[SKIP  ] bb_libsurfaceflinger_3e3e84_c2 reference: unsupported insn 0x2f046400
[SKIP  ] bb_libsurfaceflinger_3e47f8_c0 reference: unsupported insn 0x7a412ac8
[SKIP  ] bb_libsurfaceflinger_3e47f8_c1 reference: unsupported insn 0x7a412ac8
[SKIP  ] bb_libsurfaceflinger_3e47f8_c2 reference: unsupported insn 0x7a412ac8
[SKIP  ] bb_libsurfaceflinger_3e4a44_c0 reference: unsupported insn 0x6f07e7e0
[SKIP  ] bb_libsurfaceflinger_3e4a44_c1 reference: unsupported insn 0x6f07e7e0
[SKIP  ] bb_libsurfaceflinger_3e4a44_c2 reference: unsupported insn 0x6f07e7e0
[PASS  ] bb_libsurfaceflinger_3e7e58_c0 (88 bytes x86)
[PASS  ] bb_libsurfaceflinger_3e7e58_c1 (88 bytes x86)
[PASS  ] bb_libsurfaceflinger_3e7e58_c2 (88 bytes x86)
[PASS  ] bb_libsurfaceflinger_3e7e64_c0 (88 bytes x86)
[PASS  ] bb_libsurfaceflinger_3e7e64_c1 (88 bytes x86)
[PASS  ] bb_libsurfaceflinger_3e7e64_c2 (88 bytes x86)
[SKIP  ] bb_libsurfaceflinger_3fe114_c0 reference: unsupported insn 0x9e29000a
[SKIP  ] bb_libsurfaceflinger_3fe114_c1 reference: unsupported insn 0x9e29000a
[SKIP  ] bb_libsurfaceflinger_3fe114_c2 reference: unsupported insn 0x9e29000a
[PASS  ] bb_libsurfaceflinger_407888_c0 (99 bytes x86)
[PASS  ] bb_libsurfaceflinger_407888_c1 (99 bytes x86)
[PASS  ] bb_libsurfaceflinger_407888_c2 (99 bytes x86)
[SKIP  ] bb_libsurfaceflinger_409e20_c0 reference: unsupported insn 0x9e660008
[SKIP  ] bb_libsurfaceflinger_409e20_c1 reference: unsupported insn 0x9e660008
[SKIP  ] bb_libsurfaceflinger_409e20_c2 reference: unsupported insn 0x9e660008
[SKIP  ] bb_libsurfaceflinger_40d6ac_c0 reference: unsupported insn 0x9e670100
[SKIP  ] bb_libsurfaceflinger_40d6ac_c1 reference: unsupported insn 0x9e670100
[SKIP  ] bb_libsurfaceflinger_40d6ac_c2 reference: unsupported insn 0x9e670100
[SKIP  ] bb_libsurfaceflinger_40d6cc_c0 reference: unsupported insn 0x1e260009
[SKIP  ] bb_libsurfaceflinger_40d6cc_c1 reference: unsupported insn 0x1e260009
[SKIP  ] bb_libsurfaceflinger_40d6cc_c2 reference: unsupported insn 0x1e260009
[SKIP  ] bb_libsurfaceflinger_40d8d0_c0 reference: unsupported insn 0x9e670100
[SKIP  ] bb_libsurfaceflinger_40d8d0_c1 reference: unsupported insn 0x9e670100
[SKIP  ] bb_libsurfaceflinger_40d8d0_c2 reference: unsupported insn 0x9e670100
[SKIP  ] bb_libsurfaceflinger_40eb2c_c0 reference: unsupported insn 0x9e670100
[SKIP  ] bb_libsurfaceflinger_40eb2c_c1 reference: unsupported insn 0x9e670100
[SKIP  ] bb_libsurfaceflinger_40eb2c_c2 reference: unsupported insn 0x9e670100
[SKIP  ] bb_libsurfaceflinger_40ec50_c0 reference: unsupported insn 0x9e670100
[SKIP  ] bb_libsurfaceflinger_40ec50_c1 reference: unsupported insn 0x9e670100
[SKIP  ] bb_libsurfaceflinger_40ec50_c2 reference: unsupported insn 0x9e670100
[PASS  ] bb_libsurfaceflinger_40f0e0_c0 (99 bytes x86)
[PASS  ] bb_libsurfaceflinger_40f0e0_c1 (99 bytes x86)
[PASS  ] bb_libsurfaceflinger_40f0e0_c2 (99 bytes x86)
[PASS  ] bb_libsurfaceflinger_40f12c_c0 (393 bytes x86)
[PASS  ] bb_libsurfaceflinger_40f12c_c1 (393 bytes x86)
[PASS  ] bb_libsurfaceflinger_40f12c_c2 (393 bytes x86)
[PASS  ] bb_libsurfaceflinger_40f1bc_c0 (286 bytes x86)
[PASS  ] bb_libsurfaceflinger_40f1bc_c1 (286 bytes x86)
[PASS  ] bb_libsurfaceflinger_40f1bc_c2 (286 bytes x86)
[PASS  ] bb_libsurfaceflinger_40fa68_c0 (96 bytes x86)
[PASS  ] bb_libsurfaceflinger_40fa68_c1 (96 bytes x86)
[PASS  ] bb_libsurfaceflinger_40fa68_c2 (96 bytes x86)
[PASS  ] bb_libsurfaceflinger_40fa74_c0 (96 bytes x86)
[PASS  ] bb_libsurfaceflinger_40fa74_c1 (96 bytes x86)
[PASS  ] bb_libsurfaceflinger_40fa74_c2 (96 bytes x86)
[SKIP  ] bb_libsurfaceflinger_411534_c0 reference: unsupported insn 0x9e6702e0
[SKIP  ] bb_libsurfaceflinger_411534_c1 reference: unsupported insn 0x9e6702e0
[SKIP  ] bb_libsurfaceflinger_411534_c2 reference: unsupported insn 0x9e6702e0
[SKIP  ] bb_libsurfaceflinger_4117a8_c0 reference: unsupported insn 0x4f0167e4
[SKIP  ] bb_libsurfaceflinger_4117a8_c1 reference: unsupported insn 0x4f0167e4
[SKIP  ] bb_libsurfaceflinger_4117a8_c2 reference: unsupported insn 0x4f0167e4
[SKIP  ] bb_libsurfaceflinger_411d1c_c0 reference: unsupported insn 0x9e29000a
[SKIP  ] bb_libsurfaceflinger_411d1c_c1 reference: unsupported insn 0x9e29000a
[SKIP  ] bb_libsurfaceflinger_411d1c_c2 reference: unsupported insn 0x9e29000a
[SKIP  ] bb_libsurfaceflinger_4125ac_c0 reference: unsupported insn 0x9e290009
[SKIP  ] bb_libsurfaceflinger_4125ac_c1 reference: unsupported insn 0x9e290009
[SKIP  ] bb_libsurfaceflinger_4125ac_c2 reference: unsupported insn 0x9e290009
[SKIP  ] bb_libsurfaceflinger_4137f8_c0 reference: unsupported insn 0x9e670340
[SKIP  ] bb_libsurfaceflinger_4137f8_c1 reference: unsupported insn 0x9e670340
[SKIP  ] bb_libsurfaceflinger_4137f8_c2 reference: unsupported insn 0x9e670340
[SKIP  ] bb_libsurfaceflinger_413b2c_c0 reference: unsupported insn 0x9e670360
[SKIP  ] bb_libsurfaceflinger_413b2c_c1 reference: unsupported insn 0x9e670360
[SKIP  ] bb_libsurfaceflinger_413b2c_c2 reference: unsupported insn 0x9e670360
[SKIP  ] bb_libsurfaceflinger_413bb4_c0 reference: unsupported insn 0x9e290009
[SKIP  ] bb_libsurfaceflinger_413bb4_c1 reference: unsupported insn 0x9e290009
[SKIP  ] bb_libsurfaceflinger_413bb4_c2 reference: unsupported insn 0x9e290009
[SKIP  ] bb_libsurfaceflinger_413e94_c0 reference: unsupported insn 0x9e29000a
[SKIP  ] bb_libsurfaceflinger_413e94_c1 reference: unsupported insn 0x9e29000a
[SKIP  ] bb_libsurfaceflinger_413e94_c2 reference: unsupported insn 0x9e29000a
[SKIP  ] bb_libsurfaceflinger_413fbc_c0 reference: unsupported insn 0x9e290009
[SKIP  ] bb_libsurfaceflinger_413fbc_c1 reference: unsupported insn 0x9e290009
[SKIP  ] bb_libsurfaceflinger_413fbc_c2 reference: unsupported insn 0x9e290009
[PASS  ] bb_libsurfaceflinger_41a93c_c0 (188 bytes x86)
[PASS  ] bb_libsurfaceflinger_41a93c_c1 (188 bytes x86)
[PASS  ] bb_libsurfaceflinger_41a93c_c2 (188 bytes x86)
[SKIP  ] bb_libsurfaceflinger_41e02c_c0 reference: unsupported insn 0x00000000
[SKIP  ] bb_libsurfaceflinger_41e02c_c1 reference: unsupported insn 0x00000000
[SKIP  ] bb_libsurfaceflinger_41e02c_c2 reference: unsupported insn 0x00000000
[SKIP  ] bb_libsurfaceflinger_41e9e0_c0 reference: unsupported insn 0x1e26000b
[SKIP  ] bb_libsurfaceflinger_41e9e0_c1 reference: unsupported insn 0x1e26000b
[SKIP  ] bb_libsurfaceflinger_41e9e0_c2 reference: unsupported insn 0x1e26000b
[SKIP  ] bb_libsurfaceflinger_41f750_c0 reference: unsupported insn 0x1e26000b
[SKIP  ] bb_libsurfaceflinger_41f750_c1 reference: unsupported insn 0x1e26000b
[SKIP  ] bb_libsurfaceflinger_41f750_c2 reference: unsupported insn 0x1e26000b
[SKIP  ] bb_libsurfaceflinger_41f7f0_c0 reference: unsupported insn 0x1e260002
[SKIP  ] bb_libsurfaceflinger_41f7f0_c1 reference: unsupported insn 0x1e260002
[SKIP  ] bb_libsurfaceflinger_41f7f0_c2 reference: unsupported insn 0x1e260002
[SKIP  ] bb_libsurfaceflinger_41f830_c0 reference: unsupported insn 0x1e260003
[SKIP  ] bb_libsurfaceflinger_41f830_c1 reference: unsupported insn 0x1e260003
[SKIP  ] bb_libsurfaceflinger_41f830_c2 reference: unsupported insn 0x1e260003
[PASS  ] bb_libsurfaceflinger_41f870_c0 (503 bytes x86)
[PASS  ] bb_libsurfaceflinger_41f870_c1 (503 bytes x86)
[PASS  ] bb_libsurfaceflinger_41f870_c2 (503 bytes x86)
[PASS  ] bb_libsurfaceflinger_423700_c0 (242 bytes x86)
[PASS  ] bb_libsurfaceflinger_423700_c1 (242 bytes x86)
[PASS  ] bb_libsurfaceflinger_423700_c2 (242 bytes x86)
[SKIP  ] bb_libsurfaceflinger_423d70_c0 reference: unsupported insn 0x1e270100
[SKIP  ] bb_libsurfaceflinger_423d70_c1 reference: unsupported insn 0x1e270100
[SKIP  ] bb_libsurfaceflinger_423d70_c2 reference: unsupported insn 0x1e270100
[SKIP  ] bb_libsurfaceflinger_424014_c0 reference: unsupported insn 0x1e270121
[SKIP  ] bb_libsurfaceflinger_424014_c1 reference: unsupported insn 0x1e270121
[SKIP  ] bb_libsurfaceflinger_424014_c2 reference: unsupported insn 0x1e270121
[PASS  ] bb_libsurfaceflinger_427b58_c0 (88 bytes x86)
[PASS  ] bb_libsurfaceflinger_427b58_c1 (88 bytes x86)
[PASS  ] bb_libsurfaceflinger_427b58_c2 (88 bytes x86)
[PASS  ] bb_libsurfaceflinger_429064_c0 (462 bytes x86)
[PASS  ] bb_libsurfaceflinger_429064_c1 (462 bytes x86)
[PASS  ] bb_libsurfaceflinger_429064_c2 (462 bytes x86)
[SKIP  ] bb_libsurfaceflinger_429084_c0 reference: unsupported insn 0x0ea00821
[SKIP  ] bb_libsurfaceflinger_429084_c1 reference: unsupported insn 0x0ea00821
[SKIP  ] bb_libsurfaceflinger_429084_c2 reference: unsupported insn 0x0ea00821
[SKIP  ] bb_libsurfaceflinger_429104_c0 reference: unsupported insn 0x1e26000a
[SKIP  ] bb_libsurfaceflinger_429104_c1 reference: unsupported insn 0x1e26000a
[SKIP  ] bb_libsurfaceflinger_429104_c2 reference: unsupported insn 0x1e26000a
[SKIP  ] bb_libsurfaceflinger_429168_c0 reference: unsupported insn 0x0e21d863
[SKIP  ] bb_libsurfaceflinger_429168_c1 reference: unsupported insn 0x0e21d863
[SKIP  ] bb_libsurfaceflinger_429168_c2 reference: unsupported insn 0x0e21d863
[SKIP  ] bb_libsurfaceflinger_4291d0_c0 reference: unsupported insn 0x0ea00821
[SKIP  ] bb_libsurfaceflinger_4291d0_c1 reference: unsupported insn 0x0ea00821
[SKIP  ] bb_libsurfaceflinger_4291d0_c2 reference: unsupported insn 0x0ea00821
[SKIP  ] bb_libsurfaceflinger_4292bc_c0 reference: unsupported insn 0x2f00e402
[SKIP  ] bb_libsurfaceflinger_4292bc_c1 reference: unsupported insn 0x2f00e402
[SKIP  ] bb_libsurfaceflinger_4292bc_c2 reference: unsupported insn 0x2f00e402
[PASS  ] bb_libsurfaceflinger_42a16c_c0 (159 bytes x86)
[PASS  ] bb_libsurfaceflinger_42a16c_c1 (159 bytes x86)
[PASS  ] bb_libsurfaceflinger_42a16c_c2 (159 bytes x86)
[SKIP  ] bb_libsurfaceflinger_42a1d0_c0 reference: unsupported insn 0x2f00e401
[SKIP  ] bb_libsurfaceflinger_42a1d0_c1 reference: unsupported insn 0x2f00e401
[SKIP  ] bb_libsurfaceflinger_42a1d0_c2 reference: unsupported insn 0x2f00e401
[PASS  ] bb_libsurfaceflinger_42a1f8_c0 (129 bytes x86)
[PASS  ] bb_libsurfaceflinger_42a1f8_c1 (129 bytes x86)
[PASS  ] bb_libsurfaceflinger_42a1f8_c2 (129 bytes x86)
[SKIP  ] bb_libsurfaceflinger_42a25c_c0 reference: unsupported insn 0x5e21d900
[SKIP  ] bb_libsurfaceflinger_42a25c_c1 reference: unsupported insn 0x5e21d900
[SKIP  ] bb_libsurfaceflinger_42a25c_c2 reference: unsupported insn 0x5e21d900
[SKIP  ] bb_libsurfaceflinger_42b878_c0 reference: unsupported insn 0x6f00e400
[SKIP  ] bb_libsurfaceflinger_42b878_c1 reference: unsupported insn 0x6f00e400
[SKIP  ] bb_libsurfaceflinger_42b878_c2 reference: unsupported insn 0x6f00e400
[PASS  ] bb_libsurfaceflinger_42ed00_c0 (391 bytes x86)
[PASS  ] bb_libsurfaceflinger_42ed00_c1 (391 bytes x86)
[PASS  ] bb_libsurfaceflinger_42ed00_c2 (391 bytes x86)
[PASS  ] bb_libsurfaceflinger_435ba8_c0 (88 bytes x86)
[PASS  ] bb_libsurfaceflinger_435ba8_c1 (88 bytes x86)
[PASS  ] bb_libsurfaceflinger_435ba8_c2 (88 bytes x86)
[PASS  ] bb_libsurfaceflinger_43c2d4_c0 (88 bytes x86)
[PASS  ] bb_libsurfaceflinger_43c2d4_c1 (88 bytes x86)
[PASS  ] bb_libsurfaceflinger_43c2d4_c2 (88 bytes x86)
[PASS  ] bb_libsurfaceflinger_43c2e8_c0 (88 bytes x86)
[PASS  ] bb_libsurfaceflinger_43c2e8_c1 (88 bytes x86)
[PASS  ] bb_libsurfaceflinger_43c2e8_c2 (88 bytes x86)
[PASS  ] bb_libsurfaceflinger_43fc9c_c0 (88 bytes x86)
[PASS  ] bb_libsurfaceflinger_43fc9c_c1 (88 bytes x86)
[PASS  ] bb_libsurfaceflinger_43fc9c_c2 (88 bytes x86)
[SKIP  ] bb_libsurfaceflinger_45dbc4_c0 reference: unsupported insn 0x9e29000a
[SKIP  ] bb_libsurfaceflinger_45dbc4_c1 reference: unsupported insn 0x9e29000a
[SKIP  ] bb_libsurfaceflinger_45dbc4_c2 reference: unsupported insn 0x9e29000a
[SKIP  ] bb_libsurfaceflinger_45e1d0_c0 reference: unsupported insn 0x0ea00804
[SKIP  ] bb_libsurfaceflinger_45e1d0_c1 reference: unsupported insn 0x0ea00804
[SKIP  ] bb_libsurfaceflinger_45e1d0_c2 reference: unsupported insn 0x0ea00804
[SKIP  ] bb_libsurfaceflinger_45e1fc_c0 reference: unsupported insn 0x2e205884
[SKIP  ] bb_libsurfaceflinger_45e1fc_c1 reference: unsupported insn 0x2e205884
[SKIP  ] bb_libsurfaceflinger_45e1fc_c2 reference: unsupported insn 0x2e205884
[SKIP  ] bb_libsurfaceflinger_45e23c_c0 reference: unsupported insn 0x2e205884
[SKIP  ] bb_libsurfaceflinger_45e23c_c1 reference: unsupported insn 0x2e205884
[SKIP  ] bb_libsurfaceflinger_45e23c_c2 reference: unsupported insn 0x2e205884
[SKIP  ] bb_libsurfaceflinger_45e274_c0 reference: unsupported insn 0x1e260088
[SKIP  ] bb_libsurfaceflinger_45e274_c1 reference: unsupported insn 0x1e260088
[SKIP  ] bb_libsurfaceflinger_45e274_c2 reference: unsupported insn 0x1e260088
[SKIP  ] bb_libsurfaceflinger_45e2d0_c0 reference: unsupported insn 0x5e0c0400
[SKIP  ] bb_libsurfaceflinger_45e2d0_c1 reference: unsupported insn 0x5e0c0400
[SKIP  ] bb_libsurfaceflinger_45e2d0_c2 reference: unsupported insn 0x5e0c0400
[SKIP  ] bb_libsurfaceflinger_45e2dc_c0 reference: unsupported insn 0x5e0c0420
[SKIP  ] bb_libsurfaceflinger_45e2dc_c1 reference: unsupported insn 0x5e0c0420
[SKIP  ] bb_libsurfaceflinger_45e2dc_c2 reference: unsupported insn 0x5e0c0420
[PASS  ] bb_libsurfaceflinger_45e340_c0 (176 bytes x86)
[PASS  ] bb_libsurfaceflinger_45e340_c1 (176 bytes x86)
[PASS  ] bb_libsurfaceflinger_45e340_c2 (176 bytes x86)
[SKIP  ] bb_libsurfaceflinger_45fbb0_c0 reference: unsupported insn 0x1e27c4a4
[SKIP  ] bb_libsurfaceflinger_45fbb0_c1 reference: unsupported insn 0x1e27c4a4
[SKIP  ] bb_libsurfaceflinger_45fbb0_c2 reference: unsupported insn 0x1e27c4a4
[SKIP  ] bb_libsurfaceflinger_45fcac_c0 reference: unsupported insn 0x2f00e410
[SKIP  ] bb_libsurfaceflinger_45fcac_c1 reference: unsupported insn 0x2f00e410
[SKIP  ] bb_libsurfaceflinger_45fcac_c2 reference: unsupported insn 0x2f00e410
[PASS  ] bb_libsurfaceflinger_45fcc4_c0 (167 bytes x86)
[PASS  ] bb_libsurfaceflinger_45fcc4_c1 (167 bytes x86)
[PASS  ] bb_libsurfaceflinger_45fcc4_c2 (167 bytes x86)
[SKIP  ] bb_libsurfaceflinger_4603e8_c0 reference: unsupported insn 0x1e26000d
[SKIP  ] bb_libsurfaceflinger_4603e8_c1 reference: unsupported insn 0x1e26000d
[SKIP  ] bb_libsurfaceflinger_4603e8_c2 reference: unsupported insn 0x1e26000d
[SKIP  ] bb_libsurfaceflinger_461174_c0 reference: unsupported insn 0x1e2e1000
[SKIP  ] bb_libsurfaceflinger_461174_c1 reference: unsupported insn 0x1e2e1000
[SKIP  ] bb_libsurfaceflinger_461174_c2 reference: unsupported insn 0x1e2e1000
[PASS  ] bb_libsurfaceflinger_4665a4_c0 (171 bytes x86)
[PASS  ] bb_libsurfaceflinger_4665a4_c1 (171 bytes x86)
[PASS  ] bb_libsurfaceflinger_4665a4_c2 (171 bytes x86)
[PASS  ] bb_libsurfaceflinger_4679a0_c0 (181 bytes x86)
[PASS  ] bb_libsurfaceflinger_4679a0_c1 (181 bytes x86)
[PASS  ] bb_libsurfaceflinger_4679a0_c2 (181 bytes x86)
[SKIP  ] bb_libsurfaceflinger_468080_c0 reference: unsupported insn 0x1e2e1001
[SKIP  ] bb_libsurfaceflinger_468080_c1 reference: unsupported insn 0x1e2e1001
[SKIP  ] bb_libsurfaceflinger_468080_c2 reference: unsupported insn 0x1e2e1001
[PASS  ] bb_libsurfaceflinger_4680a0_c0 (285 bytes x86)
[PASS  ] bb_libsurfaceflinger_4680a0_c1 (285 bytes x86)
[PASS  ] bb_libsurfaceflinger_4680a0_c2 (285 bytes x86)
[PASS  ] bb_libsurfaceflinger_4680c4_c0 (727 bytes x86)
[PASS  ] bb_libsurfaceflinger_4680c4_c1 (727 bytes x86)
[PASS  ] bb_libsurfaceflinger_4680c4_c2 (727 bytes x86)
[SKIP  ] bb_libsurfaceflinger_468138_c0 reference: unsupported insn 0x5ea1b841
[SKIP  ] bb_libsurfaceflinger_468138_c1 reference: unsupported insn 0x5ea1b841
[SKIP  ] bb_libsurfaceflinger_468138_c2 reference: unsupported insn 0x5ea1b841
[SKIP  ] bb_libsurfaceflinger_468158_c0 reference: unsupported insn 0x1e270101
[SKIP  ] bb_libsurfaceflinger_468158_c1 reference: unsupported insn 0x1e270101
[SKIP  ] bb_libsurfaceflinger_468158_c2 reference: unsupported insn 0x1e270101
[PASS  ] bb_libsurfaceflinger_468184_c0 (163 bytes x86)
[PASS  ] bb_libsurfaceflinger_468184_c1 (163 bytes x86)
[PASS  ] bb_libsurfaceflinger_468184_c2 (163 bytes x86)
[SKIP  ] bb_libsurfaceflinger_468cc8_c0 reference: unsupported insn 0x0f016761
[SKIP  ] bb_libsurfaceflinger_468cc8_c1 reference: unsupported insn 0x0f016761
[SKIP  ] bb_libsurfaceflinger_468cc8_c2 reference: unsupported insn 0x0f016761
[SKIP  ] bb_libsurfaceflinger_468cf8_c0 reference: unsupported insn 0x0f016761
[SKIP  ] bb_libsurfaceflinger_468cf8_c1 reference: unsupported insn 0x0f016761
[SKIP  ] bb_libsurfaceflinger_468cf8_c2 reference: unsupported insn 0x0f016761
[PASS  ] bb_libsurfaceflinger_468dc0_c0 (331 bytes x86)
[PASS  ] bb_libsurfaceflinger_468dc0_c1 (331 bytes x86)
[PASS  ] bb_libsurfaceflinger_468dc0_c2 (331 bytes x86)
[PASS  ] bb_libsurfaceflinger_468de0_c0 (415 bytes x86)
[PASS  ] bb_libsurfaceflinger_468de0_c1 (415 bytes x86)
[PASS  ] bb_libsurfaceflinger_468de0_c2 (415 bytes x86)
[PASS  ] bb_libsurfaceflinger_468e70_c0 (423 bytes x86)
[PASS  ] bb_libsurfaceflinger_468e70_c1 (423 bytes x86)
[PASS  ] bb_libsurfaceflinger_468e70_c2 (423 bytes x86)
[PASS  ] bb_libsurfaceflinger_468e90_c0 (391 bytes x86)
[PASS  ] bb_libsurfaceflinger_468e90_c1 (391 bytes x86)
[PASS  ] bb_libsurfaceflinger_468e90_c2 (391 bytes x86)
[SKIP  ] bb_libsurfaceflinger_468ed8_c0 reference: unsupported insn 0x2f00e407
[SKIP  ] bb_libsurfaceflinger_468ed8_c1 reference: unsupported insn 0x2f00e407
[SKIP  ] bb_libsurfaceflinger_468ed8_c2 reference: unsupported insn 0x2f00e407
[PASS  ] bb_libsurfaceflinger_468eec_c0 (452 bytes x86)
[PASS  ] bb_libsurfaceflinger_468eec_c1 (452 bytes x86)
[PASS  ] bb_libsurfaceflinger_468eec_c2 (452 bytes x86)
[PASS  ] bb_libsurfaceflinger_468f0c_c0 (423 bytes x86)
[PASS  ] bb_libsurfaceflinger_468f0c_c1 (423 bytes x86)
[PASS  ] bb_libsurfaceflinger_468f0c_c2 (423 bytes x86)
[PASS  ] bb_libsurfaceflinger_468fac_c0 (699 bytes x86)
[PASS  ] bb_libsurfaceflinger_468fac_c1 (699 bytes x86)
[PASS  ] bb_libsurfaceflinger_468fac_c2 (699 bytes x86)
[PASS  ] bb_libsurfaceflinger_468fcc_c0 (706 bytes x86)
[PASS  ] bb_libsurfaceflinger_468fcc_c1 (706 bytes x86)
[PASS  ] bb_libsurfaceflinger_468fcc_c2 (706 bytes x86)
[SKIP  ] bb_libsurfaceflinger_469684_c0 reference: unsupported insn 0x1e260009
[SKIP  ] bb_libsurfaceflinger_469684_c1 reference: unsupported insn 0x1e260009
[SKIP  ] bb_libsurfaceflinger_469684_c2 reference: unsupported insn 0x1e260009
[SKIP  ] bb_libsurfaceflinger_469850_c0 reference: unsupported insn 0x6e21d863
[SKIP  ] bb_libsurfaceflinger_469850_c1 reference: unsupported insn 0x6e21d863
[SKIP  ] bb_libsurfaceflinger_469850_c2 reference: unsupported insn 0x6e21d863
[SKIP  ] bb_libsurfaceflinger_46987c_c0 reference: unsupported insn 0x6e21d800
[SKIP  ] bb_libsurfaceflinger_46987c_c1 reference: unsupported insn 0x6e21d800
[SKIP  ] bb_libsurfaceflinger_46987c_c2 reference: unsupported insn 0x6e21d800
[SKIP  ] bb_libsurfaceflinger_4698c0_c0 reference: unsupported insn 0x2f079603
[SKIP  ] bb_libsurfaceflinger_4698c0_c1 reference: unsupported insn 0x2f079603
[SKIP  ] bb_libsurfaceflinger_4698c0_c2 reference: unsupported insn 0x2f079603
[SKIP  ] bb_libsurfaceflinger_4698e0_c0 reference: unsupported insn 0x6e21d841
[SKIP  ] bb_libsurfaceflinger_4698e0_c1 reference: unsupported insn 0x6e21d841
[SKIP  ] bb_libsurfaceflinger_4698e0_c2 reference: unsupported insn 0x6e21d841
[PASS  ] bb_libsurfaceflinger_469900_c0 (107 bytes x86)
[PASS  ] bb_libsurfaceflinger_469900_c1 (107 bytes x86)
[PASS  ] bb_libsurfaceflinger_469900_c2 (107 bytes x86)
[SKIP  ] bb_libsurfaceflinger_46994c_c0 reference: unsupported insn 0x6e21d800
[SKIP  ] bb_libsurfaceflinger_46994c_c1 reference: unsupported insn 0x6e21d800
[SKIP  ] bb_libsurfaceflinger_46994c_c2 reference: unsupported insn 0x6e21d800
[SKIP  ] bb_libsurfaceflinger_46996c_c0 reference: unsupported insn 0x6e21d825
[SKIP  ] bb_libsurfaceflinger_46996c_c1 reference: unsupported insn 0x6e21d825
[SKIP  ] bb_libsurfaceflinger_46996c_c2 reference: unsupported insn 0x6e21d825
[SKIP  ] bb_libsurfaceflinger_4699d0_c0 reference: unsupported insn 0x6e21d881
[SKIP  ] bb_libsurfaceflinger_4699d0_c1 reference: unsupported insn 0x6e21d881
[SKIP  ] bb_libsurfaceflinger_4699d0_c2 reference: unsupported insn 0x6e21d881
[PASS  ] bb_libsurfaceflinger_4699f0_c0 (107 bytes x86)
[PASS  ] bb_libsurfaceflinger_4699f0_c1 (107 bytes x86)
[PASS  ] bb_libsurfaceflinger_4699f0_c2 (107 bytes x86)
[SKIP  ] bb_libsurfaceflinger_469a1c_c0 reference: unsupported insn 0x6f0737e4
[SKIP  ] bb_libsurfaceflinger_469a1c_c1 reference: unsupported insn 0x6f0737e4
[SKIP  ] bb_libsurfaceflinger_469a1c_c2 reference: unsupported insn 0x6f0737e4
[SKIP  ] bb_libsurfaceflinger_469a3c_c0 reference: unsupported insn 0x6e21d884
[SKIP  ] bb_libsurfaceflinger_469a3c_c1 reference: unsupported insn 0x6e21d884
[SKIP  ] bb_libsurfaceflinger_469a3c_c2 reference: unsupported insn 0x6e21d884
[PASS  ] bb_libsurfaceflinger_469a7c_c0 (402 bytes x86)
[PASS  ] bb_libsurfaceflinger_469a7c_c1 (402 bytes x86)
[PASS  ] bb_libsurfaceflinger_469a7c_c2 (402 bytes x86)
[SKIP  ] bb_libsurfaceflinger_469a9c_c0 reference: unsupported insn 0x6e21d863
[SKIP  ] bb_libsurfaceflinger_469a9c_c1 reference: unsupported insn 0x6e21d863
[SKIP  ] bb_libsurfaceflinger_469a9c_c2 reference: unsupported insn 0x6e21d863
[PASS  ] bb_libsurfaceflinger_469abc_c0 (107 bytes x86)
[PASS  ] bb_libsurfaceflinger_469abc_c1 (107 bytes x86)
[PASS  ] bb_libsurfaceflinger_469abc_c2 (107 bytes x86)
[SKIP  ] bb_libsurfaceflinger_469b10_c0 reference: unsupported insn 0x6e21d800
[SKIP  ] bb_libsurfaceflinger_469b10_c1 reference: unsupported insn 0x6e21d800
[SKIP  ] bb_libsurfaceflinger_469b10_c2 reference: unsupported insn 0x6e21d800
[PASS  ] bb_libsurfaceflinger_469b30_c0 (374 bytes x86)
[PASS  ] bb_libsurfaceflinger_469b30_c1 (374 bytes x86)
[PASS  ] bb_libsurfaceflinger_469b30_c2 (374 bytes x86)
[SKIP  ] bb_libsurfaceflinger_469bbc_c0 reference: unsupported insn 0x6e21d881
[SKIP  ] bb_libsurfaceflinger_469bbc_c1 reference: unsupported insn 0x6e21d881
[SKIP  ] bb_libsurfaceflinger_469bbc_c2 reference: unsupported insn 0x6e21d881
[PASS  ] bb_libsurfaceflinger_469bdc_c0 (268 bytes x86)
[PASS  ] bb_libsurfaceflinger_469bdc_c1 (268 bytes x86)
[PASS  ] bb_libsurfaceflinger_469bdc_c2 (268 bytes x86)
[SKIP  ] bb_libsurfaceflinger_469c20_c0 reference: unsupported insn 0x0e201804
[SKIP  ] bb_libsurfaceflinger_469c20_c1 reference: unsupported insn 0x0e201804
[SKIP  ] bb_libsurfaceflinger_469c20_c2 reference: unsupported insn 0x0e201804
[SKIP  ] bb_libsurfaceflinger_469c40_c0 reference: unsupported insn 0x6e21d842
[SKIP  ] bb_libsurfaceflinger_469c40_c1 reference: unsupported insn 0x6e21d842
[SKIP  ] bb_libsurfaceflinger_469c40_c2 reference: unsupported insn 0x6e21d842
[SKIP  ] bb_libsurfaceflinger_469c80_c0 reference: unsupported insn 0x0e201825
[SKIP  ] bb_libsurfaceflinger_469c80_c1 reference: unsupported insn 0x0e201825
[SKIP  ] bb_libsurfaceflinger_469c80_c2 reference: unsupported insn 0x0e201825
[SKIP  ] bb_libsurfaceflinger_469ca0_c0 reference: unsupported insn 0x6e21d821
[SKIP  ] bb_libsurfaceflinger_469ca0_c1 reference: unsupported insn 0x6e21d821
[SKIP  ] bb_libsurfaceflinger_469ca0_c2 reference: unsupported insn 0x6e21d821
[PASS  ] bb_libsurfaceflinger_469db0_c0 (597 bytes x86)
[PASS  ] bb_libsurfaceflinger_469db0_c1 (597 bytes x86)
[PASS  ] bb_libsurfaceflinger_469db0_c2 (597 bytes x86)
[PASS  ] bb_libsurfaceflinger_469e40_c0 (160 bytes x86)
[PASS  ] bb_libsurfaceflinger_469e40_c1 (160 bytes x86)
[PASS  ] bb_libsurfaceflinger_469e40_c2 (160 bytes x86)
[SKIP  ] bb_libsurfaceflinger_469e90_c0 reference: unsupported insn 0x4f939050
[SKIP  ] bb_libsurfaceflinger_469e90_c1 reference: unsupported insn 0x4f939050
[SKIP  ] bb_libsurfaceflinger_469e90_c2 reference: unsupported insn 0x4f939050
[SKIP  ] bb_libsurfaceflinger_469f60_c0 reference: unsupported insn 0x4f01f604
[SKIP  ] bb_libsurfaceflinger_469f60_c1 reference: unsupported insn 0x4f01f604
[SKIP  ] bb_libsurfaceflinger_469f60_c2 reference: unsupported insn 0x4f01f604
[PASS  ] bb_libsurfaceflinger_469f80_c0 (421 bytes x86)
[PASS  ] bb_libsurfaceflinger_469f80_c1 (421 bytes x86)
[PASS  ] bb_libsurfaceflinger_469f80_c2 (421 bytes x86)
[PASS  ] bb_libsurfaceflinger_469fa0_c0 (407 bytes x86)
[PASS  ] bb_libsurfaceflinger_469fa0_c1 (407 bytes x86)
[PASS  ] bb_libsurfaceflinger_469fa0_c2 (407 bytes x86)
[PASS  ] bb_libsurfaceflinger_469fc0_c0 (431 bytes x86)
[PASS  ] bb_libsurfaceflinger_469fc0_c1 (431 bytes x86)
[PASS  ] bb_libsurfaceflinger_469fc0_c2 (431 bytes x86)
[PASS  ] bb_libsurfaceflinger_469fe0_c0 (444 bytes x86)
[PASS  ] bb_libsurfaceflinger_469fe0_c1 (444 bytes x86)
[PASS  ] bb_libsurfaceflinger_469fe0_c2 (444 bytes x86)
[PASS  ] bb_libsurfaceflinger_46a000_c0 (435 bytes x86)
[PASS  ] bb_libsurfaceflinger_46a000_c1 (435 bytes x86)
[PASS  ] bb_libsurfaceflinger_46a000_c2 (435 bytes x86)
[PASS  ] bb_libsurfaceflinger_46a020_c0 (466 bytes x86)
[PASS  ] bb_libsurfaceflinger_46a020_c1 (466 bytes x86)
[PASS  ] bb_libsurfaceflinger_46a020_c2 (466 bytes x86)
[SKIP  ] bb_libsurfaceflinger_46a070_c0 reference: unsupported insn 0x4f016686
[SKIP  ] bb_libsurfaceflinger_46a070_c1 reference: unsupported insn 0x4f016686
[SKIP  ] bb_libsurfaceflinger_46a070_c2 reference: unsupported insn 0x4f016686
[SKIP  ] bb_libsurfaceflinger_46a090_c0 reference: unsupported insn 0x4e21d837
[SKIP  ] bb_libsurfaceflinger_46a090_c1 reference: unsupported insn 0x4e21d837
[SKIP  ] bb_libsurfaceflinger_46a090_c2 reference: unsupported insn 0x4e21d837
[SKIP  ] bb_libsurfaceflinger_46a0b0_c0 reference: unsupported insn 0x4f0177f8
[SKIP  ] bb_libsurfaceflinger_46a0b0_c1 reference: unsupported insn 0x4f0177f8
[SKIP  ] bb_libsurfaceflinger_46a0b0_c2 reference: unsupported insn 0x4f0177f8
[PASS  ] bb_libsurfaceflinger_46a0d0_c0 (407 bytes x86)
[PASS  ] bb_libsurfaceflinger_46a0d0_c1 (407 bytes x86)
[PASS  ] bb_libsurfaceflinger_46a0d0_c2 (407 bytes x86)
[PASS  ] bb_libsurfaceflinger_46a0f0_c0 (414 bytes x86)
[PASS  ] bb_libsurfaceflinger_46a0f0_c1 (414 bytes x86)
[PASS  ] bb_libsurfaceflinger_46a0f0_c2 (414 bytes x86)
[SKIP  ] bb_libsurfaceflinger_46a110_c0 reference: unsupported insn 0x4f0177e5
[SKIP  ] bb_libsurfaceflinger_46a110_c1 reference: unsupported insn 0x4f0177e5
[SKIP  ] bb_libsurfaceflinger_46a110_c2 reference: unsupported insn 0x4f0177e5
[PASS  ] bb_libsurfaceflinger_46a130_c0 (419 bytes x86)
[PASS  ] bb_libsurfaceflinger_46a130_c1 (419 bytes x86)
[PASS  ] bb_libsurfaceflinger_46a130_c2 (419 bytes x86)
[PASS  ] bb_libsurfaceflinger_46a150_c0 (417 bytes x86)
[PASS  ] bb_libsurfaceflinger_46a150_c1 (417 bytes x86)
[PASS  ] bb_libsurfaceflinger_46a150_c2 (417 bytes x86)
[SKIP  ] bb_libsurfaceflinger_46a170_c0 reference: unsupported insn 0x4f026576
[SKIP  ] bb_libsurfaceflinger_46a170_c1 reference: unsupported insn 0x4f026576
[SKIP  ] bb_libsurfaceflinger_46a170_c2 reference: unsupported insn 0x4f026576
[SKIP  ] bb_libsurfaceflinger_46a190_c0 reference: unsupported insn 0x6f00e404
[SKIP  ] bb_libsurfaceflinger_46a190_c1 reference: unsupported insn 0x6f00e404
[SKIP  ] bb_libsurfaceflinger_46a190_c2 reference: unsupported insn 0x6f00e404
[PASS  ] bb_libsurfaceflinger_46a1b0_c0 (429 bytes x86)
[PASS  ] bb_libsurfaceflinger_46a1b0_c1 (429 bytes x86)
[PASS  ] bb_libsurfaceflinger_46a1b0_c2 (429 bytes x86)
[PASS  ] bb_libsurfaceflinger_46a1d0_c0 (399 bytes x86)
[PASS  ] bb_libsurfaceflinger_46a1d0_c1 (399 bytes x86)
[PASS  ] bb_libsurfaceflinger_46a1d0_c2 (399 bytes x86)
[PASS  ] bb_libsurfaceflinger_46a1f0_c0 (429 bytes x86)
[PASS  ] bb_libsurfaceflinger_46a1f0_c1 (429 bytes x86)
[PASS  ] bb_libsurfaceflinger_46a1f0_c2 (429 bytes x86)
[SKIP  ] bb_libsurfaceflinger_46a230_c0 reference: unsupported insn 0x4ea1ba07
[SKIP  ] bb_libsurfaceflinger_46a230_c1 reference: unsupported insn 0x4ea1ba07
[SKIP  ] bb_libsurfaceflinger_46a230_c2 reference: unsupported insn 0x4ea1ba07
[SKIP  ] bb_libsurfaceflinger_46a250_c0 reference: unsupported insn 0x4ea1b8c6
[SKIP  ] bb_libsurfaceflinger_46a250_c1 reference: unsupported insn 0x4ea1b8c6
[SKIP  ] bb_libsurfaceflinger_46a250_c2 reference: unsupported insn 0x4ea1b8c6
[SKIP  ] bb_libsurfaceflinger_46a270_c0 reference: unsupported insn 0x4ea1b884
[SKIP  ] bb_libsurfaceflinger_46a270_c1 reference: unsupported insn 0x4ea1b884
[SKIP  ] bb_libsurfaceflinger_46a270_c2 reference: unsupported insn 0x4ea1b884
[PASS  ] bb_libsurfaceflinger_46a290_c0 (455 bytes x86)
[PASS  ] bb_libsurfaceflinger_46a290_c1 (455 bytes x86)
[PASS  ] bb_libsurfaceflinger_46a290_c2 (455 bytes x86)
[PASS  ] bb_libsurfaceflinger_46a2b0_c0 (441 bytes x86)
[PASS  ] bb_libsurfaceflinger_46a2b0_c1 (441 bytes x86)
[PASS  ] bb_libsurfaceflinger_46a2b0_c2 (441 bytes x86)
[SKIP  ] bb_libsurfaceflinger_46a2d0_c0 reference: unsupported insn 0x4f05f602
[SKIP  ] bb_libsurfaceflinger_46a2d0_c1 reference: unsupported insn 0x4f05f602
[SKIP  ] bb_libsurfaceflinger_46a2d0_c2 reference: unsupported insn 0x4f05f602
[SKIP  ] bb_libsurfaceflinger_46a310_c0 reference: unsupported insn 0x4f03d7e4
[SKIP  ] bb_libsurfaceflinger_46a310_c1 reference: unsupported insn 0x4f03d7e4
[SKIP  ] bb_libsurfaceflinger_46a310_c2 reference: unsupported insn 0x4f03d7e4
[SKIP  ] bb_libsurfaceflinger_46a330_c0 reference: unsupported insn 0x4f0177e4
[SKIP  ] bb_libsurfaceflinger_46a330_c1 reference: unsupported insn 0x4f0177e4
[SKIP  ] bb_libsurfaceflinger_46a330_c2 reference: unsupported insn 0x4f0177e4
[PASS  ] bb_libsurfaceflinger_46a350_c0 (410 bytes x86)
[PASS  ] bb_libsurfaceflinger_46a350_c1 (410 bytes x86)
[PASS  ] bb_libsurfaceflinger_46a350_c2 (410 bytes x86)
[SKIP  ] bb_libsurfaceflinger_46a390_c0 reference: unsupported insn 0x4f869084
[SKIP  ] bb_libsurfaceflinger_46a390_c1 reference: unsupported insn 0x4f869084
[SKIP  ] bb_libsurfaceflinger_46a390_c2 reference: unsupported insn 0x4f869084
[PASS  ] bb_libsurfaceflinger_46a3b0_c0 (405 bytes x86)
[PASS  ] bb_libsurfaceflinger_46a3b0_c1 (405 bytes x86)
[PASS  ] bb_libsurfaceflinger_46a3b0_c2 (405 bytes x86)
[SKIP  ] bb_libsurfaceflinger_46a3d0_c0 reference: unsupported insn 0x4f046410
[SKIP  ] bb_libsurfaceflinger_46a3d0_c1 reference: unsupported insn 0x4f046410
[SKIP  ] bb_libsurfaceflinger_46a3d0_c2 reference: unsupported insn 0x4f046410
[SKIP  ] bb_libsurfaceflinger_46a3f0_c0 reference: unsupported insn 0x4f03f607
[SKIP  ] bb_libsurfaceflinger_46a3f0_c1 reference: unsupported insn 0x4f03f607
[SKIP  ] bb_libsurfaceflinger_46a3f0_c2 reference: unsupported insn 0x4f03f607
[PASS  ] bb_libsurfaceflinger_46a410_c0 (126 bytes x86)
[PASS  ] bb_libsurfaceflinger_46a410_c1 (126 bytes x86)
[PASS  ] bb_libsurfaceflinger_46a410_c2 (126 bytes x86)
[SKIP  ] bb_libsurfaceflinger_46a41c_c0 reference: unsupported insn 0x00000000
[SKIP  ] bb_libsurfaceflinger_46a41c_c1 reference: unsupported insn 0x00000000
[SKIP  ] bb_libsurfaceflinger_46a41c_c2 reference: unsupported insn 0x00000000
[SKIP  ] bb_libsurfaceflinger_46a43c_c0 reference: unsupported insn 0x4f0177e4
[SKIP  ] bb_libsurfaceflinger_46a43c_c1 reference: unsupported insn 0x4f0177e4
[SKIP  ] bb_libsurfaceflinger_46a43c_c2 reference: unsupported insn 0x4f0177e4
[PASS  ] bb_libsurfaceflinger_46a45c_c0 (412 bytes x86)
[PASS  ] bb_libsurfaceflinger_46a45c_c1 (412 bytes x86)
[PASS  ] bb_libsurfaceflinger_46a45c_c2 (412 bytes x86)
[PASS  ] bb_libsurfaceflinger_46a4bc_c0 (423 bytes x86)
[PASS  ] bb_libsurfaceflinger_46a4bc_c1 (423 bytes x86)
[PASS  ] bb_libsurfaceflinger_46a4bc_c2 (423 bytes x86)
[SKIP  ] bb_libsurfaceflinger_46a4dc_c0 reference: unsupported insn 0x4f046410
[SKIP  ] bb_libsurfaceflinger_46a4dc_c1 reference: unsupported insn 0x4f046410
[SKIP  ] bb_libsurfaceflinger_46a4dc_c2 reference: unsupported insn 0x4f046410
[SKIP  ] bb_libsurfaceflinger_46a4fc_c0 reference: unsupported insn 0x4f03f607
[SKIP  ] bb_libsurfaceflinger_46a4fc_c1 reference: unsupported insn 0x4f03f607
[SKIP  ] bb_libsurfaceflinger_46a4fc_c2 reference: unsupported insn 0x4f03f607
[PASS  ] bb_libsurfaceflinger_46a51c_c0 (180 bytes x86)
[PASS  ] bb_libsurfaceflinger_46a51c_c1 (180 bytes x86)
[PASS  ] bb_libsurfaceflinger_46a51c_c2 (180 bytes x86)
[SKIP  ] bb_libsurfaceflinger_46a52c_c0 reference: unsupported insn 0x00000000
[SKIP  ] bb_libsurfaceflinger_46a52c_c1 reference: unsupported insn 0x00000000
[SKIP  ] bb_libsurfaceflinger_46a52c_c2 reference: unsupported insn 0x00000000
[SKIP  ] bb_libsurfaceflinger_46a54c_c0 reference: unsupported insn 0x4f0177e4
[SKIP  ] bb_libsurfaceflinger_46a54c_c1 reference: unsupported insn 0x4f0177e4
[SKIP  ] bb_libsurfaceflinger_46a54c_c2 reference: unsupported insn 0x4f0177e4
[SKIP  ] bb_libsurfaceflinger_46a5ec_c0 reference: unsupported insn 0x4f046410
[SKIP  ] bb_libsurfaceflinger_46a5ec_c1 reference: unsupported insn 0x4f046410
[SKIP  ] bb_libsurfaceflinger_46a5ec_c2 reference: unsupported insn 0x4f046410
[PASS  ] bb_libsurfaceflinger_46a62c_c0 (180 bytes x86)
[PASS  ] bb_libsurfaceflinger_46a62c_c1 (180 bytes x86)
[PASS  ] bb_libsurfaceflinger_46a62c_c2 (180 bytes x86)
[SKIP  ] bb_libsurfaceflinger_46a63c_c0 reference: unsupported insn 0x00000000
[SKIP  ] bb_libsurfaceflinger_46a63c_c1 reference: unsupported insn 0x00000000
[SKIP  ] bb_libsurfaceflinger_46a63c_c2 reference: unsupported insn 0x00000000
[SKIP  ] bb_libsurfaceflinger_46a65c_c0 reference: unsupported insn 0x4f0177e4
[SKIP  ] bb_libsurfaceflinger_46a65c_c1 reference: unsupported insn 0x4f0177e4
[SKIP  ] bb_libsurfaceflinger_46a65c_c2 reference: unsupported insn 0x4f0177e4
[SKIP  ] bb_libsurfaceflinger_46a6fc_c0 reference: unsupported insn 0x4f046410
[SKIP  ] bb_libsurfaceflinger_46a6fc_c1 reference: unsupported insn 0x4f046410
[SKIP  ] bb_libsurfaceflinger_46a6fc_c2 reference: unsupported insn 0x4f046410
[PASS  ] bb_libsurfaceflinger_46a73c_c0 (180 bytes x86)
[PASS  ] bb_libsurfaceflinger_46a73c_c1 (180 bytes x86)
[PASS  ] bb_libsurfaceflinger_46a73c_c2 (180 bytes x86)
[SKIP  ] bb_libsurfaceflinger_46a74c_c0 reference: unsupported insn 0x00000000
[SKIP  ] bb_libsurfaceflinger_46a74c_c1 reference: unsupported insn 0x00000000
[SKIP  ] bb_libsurfaceflinger_46a74c_c2 reference: unsupported insn 0x00000000
[SKIP  ] bb_libsurfaceflinger_46a76c_c0 reference: unsupported insn 0x4f03d7f1
[SKIP  ] bb_libsurfaceflinger_46a76c_c1 reference: unsupported insn 0x4f03d7f1
[SKIP  ] bb_libsurfaceflinger_46a76c_c2 reference: unsupported insn 0x4f03d7f1
[SKIP  ] bb_libsurfaceflinger_46a78c_c0 reference: unsupported insn 0x4f0177f5
[SKIP  ] bb_libsurfaceflinger_46a78c_c1 reference: unsupported insn 0x4f0177f5
[SKIP  ] bb_libsurfaceflinger_46a78c_c2 reference: unsupported insn 0x4f0177f5
[SKIP  ] bb_libsurfaceflinger_46a7ac_c0 reference: unsupported insn 0x6f047401
[SKIP  ] bb_libsurfaceflinger_46a7ac_c1 reference: unsupported insn 0x6f047401
[SKIP  ] bb_libsurfaceflinger_46a7ac_c2 reference: unsupported insn 0x6f047401
[SKIP  ] bb_libsurfaceflinger_46a7cc_c0 reference: unsupported insn 0x4f0177f1
[SKIP  ] bb_libsurfaceflinger_46a7cc_c1 reference: unsupported insn 0x4f0177f1
[SKIP  ] bb_libsurfaceflinger_46a7cc_c2 reference: unsupported insn 0x4f0177f1
[SKIP  ] bb_libsurfaceflinger_46a84c_c0 reference: unsupported insn 0x4f969273
[SKIP  ] bb_libsurfaceflinger_46a84c_c1 reference: unsupported insn 0x4f969273
[SKIP  ] bb_libsurfaceflinger_46a84c_c2 reference: unsupported insn 0x4f969273
[PASS  ] bb_libsurfaceflinger_46a86c_c0 (405 bytes x86)
[PASS  ] bb_libsurfaceflinger_46a86c_c1 (405 bytes x86)
[PASS  ] bb_libsurfaceflinger_46a86c_c2 (405 bytes x86)
[SKIP  ] bb_libsurfaceflinger_46a88c_c0 reference: unsupported insn 0x4f9690c6
[SKIP  ] bb_libsurfaceflinger_46a88c_c1 reference: unsupported insn 0x4f9690c6
[SKIP  ] bb_libsurfaceflinger_46a88c_c2 reference: unsupported insn 0x4f9690c6
[SKIP  ] bb_libsurfaceflinger_46a8ac_c0 reference: unsupported insn 0x4f026571
[SKIP  ] bb_libsurfaceflinger_46a8ac_c1 reference: unsupported insn 0x4f026571
[SKIP  ] bb_libsurfaceflinger_46a8ac_c2 reference: unsupported insn 0x4f026571
[PASS  ] bb_libsurfaceflinger_46a8cc_c0 (617 bytes x86)
[PASS  ] bb_libsurfaceflinger_46a8cc_c1 (617 bytes x86)
[PASS  ] bb_libsurfaceflinger_46a8cc_c2 (617 bytes x86)
[PASS  ] bb_libsurfaceflinger_46a8ec_c0 (718 bytes x86)
[PASS  ] bb_libsurfaceflinger_46a8ec_c1 (718 bytes x86)
[PASS  ] bb_libsurfaceflinger_46a8ec_c2 (718 bytes x86)
[SKIP  ] bb_libsurfaceflinger_46a90c_c0 reference: unsupported insn 0x4ea1ba10
[SKIP  ] bb_libsurfaceflinger_46a90c_c1 reference: unsupported insn 0x4ea1ba10
[SKIP  ] bb_libsurfaceflinger_46a90c_c2 reference: unsupported insn 0x4ea1ba10
[PASS  ] bb_libsurfaceflinger_46a92c_c0 (413 bytes x86)
[PASS  ] bb_libsurfaceflinger_46a92c_c1 (413 bytes x86)
[PASS  ] bb_libsurfaceflinger_46a92c_c2 (413 bytes x86)
[SKIP  ] bb_libsurfaceflinger_46a9ac_c0 reference: unsupported insn 0x4e21d8b2
[SKIP  ] bb_libsurfaceflinger_46a9ac_c1 reference: unsupported insn 0x4e21d8b2
[SKIP  ] bb_libsurfaceflinger_46a9ac_c2 reference: unsupported insn 0x4e21d8b2
[PASS  ] bb_libsurfaceflinger_46a9cc_c0 (425 bytes x86)
[PASS  ] bb_libsurfaceflinger_46a9cc_c1 (425 bytes x86)
[PASS  ] bb_libsurfaceflinger_46a9cc_c2 (425 bytes x86)
[PASS  ] bb_libsurfaceflinger_46aa0c_c0 (415 bytes x86)
[PASS  ] bb_libsurfaceflinger_46aa0c_c1 (415 bytes x86)
[PASS  ] bb_libsurfaceflinger_46aa0c_c2 (415 bytes x86)
[PASS  ] bb_libsurfaceflinger_46aa8c_c0 (126 bytes x86)
[PASS  ] bb_libsurfaceflinger_46aa8c_c1 (126 bytes x86)
[PASS  ] bb_libsurfaceflinger_46aa8c_c2 (126 bytes x86)
[SKIP  ] bb_libsurfaceflinger_46ab00_c0 reference: unsupported insn 0x4f0177f0
[SKIP  ] bb_libsurfaceflinger_46ab00_c1 reference: unsupported insn 0x4f0177f0
[SKIP  ] bb_libsurfaceflinger_46ab00_c2 reference: unsupported insn 0x4f0177f0
[SKIP  ] bb_libsurfaceflinger_46ab40_c0 reference: unsupported insn 0x4f8690e6
[SKIP  ] bb_libsurfaceflinger_46ab40_c1 reference: unsupported insn 0x4f8690e6
[SKIP  ] bb_libsurfaceflinger_46ab40_c2 reference: unsupported insn 0x4f8690e6
[PASS  ] bb_libsurfaceflinger_46ab60_c0 (405 bytes x86)
[PASS  ] bb_libsurfaceflinger_46ab60_c1 (405 bytes x86)
[PASS  ] bb_libsurfaceflinger_46ab60_c2 (405 bytes x86)
[SKIP  ] bb_libsurfaceflinger_46aef0_c0 reference: unsupported insn 0x4f016692
[SKIP  ] bb_libsurfaceflinger_46aef0_c1 reference: unsupported insn 0x4f016692
[SKIP  ] bb_libsurfaceflinger_46aef0_c2 reference: unsupported insn 0x4f016692
[SKIP  ] bb_libsurfaceflinger_46af10_c0 reference: unsupported insn 0x4f95903d
[SKIP  ] bb_libsurfaceflinger_46af10_c1 reference: unsupported insn 0x4f95903d
[SKIP  ] bb_libsurfaceflinger_46af10_c2 reference: unsupported insn 0x4f95903d
[SKIP  ] bb_libsurfaceflinger_46af30_c0 reference: unsupported insn 0x4e21da3a
[SKIP  ] bb_libsurfaceflinger_46af30_c1 reference: unsupported insn 0x4e21da3a
[SKIP  ] bb_libsurfaceflinger_46af30_c2 reference: unsupported insn 0x4e21da3a
[SKIP  ] bb_libsurfaceflinger_46af50_c0 reference: unsupported insn 0x4f0177f5
[SKIP  ] bb_libsurfaceflinger_46af50_c1 reference: unsupported insn 0x4f0177f5
[SKIP  ] bb_libsurfaceflinger_46af50_c2 reference: unsupported insn 0x4f0177f5
[SKIP  ] bb_libsurfaceflinger_46af70_c0 reference: unsupported insn 0x4e21dba8
[SKIP  ] bb_libsurfaceflinger_46af70_c1 reference: unsupported insn 0x4e21dba8
[SKIP  ] bb_libsurfaceflinger_46af70_c2 reference: unsupported insn 0x4e21dba8
[PASS  ] bb_libsurfaceflinger_46af90_c0 (427 bytes x86)
[PASS  ] bb_libsurfaceflinger_46af90_c1 (427 bytes x86)
[PASS  ] bb_libsurfaceflinger_46af90_c2 (427 bytes x86)
[PASS  ] bb_libsurfaceflinger_46afd0_c0 (407 bytes x86)
[PASS  ] bb_libsurfaceflinger_46afd0_c1 (407 bytes x86)
[PASS  ] bb_libsurfaceflinger_46afd0_c2 (407 bytes x86)
[PASS  ] bb_libsurfaceflinger_46aff0_c0 (413 bytes x86)
[PASS  ] bb_libsurfaceflinger_46aff0_c1 (413 bytes x86)
[PASS  ] bb_libsurfaceflinger_46aff0_c2 (413 bytes x86)
[PASS  ] bb_libsurfaceflinger_46b010_c0 (427 bytes x86)
[PASS  ] bb_libsurfaceflinger_46b010_c1 (427 bytes x86)
[PASS  ] bb_libsurfaceflinger_46b010_c2 (427 bytes x86)
[SKIP  ] bb_libsurfaceflinger_46b030_c0 reference: unsupported insn 0x4f02657a
[SKIP  ] bb_libsurfaceflinger_46b030_c1 reference: unsupported insn 0x4f02657a
[SKIP  ] bb_libsurfaceflinger_46b030_c2 reference: unsupported insn 0x4f02657a
[SKIP  ] bb_libsurfaceflinger_46b050_c0 reference: unsupported insn 0x6f00e41b
[SKIP  ] bb_libsurfaceflinger_46b050_c1 reference: unsupported insn 0x6f00e41b
[SKIP  ] bb_libsurfaceflinger_46b050_c2 reference: unsupported insn 0x6f00e41b
[PASS  ] bb_libsurfaceflinger_46b070_c0 (904 bytes x86)
[PASS  ] bb_libsurfaceflinger_46b070_c1 (904 bytes x86)
[PASS  ] bb_libsurfaceflinger_46b070_c2 (904 bytes x86)
[SKIP  ] bb_libsurfaceflinger_46b090_c0 reference: unsupported insn 0x4ea1bad6
[SKIP  ] bb_libsurfaceflinger_46b090_c1 reference: unsupported insn 0x4ea1bad6
[SKIP  ] bb_libsurfaceflinger_46b090_c2 reference: unsupported insn 0x4ea1bad6
[PASS  ] bb_libsurfaceflinger_46b0d0_c0 (435 bytes x86)
[PASS  ] bb_libsurfaceflinger_46b0d0_c1 (435 bytes x86)
[PASS  ] bb_libsurfaceflinger_46b0d0_c2 (435 bytes x86)
[SKIP  ] bb_libsurfaceflinger_46b110_c0 reference: unsupported insn 0x4f03d7e4
[SKIP  ] bb_libsurfaceflinger_46b110_c1 reference: unsupported insn 0x4f03d7e4
[SKIP  ] bb_libsurfaceflinger_46b110_c2 reference: unsupported insn 0x4f03d7e4
[SKIP  ] bb_libsurfaceflinger_46b130_c0 reference: unsupported insn 0x4f0177e6
[SKIP  ] bb_libsurfaceflinger_46b130_c1 reference: unsupported insn 0x4f0177e6
[SKIP  ] bb_libsurfaceflinger_46b130_c2 reference: unsupported insn 0x4f0177e6
[SKIP  ] bb_libsurfaceflinger_46b150_c0 reference: unsupported insn 0x4f016692
[SKIP  ] bb_libsurfaceflinger_46b150_c1 reference: unsupported insn 0x4f016692
[SKIP  ] bb_libsurfaceflinger_46b150_c2 reference: unsupported insn 0x4f016692
[PASS  ] bb_libsurfaceflinger_46b1d0_c0 (402 bytes x86)
[PASS  ] bb_libsurfaceflinger_46b1d0_c1 (402 bytes x86)
[PASS  ] bb_libsurfaceflinger_46b1d0_c2 (402 bytes x86)
[SKIP  ] bb_libsurfaceflinger_46b1f0_c0 reference: unsupported insn 0x4f026570
[SKIP  ] bb_libsurfaceflinger_46b1f0_c1 reference: unsupported insn 0x4f026570
[SKIP  ] bb_libsurfaceflinger_46b1f0_c2 reference: unsupported insn 0x4f026570
[SKIP  ] bb_libsurfaceflinger_46b230_c0 reference: unsupported insn 0x4f0177e4
[SKIP  ] bb_libsurfaceflinger_46b230_c1 reference: unsupported insn 0x4f0177e4
[SKIP  ] bb_libsurfaceflinger_46b230_c2 reference: unsupported insn 0x4f0177e4
[SKIP  ] bb_libsurfaceflinger_46b250_c0 reference: unsupported insn 0x4f9e9084
[SKIP  ] bb_libsurfaceflinger_46b250_c1 reference: unsupported insn 0x4f9e9084
[SKIP  ] bb_libsurfaceflinger_46b250_c2 reference: unsupported insn 0x4f9e9084
[PASS  ] bb_libsurfaceflinger_46b270_c0 (422 bytes x86)
[PASS  ] bb_libsurfaceflinger_46b270_c1 (422 bytes x86)
[PASS  ] bb_libsurfaceflinger_46b270_c2 (422 bytes x86)
[SKIP  ] bb_libsurfaceflinger_46b290_c0 reference: unsupported insn 0x4f046410
[SKIP  ] bb_libsurfaceflinger_46b290_c1 reference: unsupported insn 0x4f046410
[SKIP  ] bb_libsurfaceflinger_46b290_c2 reference: unsupported insn 0x4f046410
[SKIP  ] bb_libsurfaceflinger_46b2c0_c0 reference: unsupported insn 0x4f03d7e4
[SKIP  ] bb_libsurfaceflinger_46b2c0_c1 reference: unsupported insn 0x4f03d7e4
[SKIP  ] bb_libsurfaceflinger_46b2c0_c2 reference: unsupported insn 0x4f03d7e4
[SKIP  ] bb_libsurfaceflinger_46b2e0_c0 reference: unsupported insn 0x4f0177e6
[SKIP  ] bb_libsurfaceflinger_46b2e0_c1 reference: unsupported insn 0x4f0177e6
[SKIP  ] bb_libsurfaceflinger_46b2e0_c2 reference: unsupported insn 0x4f0177e6
[SKIP  ] bb_libsurfaceflinger_46b440_c0 reference: unsupported insn 0x4f046410
[SKIP  ] bb_libsurfaceflinger_46b440_c1 reference: unsupported insn 0x4f046410
[SKIP  ] bb_libsurfaceflinger_46b440_c2 reference: unsupported insn 0x4f046410
[SKIP  ] bb_libsurfaceflinger_46b470_c0 reference: unsupported insn 0x4f03d7e4
[SKIP  ] bb_libsurfaceflinger_46b470_c1 reference: unsupported insn 0x4f03d7e4
[SKIP  ] bb_libsurfaceflinger_46b470_c2 reference: unsupported insn 0x4f03d7e4
[SKIP  ] bb_libsurfaceflinger_46b490_c0 reference: unsupported insn 0x4f0177e6
[SKIP  ] bb_libsurfaceflinger_46b490_c1 reference: unsupported insn 0x4f0177e6
[SKIP  ] bb_libsurfaceflinger_46b490_c2 reference: unsupported insn 0x4f0177e6
[SKIP  ] bb_libsurfaceflinger_46b5f0_c0 reference: unsupported insn 0x4f046410
[SKIP  ] bb_libsurfaceflinger_46b5f0_c1 reference: unsupported insn 0x4f046410
[SKIP  ] bb_libsurfaceflinger_46b5f0_c2 reference: unsupported insn 0x4f046410
[SKIP  ] bb_libsurfaceflinger_46b620_c0 reference: unsupported insn 0x4f03d7e4
[SKIP  ] bb_libsurfaceflinger_46b620_c1 reference: unsupported insn 0x4f03d7e4
[SKIP  ] bb_libsurfaceflinger_46b620_c2 reference: unsupported insn 0x4f03d7e4
[SKIP  ] bb_libsurfaceflinger_46b640_c0 reference: unsupported insn 0x4f0177e6
[SKIP  ] bb_libsurfaceflinger_46b640_c1 reference: unsupported insn 0x4f0177e6
[SKIP  ] bb_libsurfaceflinger_46b640_c2 reference: unsupported insn 0x4f0177e6
[SKIP  ] bb_libsurfaceflinger_46b7a0_c0 reference: unsupported insn 0x4f046410
[SKIP  ] bb_libsurfaceflinger_46b7a0_c1 reference: unsupported insn 0x4f046410
[SKIP  ] bb_libsurfaceflinger_46b7a0_c2 reference: unsupported insn 0x4f046410
[SKIP  ] bb_libsurfaceflinger_46b7f0_c0 reference: unsupported insn 0x4f016687
[SKIP  ] bb_libsurfaceflinger_46b7f0_c1 reference: unsupported insn 0x4f016687
[SKIP  ] bb_libsurfaceflinger_46b7f0_c2 reference: unsupported insn 0x4f016687
[SKIP  ] bb_libsurfaceflinger_46b810_c0 reference: unsupported insn 0x6f047401
[SKIP  ] bb_libsurfaceflinger_46b810_c1 reference: unsupported insn 0x6f047401
[SKIP  ] bb_libsurfaceflinger_46b810_c2 reference: unsupported insn 0x6f047401
[SKIP  ] bb_libsurfaceflinger_46b830_c0 reference: unsupported insn 0x4f0177f9
[SKIP  ] bb_libsurfaceflinger_46b830_c1 reference: unsupported insn 0x4f0177f9
[SKIP  ] bb_libsurfaceflinger_46b830_c2 reference: unsupported insn 0x4f0177f9
[SKIP  ] bb_libsurfaceflinger_46b850_c0 reference: unsupported insn 0x6f047402
[SKIP  ] bb_libsurfaceflinger_46b850_c1 reference: unsupported insn 0x6f047402
[SKIP  ] bb_libsurfaceflinger_46b850_c2 reference: unsupported insn 0x6f047402
[SKIP  ] bb_libsurfaceflinger_46b890_c0 reference: unsupported insn 0x6f047415
[SKIP  ] bb_libsurfaceflinger_46b890_c1 reference: unsupported insn 0x6f047415
[SKIP  ] bb_libsurfaceflinger_46b890_c2 reference: unsupported insn 0x6f047415
[PASS  ] bb_libsurfaceflinger_46b8b0_c0 (421 bytes x86)
[PASS  ] bb_libsurfaceflinger_46b8b0_c1 (421 bytes x86)
[PASS  ] bb_libsurfaceflinger_46b8b0_c2 (421 bytes x86)
[SKIP  ] bb_libsurfaceflinger_46b8d0_c0 reference: unsupported insn 0x4f9e92db
[SKIP  ] bb_libsurfaceflinger_46b8d0_c1 reference: unsupported insn 0x4f9e92db
[SKIP  ] bb_libsurfaceflinger_46b8d0_c2 reference: unsupported insn 0x4f9e92db
[SKIP  ] bb_libsurfaceflinger_46b8f0_c0 reference: unsupported insn 0x4f9e913e
[SKIP  ] bb_libsurfaceflinger_46b8f0_c1 reference: unsupported insn 0x4f9e913e
[SKIP  ] bb_libsurfaceflinger_46b8f0_c2 reference: unsupported insn 0x4f9e913e
[SKIP  ] bb_libsurfaceflinger_46b910_c0 reference: unsupported insn 0x4f02657a
[SKIP  ] bb_libsurfaceflinger_46b910_c1 reference: unsupported insn 0x4f02657a
[SKIP  ] bb_libsurfaceflinger_46b910_c2 reference: unsupported insn 0x4f02657a
[SKIP  ] bb_libsurfaceflinger_46b930_c0 reference: unsupported insn 0x6f00e416
[SKIP  ] bb_libsurfaceflinger_46b930_c1 reference: unsupported insn 0x6f00e416
[SKIP  ] bb_libsurfaceflinger_46b930_c2 reference: unsupported insn 0x6f00e416
[SKIP  ] bb_libsurfaceflinger_46b970_c0 reference: unsupported insn 0x4ea1bbff
[SKIP  ] bb_libsurfaceflinger_46b970_c1 reference: unsupported insn 0x4ea1bbff
[SKIP  ] bb_libsurfaceflinger_46b970_c2 reference: unsupported insn 0x4ea1bbff
[SKIP  ] bb_libsurfaceflinger_46b9d0_c0 reference: unsupported insn 0x4f8d9048
[SKIP  ] bb_libsurfaceflinger_46b9d0_c1 reference: unsupported insn 0x4f8d9048
[SKIP  ] bb_libsurfaceflinger_46b9d0_c2 reference: unsupported insn 0x4f8d9048
[SKIP  ] bb_libsurfaceflinger_46ba10_c0 reference: unsupported insn 0x4f8d92bf
[SKIP  ] bb_libsurfaceflinger_46ba10_c1 reference: unsupported insn 0x4f8d92bf
[SKIP  ] bb_libsurfaceflinger_46ba10_c2 reference: unsupported insn 0x4f8d92bf
[SKIP  ] bb_libsurfaceflinger_46ba30_c0 reference: unsupported insn 0x4f0177fe
[SKIP  ] bb_libsurfaceflinger_46ba30_c1 reference: unsupported insn 0x4f0177fe
[SKIP  ] bb_libsurfaceflinger_46ba30_c2 reference: unsupported insn 0x4f0177fe
[SKIP  ] bb_libsurfaceflinger_46ba50_c0 reference: unsupported insn 0x4e21d84c
[SKIP  ] bb_libsurfaceflinger_46ba50_c1 reference: unsupported insn 0x4e21d84c
[SKIP  ] bb_libsurfaceflinger_46ba50_c2 reference: unsupported insn 0x4e21d84c
[PASS  ] bb_libsurfaceflinger_46ba70_c0 (425 bytes x86)
[PASS  ] bb_libsurfaceflinger_46ba70_c1 (425 bytes x86)
[PASS  ] bb_libsurfaceflinger_46ba70_c2 (425 bytes x86)
[PASS  ] bb_libsurfaceflinger_46baf0_c0 (421 bytes x86)
[PASS  ] bb_libsurfaceflinger_46baf0_c1 (421 bytes x86)
[PASS  ] bb_libsurfaceflinger_46baf0_c2 (421 bytes x86)
[PASS  ] bb_libsurfaceflinger_46bb10_c0 (423 bytes x86)
[PASS  ] bb_libsurfaceflinger_46bb10_c1 (423 bytes x86)
[PASS  ] bb_libsurfaceflinger_46bb10_c2 (423 bytes x86)
[PASS  ] bb_libsurfaceflinger_46bb30_c0 (715 bytes x86)
[PASS  ] bb_libsurfaceflinger_46bb30_c1 (715 bytes x86)
[PASS  ] bb_libsurfaceflinger_46bb30_c2 (715 bytes x86)
[SKIP  ] bb_libsurfaceflinger_46bb50_c0 reference: unsupported insn 0x4ea1ba10
[SKIP  ] bb_libsurfaceflinger_46bb50_c1 reference: unsupported insn 0x4ea1ba10
[SKIP  ] bb_libsurfaceflinger_46bb50_c2 reference: unsupported insn 0x4ea1ba10
[PASS  ] bb_libsurfaceflinger_46bc00_c0 (423 bytes x86)
[PASS  ] bb_libsurfaceflinger_46bc00_c1 (423 bytes x86)
[PASS  ] bb_libsurfaceflinger_46bc00_c2 (423 bytes x86)
[SKIP  ] bb_libsurfaceflinger_46bc20_c0 reference: unsupported insn 0x4f959000
[SKIP  ] bb_libsurfaceflinger_46bc20_c1 reference: unsupported insn 0x4f959000
[SKIP  ] bb_libsurfaceflinger_46bc20_c2 reference: unsupported insn 0x4f959000
[SKIP  ] bb_libsurfaceflinger_46bc60_c0 reference: unsupported insn 0x4f8690e6
[SKIP  ] bb_libsurfaceflinger_46bc60_c1 reference: unsupported insn 0x4f8690e6
[SKIP  ] bb_libsurfaceflinger_46bc60_c2 reference: unsupported insn 0x4f8690e6
[PASS  ] bb_libsurfaceflinger_46bc80_c0 (421 bytes x86)
[PASS  ] bb_libsurfaceflinger_46bc80_c1 (421 bytes x86)
[PASS  ] bb_libsurfaceflinger_46bc80_c2 (421 bytes x86)
[SKIP  ] bb_libsurfaceflinger_46bca0_c0 reference: unsupported insn 0x4f026570
[SKIP  ] bb_libsurfaceflinger_46bca0_c1 reference: unsupported insn 0x4f026570
[SKIP  ] bb_libsurfaceflinger_46bca0_c2 reference: unsupported insn 0x4f026570
[SKIP  ] bb_libsurfaceflinger_46bcc0_c0 reference: unsupported insn 0x4f03f610
[SKIP  ] bb_libsurfaceflinger_46bcc0_c1 reference: unsupported insn 0x4f03f610
[SKIP  ] bb_libsurfaceflinger_46bcc0_c2 reference: unsupported insn 0x4f03f610
[PASS  ] bb_libsurfaceflinger_46bd90_c0 (423 bytes x86)
[PASS  ] bb_libsurfaceflinger_46bd90_c1 (423 bytes x86)
[PASS  ] bb_libsurfaceflinger_46bd90_c2 (423 bytes x86)
[SKIP  ] bb_libsurfaceflinger_46bdb0_c0 reference: unsupported insn 0x4f959021
[SKIP  ] bb_libsurfaceflinger_46bdb0_c1 reference: unsupported insn 0x4f959021
[SKIP  ] bb_libsurfaceflinger_46bdb0_c2 reference: unsupported insn 0x4f959021
[SKIP  ] bb_libsurfaceflinger_46bdf0_c0 reference: unsupported insn 0x4f8690e6
[SKIP  ] bb_libsurfaceflinger_46bdf0_c1 reference: unsupported insn 0x4f8690e6
[SKIP  ] bb_libsurfaceflinger_46bdf0_c2 reference: unsupported insn 0x4f8690e6
[PASS  ] bb_libsurfaceflinger_46be10_c0 (421 bytes x86)
[PASS  ] bb_libsurfaceflinger_46be10_c1 (421 bytes x86)
[PASS  ] bb_libsurfaceflinger_46be10_c2 (421 bytes x86)
[SKIP  ] bb_libsurfaceflinger_46be30_c0 reference: unsupported insn 0x4f026570
[SKIP  ] bb_libsurfaceflinger_46be30_c1 reference: unsupported insn 0x4f026570
[SKIP  ] bb_libsurfaceflinger_46be30_c2 reference: unsupported insn 0x4f026570
[SKIP  ] bb_libsurfaceflinger_46be50_c0 reference: unsupported insn 0x4f03f610
[SKIP  ] bb_libsurfaceflinger_46be50_c1 reference: unsupported insn 0x4f03f610
[SKIP  ] bb_libsurfaceflinger_46be50_c2 reference: unsupported insn 0x4f03f610
[PASS  ] bb_libsurfaceflinger_46bf20_c0 (423 bytes x86)
[PASS  ] bb_libsurfaceflinger_46bf20_c1 (423 bytes x86)
[PASS  ] bb_libsurfaceflinger_46bf20_c2 (423 bytes x86)
[SKIP  ] bb_libsurfaceflinger_46bf40_c0 reference: unsupported insn 0x4f959042
[SKIP  ] bb_libsurfaceflinger_46bf40_c1 reference: unsupported insn 0x4f959042
[SKIP  ] bb_libsurfaceflinger_46bf40_c2 reference: unsupported insn 0x4f959042
[SKIP  ] bb_libsurfaceflinger_46bf80_c0 reference: unsupported insn 0x4f8690e6
[SKIP  ] bb_libsurfaceflinger_46bf80_c1 reference: unsupported insn 0x4f8690e6
[SKIP  ] bb_libsurfaceflinger_46bf80_c2 reference: unsupported insn 0x4f8690e6
[PASS  ] bb_libsurfaceflinger_46bfa0_c0 (421 bytes x86)
[PASS  ] bb_libsurfaceflinger_46bfa0_c1 (421 bytes x86)
[PASS  ] bb_libsurfaceflinger_46bfa0_c2 (421 bytes x86)
[SKIP  ] bb_libsurfaceflinger_46bfc0_c0 reference: unsupported insn 0x4f026570
[SKIP  ] bb_libsurfaceflinger_46bfc0_c1 reference: unsupported insn 0x4f026570
[SKIP  ] bb_libsurfaceflinger_46bfc0_c2 reference: unsupported insn 0x4f026570
[SKIP  ] bb_libsurfaceflinger_46bfe0_c0 reference: unsupported insn 0x4f03f610
[SKIP  ] bb_libsurfaceflinger_46bfe0_c1 reference: unsupported insn 0x4f03f610
[SKIP  ] bb_libsurfaceflinger_46bfe0_c2 reference: unsupported insn 0x4f03f610
[PASS  ] bb_libsurfaceflinger_46c0b0_c0 (423 bytes x86)
[PASS  ] bb_libsurfaceflinger_46c0b0_c1 (423 bytes x86)
[PASS  ] bb_libsurfaceflinger_46c0b0_c2 (423 bytes x86)
[SKIP  ] bb_libsurfaceflinger_46c0d0_c0 reference: unsupported insn 0x4f959063
[SKIP  ] bb_libsurfaceflinger_46c0d0_c1 reference: unsupported insn 0x4f959063
[SKIP  ] bb_libsurfaceflinger_46c0d0_c2 reference: unsupported insn 0x4f959063
[SKIP  ] bb_libsurfaceflinger_46c110_c0 reference: unsupported insn 0x4f8690e6
[SKIP  ] bb_libsurfaceflinger_46c110_c1 reference: unsupported insn 0x4f8690e6
[SKIP  ] bb_libsurfaceflinger_46c110_c2 reference: unsupported insn 0x4f8690e6
[PASS  ] bb_libsurfaceflinger_46c130_c0 (421 bytes x86)
[PASS  ] bb_libsurfaceflinger_46c130_c1 (421 bytes x86)
[PASS  ] bb_libsurfaceflinger_46c130_c2 (421 bytes x86)
[SKIP  ] bb_libsurfaceflinger_46c150_c0 reference: unsupported insn 0x4f026570
[SKIP  ] bb_libsurfaceflinger_46c150_c1 reference: unsupported insn 0x4f026570
[SKIP  ] bb_libsurfaceflinger_46c150_c2 reference: unsupported insn 0x4f026570
[SKIP  ] bb_libsurfaceflinger_46c170_c0 reference: unsupported insn 0x4f03f610
[SKIP  ] bb_libsurfaceflinger_46c170_c1 reference: unsupported insn 0x4f03f610
[SKIP  ] bb_libsurfaceflinger_46c170_c2 reference: unsupported insn 0x4f03f610
[PASS  ] bb_libsurfaceflinger_46c260_c0 (414 bytes x86)
[PASS  ] bb_libsurfaceflinger_46c260_c1 (414 bytes x86)
[PASS  ] bb_libsurfaceflinger_46c260_c2 (414 bytes x86)
[SKIP  ] bb_libsurfaceflinger_46c280_c0 reference: unsupported insn 0x6f047401
[SKIP  ] bb_libsurfaceflinger_46c280_c1 reference: unsupported insn 0x6f047401
[SKIP  ] bb_libsurfaceflinger_46c280_c2 reference: unsupported insn 0x6f047401
[SKIP  ] bb_libsurfaceflinger_46c2a0_c0 reference: unsupported insn 0x4f999059
[SKIP  ] bb_libsurfaceflinger_46c2a0_c1 reference: unsupported insn 0x4f999059
[SKIP  ] bb_libsurfaceflinger_46c2a0_c2 reference: unsupported insn 0x4f999059
[SKIP  ] bb_libsurfaceflinger_46c2c0_c0 reference: unsupported insn 0x4f9093de
[SKIP  ] bb_libsurfaceflinger_46c2c0_c1 reference: unsupported insn 0x4f9093de
[SKIP  ] bb_libsurfaceflinger_46c2c0_c2 reference: unsupported insn 0x4f9093de
[PASS  ] bb_libsurfaceflinger_46c2e0_c0 (426 bytes x86)
[PASS  ] bb_libsurfaceflinger_46c2e0_c1 (426 bytes x86)
[PASS  ] bb_libsurfaceflinger_46c2e0_c2 (426 bytes x86)
[PASS  ] bb_libsurfaceflinger_46c300_c0 (426 bytes x86)
[PASS  ] bb_libsurfaceflinger_46c300_c1 (426 bytes x86)
[PASS  ] bb_libsurfaceflinger_46c300_c2 (426 bytes x86)
[SKIP  ] bb_libsurfaceflinger_46c320_c0 reference: unsupported insn 0x4e21db28
[SKIP  ] bb_libsurfaceflinger_46c320_c1 reference: unsupported insn 0x4e21db28
[SKIP  ] bb_libsurfaceflinger_46c320_c2 reference: unsupported insn 0x4e21db28
[SKIP  ] bb_libsurfaceflinger_46c340_c0 reference: unsupported insn 0x4f02657e
[SKIP  ] bb_libsurfaceflinger_46c340_c1 reference: unsupported insn 0x4f02657e
[SKIP  ] bb_libsurfaceflinger_46c340_c2 reference: unsupported insn 0x4f02657e
[SKIP  ] bb_libsurfaceflinger_46c360_c0 reference: unsupported insn 0x6f00e406
[SKIP  ] bb_libsurfaceflinger_46c360_c1 reference: unsupported insn 0x6f00e406
[SKIP  ] bb_libsurfaceflinger_46c360_c2 reference: unsupported insn 0x6f00e406
[SKIP  ] bb_libsurfaceflinger_46c380_c0 reference: unsupported insn 0x4f8c9021
[SKIP  ] bb_libsurfaceflinger_46c380_c1 reference: unsupported insn 0x4f8c9021
[SKIP  ] bb_libsurfaceflinger_46c380_c2 reference: unsupported insn 0x4f8c9021
[SKIP  ] bb_libsurfaceflinger_46c3a0_c0 reference: unsupported insn 0x4f909230
[SKIP  ] bb_libsurfaceflinger_46c3a0_c1 reference: unsupported insn 0x4f909230
[SKIP  ] bb_libsurfaceflinger_46c3a0_c2 reference: unsupported insn 0x4f909230
[SKIP  ] bb_libsurfaceflinger_46c3c0_c0 reference: unsupported insn 0x4ea1bb5a
[SKIP  ] bb_libsurfaceflinger_46c3c0_c1 reference: unsupported insn 0x4ea1bb5a
[SKIP  ] bb_libsurfaceflinger_46c3c0_c2 reference: unsupported insn 0x4ea1bb5a
[PASS  ] bb_libsurfaceflinger_46c3e0_c0 (425 bytes x86)
[PASS  ] bb_libsurfaceflinger_46c3e0_c1 (425 bytes x86)
[PASS  ] bb_libsurfaceflinger_46c3e0_c2 (425 bytes x86)
[PASS  ] bb_libsurfaceflinger_46c400_c0 (425 bytes x86)
[PASS  ] bb_libsurfaceflinger_46c400_c1 (425 bytes x86)
[PASS  ] bb_libsurfaceflinger_46c400_c2 (425 bytes x86)
[PASS  ] bb_libsurfaceflinger_46c420_c0 (517 bytes x86)
[PASS  ] bb_libsurfaceflinger_46c420_c1 (517 bytes x86)
[PASS  ] bb_libsurfaceflinger_46c420_c2 (517 bytes x86)
[PASS  ] bb_libsurfaceflinger_46c440_c0 (810 bytes x86)
[PASS  ] bb_libsurfaceflinger_46c440_c1 (810 bytes x86)
[PASS  ] bb_libsurfaceflinger_46c440_c2 (810 bytes x86)
[SKIP  ] bb_libsurfaceflinger_46c460_c0 reference: unsupported insn 0x4ea1b800
[SKIP  ] bb_libsurfaceflinger_46c460_c1 reference: unsupported insn 0x4ea1b800
[SKIP  ] bb_libsurfaceflinger_46c460_c2 reference: unsupported insn 0x4ea1b800
[SKIP  ] bb_libsurfaceflinger_46c4e0_c0 reference: unsupported insn 0x4f849000
[SKIP  ] bb_libsurfaceflinger_46c4e0_c1 reference: unsupported insn 0x4f849000
[SKIP  ] bb_libsurfaceflinger_46c4e0_c2 reference: unsupported insn 0x4f849000
[SKIP  ] bb_libsurfaceflinger_46c52c_c0 reference: unsupported insn 0x4f016691
[SKIP  ] bb_libsurfaceflinger_46c52c_c1 reference: unsupported insn 0x4f016691
[SKIP  ] bb_libsurfaceflinger_46c52c_c2 reference: unsupported insn 0x4f016691
[SKIP  ] bb_libsurfaceflinger_46c54c_c0 reference: unsupported insn 0x4f03d7e5
[SKIP  ] bb_libsurfaceflinger_46c54c_c1 reference: unsupported insn 0x4f03d7e5
[SKIP  ] bb_libsurfaceflinger_46c54c_c2 reference: unsupported insn 0x4f03d7e5
[SKIP  ] bb_libsurfaceflinger_46c58c_c0 reference: unsupported insn 0x4e21d812
[SKIP  ] bb_libsurfaceflinger_46c58c_c1 reference: unsupported insn 0x4e21d812
[SKIP  ] bb_libsurfaceflinger_46c58c_c2 reference: unsupported insn 0x4e21d812
[SKIP  ] bb_libsurfaceflinger_46c5ac_c0 reference: unsupported insn 0x4f0177e5
[SKIP  ] bb_libsurfaceflinger_46c5ac_c1 reference: unsupported insn 0x4f0177e5
[SKIP  ] bb_libsurfaceflinger_46c5ac_c2 reference: unsupported insn 0x4f0177e5
[SKIP  ] bb_libsurfaceflinger_46c5ec_c0 reference: unsupported insn 0x4f9090e7
[SKIP  ] bb_libsurfaceflinger_46c5ec_c1 reference: unsupported insn 0x4f9090e7
[SKIP  ] bb_libsurfaceflinger_46c5ec_c2 reference: unsupported insn 0x4f9090e7
[SKIP  ] bb_libsurfaceflinger_46c62c_c0 reference: unsupported insn 0x4f026570
[SKIP  ] bb_libsurfaceflinger_46c62c_c1 reference: unsupported insn 0x4f026570
[SKIP  ] bb_libsurfaceflinger_46c62c_c2 reference: unsupported insn 0x4f026570
[SKIP  ] bb_libsurfaceflinger_46c6c0_c0 reference: unsupported insn 0x4f016691
[SKIP  ] bb_libsurfaceflinger_46c6c0_c1 reference: unsupported insn 0x4f016691
[SKIP  ] bb_libsurfaceflinger_46c6c0_c2 reference: unsupported insn 0x4f016691
[SKIP  ] bb_libsurfaceflinger_46c6e0_c0 reference: unsupported insn 0x4f03d7e5
[SKIP  ] bb_libsurfaceflinger_46c6e0_c1 reference: unsupported insn 0x4f03d7e5
[SKIP  ] bb_libsurfaceflinger_46c6e0_c2 reference: unsupported insn 0x4f03d7e5
[SKIP  ] bb_libsurfaceflinger_46c720_c0 reference: unsupported insn 0x4f0177e7
[SKIP  ] bb_libsurfaceflinger_46c720_c1 reference: unsupported insn 0x4f0177e7
[SKIP  ] bb_libsurfaceflinger_46c720_c2 reference: unsupported insn 0x4f0177e7
[SKIP  ] bb_libsurfaceflinger_46c740_c0 reference: unsupported insn 0x4f0177e5
[SKIP  ] bb_libsurfaceflinger_46c740_c1 reference: unsupported insn 0x4f0177e5
[SKIP  ] bb_libsurfaceflinger_46c740_c2 reference: unsupported insn 0x4f0177e5
[SKIP  ] bb_libsurfaceflinger_46c780_c0 reference: unsupported insn 0x4f9090e7
[SKIP  ] bb_libsurfaceflinger_46c780_c1 reference: unsupported insn 0x4f9090e7
[SKIP  ] bb_libsurfaceflinger_46c780_c2 reference: unsupported insn 0x4f9090e7
[SKIP  ] bb_libsurfaceflinger_46c7c0_c0 reference: unsupported insn 0x4f026570
[SKIP  ] bb_libsurfaceflinger_46c7c0_c1 reference: unsupported insn 0x4f026570
[SKIP  ] bb_libsurfaceflinger_46c7c0_c2 reference: unsupported insn 0x4f026570
[SKIP  ] bb_libsurfaceflinger_46c850_c0 reference: unsupported insn 0x4f016691
[SKIP  ] bb_libsurfaceflinger_46c850_c1 reference: unsupported insn 0x4f016691
[SKIP  ] bb_libsurfaceflinger_46c850_c2 reference: unsupported insn 0x4f016691
[SKIP  ] bb_libsurfaceflinger_46c870_c0 reference: unsupported insn 0x4f03d7e5
[SKIP  ] bb_libsurfaceflinger_46c870_c1 reference: unsupported insn 0x4f03d7e5
[SKIP  ] bb_libsurfaceflinger_46c870_c2 reference: unsupported insn 0x4f03d7e5
[SKIP  ] bb_libsurfaceflinger_46c8b0_c0 reference: unsupported insn 0x4f0177e7
[SKIP  ] bb_libsurfaceflinger_46c8b0_c1 reference: unsupported insn 0x4f0177e7
[SKIP  ] bb_libsurfaceflinger_46c8b0_c2 reference: unsupported insn 0x4f0177e7
[SKIP  ] bb_libsurfaceflinger_46c9e0_c0 reference: unsupported insn 0x4f016691
[SKIP  ] bb_libsurfaceflinger_46c9e0_c1 reference: unsupported insn 0x4f016691
[SKIP  ] bb_libsurfaceflinger_46c9e0_c2 reference: unsupported insn 0x4f016691
[SKIP  ] bb_libsurfaceflinger_46ca00_c0 reference: unsupported insn 0x4f03d7e5
[SKIP  ] bb_libsurfaceflinger_46ca00_c1 reference: unsupported insn 0x4f03d7e5
[SKIP  ] bb_libsurfaceflinger_46ca00_c2 reference: unsupported insn 0x4f03d7e5
[SKIP  ] bb_libsurfaceflinger_46ca40_c0 reference: unsupported insn 0x4f0177e7
[SKIP  ] bb_libsurfaceflinger_46ca40_c1 reference: unsupported insn 0x4f0177e7
[SKIP  ] bb_libsurfaceflinger_46ca40_c2 reference: unsupported insn 0x4f0177e7
[SKIP  ] bb_libsurfaceflinger_46cb90_c0 reference: unsupported insn 0x6f047400
[SKIP  ] bb_libsurfaceflinger_46cb90_c1 reference: unsupported insn 0x6f047400
[SKIP  ] bb_libsurfaceflinger_46cb90_c2 reference: unsupported insn 0x6f047400
[PASS  ] bb_libsurfaceflinger_46cbf0_c0 (407 bytes x86)
[PASS  ] bb_libsurfaceflinger_46cbf0_c1 (407 bytes x86)
[PASS  ] bb_libsurfaceflinger_46cbf0_c2 (407 bytes x86)
[SKIP  ] bb_libsurfaceflinger_46cc10_c0 reference: unsupported insn 0x4e21d83b
[SKIP  ] bb_libsurfaceflinger_46cc10_c1 reference: unsupported insn 0x4e21d83b
[SKIP  ] bb_libsurfaceflinger_46cc10_c2 reference: unsupported insn 0x4e21d83b
[SKIP  ] bb_libsurfaceflinger_46cc30_c0 reference: unsupported insn 0x4f0177f8
[SKIP  ] bb_libsurfaceflinger_46cc30_c1 reference: unsupported insn 0x4f0177f8
[SKIP  ] bb_libsurfaceflinger_46cc30_c2 reference: unsupported insn 0x4f0177f8
[SKIP  ] bb_libsurfaceflinger_46cc70_c0 reference: unsupported insn 0x4e21d84b
[SKIP  ] bb_libsurfaceflinger_46cc70_c1 reference: unsupported insn 0x4e21d84b
[SKIP  ] bb_libsurfaceflinger_46cc70_c2 reference: unsupported insn 0x4e21d84b
[PASS  ] bb_libsurfaceflinger_46cc90_c0 (428 bytes x86)
[PASS  ] bb_libsurfaceflinger_46cc90_c1 (428 bytes x86)
[PASS  ] bb_libsurfaceflinger_46cc90_c2 (428 bytes x86)
[SKIP  ] bb_libsurfaceflinger_46ccb0_c0 reference: unsupported insn 0x4e21d94a
[SKIP  ] bb_libsurfaceflinger_46ccb0_c1 reference: unsupported insn 0x4e21d94a
[SKIP  ] bb_libsurfaceflinger_46ccb0_c2 reference: unsupported insn 0x4e21d94a
[SKIP  ] bb_libsurfaceflinger_46ccd0_c0 reference: unsupported insn 0x4f979337
[SKIP  ] bb_libsurfaceflinger_46ccd0_c1 reference: unsupported insn 0x4f979337
[SKIP  ] bb_libsurfaceflinger_46ccd0_c2 reference: unsupported insn 0x4f979337
[PASS  ] bb_libsurfaceflinger_46ccf0_c0 (427 bytes x86)
[PASS  ] bb_libsurfaceflinger_46ccf0_c1 (427 bytes x86)
[PASS  ] bb_libsurfaceflinger_46ccf0_c2 (427 bytes x86)
[PASS  ] bb_libsurfaceflinger_46cd10_c0 (515 bytes x86)
[PASS  ] bb_libsurfaceflinger_46cd10_c1 (515 bytes x86)
[PASS  ] bb_libsurfaceflinger_46cd10_c2 (515 bytes x86)
[SKIP  ] bb_libsurfaceflinger_46cd30_c0 reference: unsupported insn 0x4e21d9ca
[SKIP  ] bb_libsurfaceflinger_46cd30_c1 reference: unsupported insn 0x4e21d9ca
[SKIP  ] bb_libsurfaceflinger_46cd30_c2 reference: unsupported insn 0x4e21d9ca
[SKIP  ] bb_libsurfaceflinger_46cd50_c0 reference: unsupported insn 0x4f0177eb
[SKIP  ] bb_libsurfaceflinger_46cd50_c1 reference: unsupported insn 0x4f0177eb
[SKIP  ] bb_libsurfaceflinger_46cd50_c2 reference: unsupported insn 0x4f0177eb
[SKIP  ] bb_libsurfaceflinger_46cd70_c0 reference: unsupported insn 0x4e21db8a
[SKIP  ] bb_libsurfaceflinger_46cd70_c1 reference: unsupported insn 0x4e21db8a
[SKIP  ] bb_libsurfaceflinger_46cd70_c2 reference: unsupported insn 0x4e21db8a
[PASS  ] bb_libsurfaceflinger_46cdb0_c0 (520 bytes x86)
[PASS  ] bb_libsurfaceflinger_46cdb0_c1 (520 bytes x86)
[PASS  ] bb_libsurfaceflinger_46cdb0_c2 (520 bytes x86)
[PASS  ] bb_libsurfaceflinger_46cdd0_c0 (711 bytes x86)
[PASS  ] bb_libsurfaceflinger_46cdd0_c1 (711 bytes x86)
[PASS  ] bb_libsurfaceflinger_46cdd0_c2 (711 bytes x86)
[SKIP  ] bb_libsurfaceflinger_46cdf0_c0 reference: unsupported insn 0x4ea1bb18
[SKIP  ] bb_libsurfaceflinger_46cdf0_c1 reference: unsupported insn 0x4ea1bb18
[SKIP  ] bb_libsurfaceflinger_46cdf0_c2 reference: unsupported insn 0x4ea1bb18
[SKIP  ] bb_libsurfaceflinger_46ce30_c0 reference: unsupported insn 0x4f9e9210
[SKIP  ] bb_libsurfaceflinger_46ce30_c1 reference: unsupported insn 0x4f9e9210
[SKIP  ] bb_libsurfaceflinger_46ce30_c2 reference: unsupported insn 0x4f9e9210
[SKIP  ] bb_libsurfaceflinger_46cec0_c0 reference: unsupported insn 0x1e260089
[SKIP  ] bb_libsurfaceflinger_46cec0_c1 reference: unsupported insn 0x1e260089
[SKIP  ] bb_libsurfaceflinger_46cec0_c2 reference: unsupported insn 0x1e260089
[PASS  ] bb_libsurfaceflinger_46cf60_c0 (213 bytes x86)
[PASS  ] bb_libsurfaceflinger_46cf60_c1 (213 bytes x86)
[PASS  ] bb_libsurfaceflinger_46cf60_c2 (213 bytes x86)
[PASS  ] bb_libsurfaceflinger_46d0e0_c0 (213 bytes x86)
[PASS  ] bb_libsurfaceflinger_46d0e0_c1 (213 bytes x86)
[PASS  ] bb_libsurfaceflinger_46d0e0_c2 (213 bytes x86)
[PASS  ] bb_libsurfaceflinger_46d260_c0 (213 bytes x86)
[PASS  ] bb_libsurfaceflinger_46d260_c1 (213 bytes x86)
[PASS  ] bb_libsurfaceflinger_46d260_c2 (213 bytes x86)
[PASS  ] bb_libsurfaceflinger_46d3e0_c0 (213 bytes x86)
[PASS  ] bb_libsurfaceflinger_46d3e0_c1 (213 bytes x86)
[PASS  ] bb_libsurfaceflinger_46d3e0_c2 (213 bytes x86)
[SKIP  ] bb_libsurfaceflinger_46d620_c0 reference: unsupported insn 0x4f0167e1
[SKIP  ] bb_libsurfaceflinger_46d620_c1 reference: unsupported insn 0x4f0167e1
[SKIP  ] bb_libsurfaceflinger_46d620_c2 reference: unsupported insn 0x4f0167e1
[SKIP  ] bb_libsurfaceflinger_46d650_c0 reference: unsupported insn 0x4f0167e1
[SKIP  ] bb_libsurfaceflinger_46d650_c1 reference: unsupported insn 0x4f0167e1
[SKIP  ] bb_libsurfaceflinger_46d650_c2 reference: unsupported insn 0x4f0167e1
[SKIP  ] bb_libsurfaceflinger_46d680_c0 reference: unsupported insn 0x4f01f5c4
[SKIP  ] bb_libsurfaceflinger_46d680_c1 reference: unsupported insn 0x4f01f5c4
[SKIP  ] bb_libsurfaceflinger_46d680_c2 reference: unsupported insn 0x4f01f5c4
[SKIP  ] bb_libsurfaceflinger_46d6a0_c0 reference: unsupported insn 0x4ea1b800
[SKIP  ] bb_libsurfaceflinger_46d6a0_c1 reference: unsupported insn 0x4ea1b800
[SKIP  ] bb_libsurfaceflinger_46d6a0_c2 reference: unsupported insn 0x4ea1b800
[PASS  ] bb_libsurfaceflinger_46d6c0_c0 (471 bytes x86)
[PASS  ] bb_libsurfaceflinger_46d6c0_c1 (471 bytes x86)
[PASS  ] bb_libsurfaceflinger_46d6c0_c2 (471 bytes x86)
[SKIP  ] bb_libsurfaceflinger_46d6ec_c0 reference: unsupported insn 0x00000000
[SKIP  ] bb_libsurfaceflinger_46d6ec_c1 reference: unsupported insn 0x00000000
[SKIP  ] bb_libsurfaceflinger_46d6ec_c2 reference: unsupported insn 0x00000000
[SKIP  ] bb_libsurfaceflinger_46d70c_c0 reference: unsupported insn 0x4ea1b842
[SKIP  ] bb_libsurfaceflinger_46d70c_c1 reference: unsupported insn 0x4ea1b842
[SKIP  ] bb_libsurfaceflinger_46d70c_c2 reference: unsupported insn 0x4ea1b842
[SKIP  ] bb_libsurfaceflinger_46d74c_c0 reference: unsupported insn 0x00000000
[SKIP  ] bb_libsurfaceflinger_46d74c_c1 reference: unsupported insn 0x00000000
[SKIP  ] bb_libsurfaceflinger_46d74c_c2 reference: unsupported insn 0x00000000
[SKIP  ] bb_libsurfaceflinger_46d76c_c0 reference: unsupported insn 0x4ea1b800
[SKIP  ] bb_libsurfaceflinger_46d76c_c1 reference: unsupported insn 0x4ea1b800
[SKIP  ] bb_libsurfaceflinger_46d76c_c2 reference: unsupported insn 0x4ea1b800
[SKIP  ] bb_libsurfaceflinger_46d7c0_c0 reference: unsupported insn 0x4f0167e5
[SKIP  ] bb_libsurfaceflinger_46d7c0_c1 reference: unsupported insn 0x4f0167e5
[SKIP  ] bb_libsurfaceflinger_46d7c0_c2 reference: unsupported insn 0x4f0167e5
[SKIP  ] bb_libsurfaceflinger_46d7e0_c0 reference: unsupported insn 0x4ea1b821
[SKIP  ] bb_libsurfaceflinger_46d7e0_c1 reference: unsupported insn 0x4ea1b821
[SKIP  ] bb_libsurfaceflinger_46d7e0_c2 reference: unsupported insn 0x4ea1b821
[SKIP  ] bb_libsurfaceflinger_46d820_c0 reference: unsupported insn 0x4f00f504
[SKIP  ] bb_libsurfaceflinger_46d820_c1 reference: unsupported insn 0x4f00f504
[SKIP  ] bb_libsurfaceflinger_46d820_c2 reference: unsupported insn 0x4f00f504
[SKIP  ] bb_libsurfaceflinger_46d840_c0 reference: unsupported insn 0x4ea1b863
[SKIP  ] bb_libsurfaceflinger_46d840_c1 reference: unsupported insn 0x4ea1b863
[SKIP  ] bb_libsurfaceflinger_46d840_c2 reference: unsupported insn 0x4ea1b863
[SKIP  ] bb_libsurfaceflinger_46d860_c0 reference: unsupported insn 0x4ea1b842
[SKIP  ] bb_libsurfaceflinger_46d860_c1 reference: unsupported insn 0x4ea1b842
[SKIP  ] bb_libsurfaceflinger_46d860_c2 reference: unsupported insn 0x4ea1b842
[SKIP  ] bb_libsurfaceflinger_46d890_c0 reference: unsupported insn 0x4f0167e3
[SKIP  ] bb_libsurfaceflinger_46d890_c1 reference: unsupported insn 0x4f0167e3
[SKIP  ] bb_libsurfaceflinger_46d890_c2 reference: unsupported insn 0x4f0167e3
[SKIP  ] bb_libsurfaceflinger_46d8b0_c0 reference: unsupported insn 0x6ea1b800
[SKIP  ] bb_libsurfaceflinger_46d8b0_c1 reference: unsupported insn 0x6ea1b800
[SKIP  ] bb_libsurfaceflinger_46d8b0_c2 reference: unsupported insn 0x6ea1b800
[SKIP  ] bb_libsurfaceflinger_46d8f0_c0 reference: unsupported insn 0x4f0167e5
[SKIP  ] bb_libsurfaceflinger_46d8f0_c1 reference: unsupported insn 0x4f0167e5
[SKIP  ] bb_libsurfaceflinger_46d8f0_c2 reference: unsupported insn 0x4f0167e5
[SKIP  ] bb_libsurfaceflinger_46d910_c0 reference: unsupported insn 0x6ea1b800
[SKIP  ] bb_libsurfaceflinger_46d910_c1 reference: unsupported insn 0x6ea1b800
[SKIP  ] bb_libsurfaceflinger_46d910_c2 reference: unsupported insn 0x6ea1b800
[SKIP  ] bb_libsurfaceflinger_46d9f0_c0 reference: unsupported insn 0x6ea1b842
[SKIP  ] bb_libsurfaceflinger_46d9f0_c1 reference: unsupported insn 0x6ea1b842
[SKIP  ] bb_libsurfaceflinger_46d9f0_c2 reference: unsupported insn 0x6ea1b842
[PASS  ] bb_libsurfaceflinger_46da20_c0 (417 bytes x86)
[PASS  ] bb_libsurfaceflinger_46da20_c1 (417 bytes x86)
[PASS  ] bb_libsurfaceflinger_46da20_c2 (417 bytes x86)
[PASS  ] bb_libsurfaceflinger_46da40_c0 (442 bytes x86)
[PASS  ] bb_libsurfaceflinger_46da40_c1 (442 bytes x86)
[PASS  ] bb_libsurfaceflinger_46da40_c2 (442 bytes x86)
[SKIP  ] bb_libsurfaceflinger_46da60_c0 reference: unsupported insn 0x4f0167e4
[SKIP  ] bb_libsurfaceflinger_46da60_c1 reference: unsupported insn 0x4f0167e4
[SKIP  ] bb_libsurfaceflinger_46da60_c2 reference: unsupported insn 0x4f0167e4
[SKIP  ] bb_libsurfaceflinger_46dbfc_c0 reference: unsupported insn 0x4f03f601
[SKIP  ] bb_libsurfaceflinger_46dbfc_c1 reference: unsupported insn 0x4f03f601
[SKIP  ] bb_libsurfaceflinger_46dbfc_c2 reference: unsupported insn 0x4f03f601
[SKIP  ] bb_libsurfaceflinger_46dc3c_c0 reference: unsupported insn 0x4e21d886
[SKIP  ] bb_libsurfaceflinger_46dc3c_c1 reference: unsupported insn 0x4e21d886
[SKIP  ] bb_libsurfaceflinger_46dc3c_c2 reference: unsupported insn 0x4e21d886
[SKIP  ] bb_libsurfaceflinger_46dcf4_c0 reference: unsupported insn 0x6f00e6a0
[SKIP  ] bb_libsurfaceflinger_46dcf4_c1 reference: unsupported insn 0x6f00e6a0
[SKIP  ] bb_libsurfaceflinger_46dcf4_c2 reference: unsupported insn 0x6f00e6a0
[SKIP  ] bb_libsurfaceflinger_46dda0_c0 reference: unsupported insn 0x1e2600d6
[SKIP  ] bb_libsurfaceflinger_46dda0_c1 reference: unsupported insn 0x1e2600d6
[SKIP  ] bb_libsurfaceflinger_46dda0_c2 reference: unsupported insn 0x1e2600d6
[SKIP  ] bb_libsurfaceflinger_46ddf4_c0 reference: unsupported insn 0x6f0737f0
[SKIP  ] bb_libsurfaceflinger_46ddf4_c1 reference: unsupported insn 0x6f0737f0
[SKIP  ] bb_libsurfaceflinger_46ddf4_c2 reference: unsupported insn 0x6f0737f0
[SKIP  ] bb_libsurfaceflinger_46de14_c0 reference: unsupported insn 0x6f00e406
[SKIP  ] bb_libsurfaceflinger_46de14_c1 reference: unsupported insn 0x6f00e406
[SKIP  ] bb_libsurfaceflinger_46de14_c2 reference: unsupported insn 0x6f00e406
[SKIP  ] bb_libsurfaceflinger_46de68_c0 reference: unsupported insn 0x6f0737f1
[SKIP  ] bb_libsurfaceflinger_46de68_c1 reference: unsupported insn 0x6f0737f1
[SKIP  ] bb_libsurfaceflinger_46de68_c2 reference: unsupported insn 0x6f0737f1
[PASS  ] bb_libsurfaceflinger_46df28_c0 (417 bytes x86)
[PASS  ] bb_libsurfaceflinger_46df28_c1 (417 bytes x86)
[PASS  ] bb_libsurfaceflinger_46df28_c2 (417 bytes x86)
[SKIP  ] bb_libsurfaceflinger_46df48_c0 reference: unsupported insn 0x6e61da31
[SKIP  ] bb_libsurfaceflinger_46df48_c1 reference: unsupported insn 0x6e61da31
[SKIP  ] bb_libsurfaceflinger_46df48_c2 reference: unsupported insn 0x6e61da31
[SKIP  ] bb_libsurfaceflinger_46df68_c0 reference: unsupported insn 0x0e616a31
[SKIP  ] bb_libsurfaceflinger_46df68_c1 reference: unsupported insn 0x0e616a31
[SKIP  ] bb_libsurfaceflinger_46df68_c2 reference: unsupported insn 0x0e616a31
[SKIP  ] bb_libsurfaceflinger_46df88_c0 reference: unsupported insn 0x6f00e406
[SKIP  ] bb_libsurfaceflinger_46df88_c1 reference: unsupported insn 0x6f00e406
[SKIP  ] bb_libsurfaceflinger_46df88_c2 reference: unsupported insn 0x6f00e406
[SKIP  ] bb_libsurfaceflinger_46df9c_c0 reference: unsupported insn 0x1e2600d3
[SKIP  ] bb_libsurfaceflinger_46df9c_c1 reference: unsupported insn 0x1e2600d3
[SKIP  ] bb_libsurfaceflinger_46df9c_c2 reference: unsupported insn 0x1e2600d3
[SKIP  ] bb_libsurfaceflinger_46e07c_c0 reference: unsupported insn 0x6e21da31
[SKIP  ] bb_libsurfaceflinger_46e07c_c1 reference: unsupported insn 0x6e21da31
[SKIP  ] bb_libsurfaceflinger_46e07c_c2 reference: unsupported insn 0x6e21da31
[PASS  ] bb_libsurfaceflinger_46e09c_c0 (213 bytes x86)
[PASS  ] bb_libsurfaceflinger_46e09c_c1 (213 bytes x86)
[PASS  ] bb_libsurfaceflinger_46e09c_c2 (213 bytes x86)
[PASS  ] bb_libsurfaceflinger_46e258_c0 (170 bytes x86)
[PASS  ] bb_libsurfaceflinger_46e258_c1 (170 bytes x86)
[PASS  ] bb_libsurfaceflinger_46e258_c2 (170 bytes x86)
[SKIP  ] bb_libsurfaceflinger_46f0e4_c0 reference: unsupported insn 0x1e2e1000
[SKIP  ] bb_libsurfaceflinger_46f0e4_c1 reference: unsupported insn 0x1e2e1000
[SKIP  ] bb_libsurfaceflinger_46f0e4_c2 reference: unsupported insn 0x1e2e1000
[SKIP  ] bb_libsurfaceflinger_46f454_c0 reference: unsupported insn 0x1e234420
[SKIP  ] bb_libsurfaceflinger_46f454_c1 reference: unsupported insn 0x1e234420
[SKIP  ] bb_libsurfaceflinger_46f454_c2 reference: unsupported insn 0x1e234420
[SKIP  ] bb_libsurfaceflinger_46f52c_c0 reference: unsupported insn 0x2f00e402
[SKIP  ] bb_libsurfaceflinger_46f52c_c1 reference: unsupported insn 0x2f00e402
[SKIP  ] bb_libsurfaceflinger_46f52c_c2 reference: unsupported insn 0x2f00e402
[SKIP  ] bb_libsurfaceflinger_46f5a0_c0 reference: unsupported insn 0x2f00e403
[SKIP  ] bb_libsurfaceflinger_46f5a0_c1 reference: unsupported insn 0x2f00e403
[SKIP  ] bb_libsurfaceflinger_46f5a0_c2 reference: unsupported insn 0x2f00e403
[PASS  ] bb_libsurfaceflinger_46f5c8_c0 (398 bytes x86)
[PASS  ] bb_libsurfaceflinger_46f5c8_c1 (398 bytes x86)
[PASS  ] bb_libsurfaceflinger_46f5c8_c2 (398 bytes x86)
[PASS  ] bb_libsurfaceflinger_470700_c0 (130 bytes x86)
[PASS  ] bb_libsurfaceflinger_470700_c1 (130 bytes x86)
[PASS  ] bb_libsurfaceflinger_470700_c2 (130 bytes x86)
[SKIP  ] bb_libsurfaceflinger_4708e8_c0 reference: unsupported insn 0x6f00e400
[SKIP  ] bb_libsurfaceflinger_4708e8_c1 reference: unsupported insn 0x6f00e400
[SKIP  ] bb_libsurfaceflinger_4708e8_c2 reference: unsupported insn 0x6f00e400
[PASS  ] bb_libsurfaceflinger_470f5c_c0 (156 bytes x86)
[PASS  ] bb_libsurfaceflinger_470f5c_c1 (156 bytes x86)
[PASS  ] bb_libsurfaceflinger_470f5c_c2 (156 bytes x86)
[PASS  ] bb_libsurfaceflinger_4711a4_c0 (84 bytes x86)
[PASS  ] bb_libsurfaceflinger_4711a4_c1 (84 bytes x86)
[PASS  ] bb_libsurfaceflinger_4711a4_c2 (84 bytes x86)
[PASS  ] bb_libsurfaceflinger_471da0_c0 (394 bytes x86)
[PASS  ] bb_libsurfaceflinger_471da0_c1 (394 bytes x86)
[PASS  ] bb_libsurfaceflinger_471da0_c2 (394 bytes x86)
[SKIP  ] bb_libsurfaceflinger_471ddc_c0 reference: unsupported insn 0x2f056622
[SKIP  ] bb_libsurfaceflinger_471ddc_c1 reference: unsupported insn 0x2f056622
[SKIP  ] bb_libsurfaceflinger_471ddc_c2 reference: unsupported insn 0x2f056622
[SKIP  ] bb_libsurfaceflinger_471dfc_c0 reference: unsupported insn 0x2f016622
[SKIP  ] bb_libsurfaceflinger_471dfc_c1 reference: unsupported insn 0x2f016622
[SKIP  ] bb_libsurfaceflinger_471dfc_c2 reference: unsupported insn 0x2f016622
[SKIP  ] bb_libsurfaceflinger_4727d0_c0 reference: unsupported insn 0x1e260008
[SKIP  ] bb_libsurfaceflinger_4727d0_c1 reference: unsupported insn 0x1e260008
[SKIP  ] bb_libsurfaceflinger_4727d0_c2 reference: unsupported insn 0x1e260008
[SKIP  ] bb_libsurfaceflinger_474060_c0 reference: unsupported insn 0x2f00e401
[SKIP  ] bb_libsurfaceflinger_474060_c1 reference: unsupported insn 0x2f00e401
[SKIP  ] bb_libsurfaceflinger_474060_c2 reference: unsupported insn 0x2f00e401
[PASS  ] bb_libsurfaceflinger_4742d0_c0 (127 bytes x86)
[PASS  ] bb_libsurfaceflinger_4742d0_c1 (127 bytes x86)
[PASS  ] bb_libsurfaceflinger_4742d0_c2 (127 bytes x86)
[PASS  ] bb_libsurfaceflinger_474304_c0 (287 bytes x86)
[PASS  ] bb_libsurfaceflinger_474304_c1 (287 bytes x86)
[PASS  ] bb_libsurfaceflinger_474304_c2 (287 bytes x86)
[SKIP  ] bb_libsurfaceflinger_474dd4_c0 reference: unsupported insn 0x6f00e400
[SKIP  ] bb_libsurfaceflinger_474dd4_c1 reference: unsupported insn 0x6f00e400
[SKIP  ] bb_libsurfaceflinger_474dd4_c2 reference: unsupported insn 0x6f00e400
[PASS  ] bb_libsurfaceflinger_47508c_c0 (168 bytes x86)
[PASS  ] bb_libsurfaceflinger_47508c_c1 (168 bytes x86)
[PASS  ] bb_libsurfaceflinger_47508c_c2 (168 bytes x86)
[SKIP  ] bb_libsurfaceflinger_4772ac_c0 reference: unsupported insn 0x1e6c1001
[SKIP  ] bb_libsurfaceflinger_4772ac_c1 reference: unsupported insn 0x1e6c1001
[SKIP  ] bb_libsurfaceflinger_4772ac_c2 reference: unsupported insn 0x1e6c1001
[SKIP  ] bb_libsurfaceflinger_4772cc_c0 reference: unsupported insn 0x1e270101
[SKIP  ] bb_libsurfaceflinger_4772cc_c1 reference: unsupported insn 0x1e270101
[SKIP  ] bb_libsurfaceflinger_4772cc_c2 reference: unsupported insn 0x1e270101
[SKIP  ] bb_libsurfaceflinger_479164_c0 reference: unsupported insn 0x1e26002a
[SKIP  ] bb_libsurfaceflinger_479164_c1 reference: unsupported insn 0x1e26002a
[SKIP  ] bb_libsurfaceflinger_479164_c2 reference: unsupported insn 0x1e26002a
[PASS  ] bb_libsurfaceflinger_4791e8_c0 (275 bytes x86)
[PASS  ] bb_libsurfaceflinger_4791e8_c1 (275 bytes x86)
[PASS  ] bb_libsurfaceflinger_4791e8_c2 (275 bytes x86)
[SKIP  ] bb_libsurfaceflinger_47a580_c0 reference: unsupported insn 0x1e270000
[SKIP  ] bb_libsurfaceflinger_47a580_c1 reference: unsupported insn 0x1e270000
[SKIP  ] bb_libsurfaceflinger_47a580_c2 reference: unsupported insn 0x1e270000
[SKIP  ] bb_libsurfaceflinger_47a5a0_c0 reference: unsupported insn 0x5e0c0441
[SKIP  ] bb_libsurfaceflinger_47a5a0_c1 reference: unsupported insn 0x5e0c0441
[SKIP  ] bb_libsurfaceflinger_47a5a0_c2 reference: unsupported insn 0x5e0c0441
[SKIP  ] bb_libsurfaceflinger_47a5e0_c0 reference: unsupported insn 0x6f00e401
[SKIP  ] bb_libsurfaceflinger_47a5e0_c1 reference: unsupported insn 0x6f00e401
[SKIP  ] bb_libsurfaceflinger_47a5e0_c2 reference: unsupported insn 0x6f00e401
[SKIP  ] bb_libsurfaceflinger_47a600_c0 reference: unsupported insn 0x4ea1b800
[SKIP  ] bb_libsurfaceflinger_47a600_c1 reference: unsupported insn 0x4ea1b800
[SKIP  ] bb_libsurfaceflinger_47a600_c2 reference: unsupported insn 0x4ea1b800
[SKIP  ] bb_libsurfaceflinger_47adc8_c0 reference: unsupported insn 0x1e03a1c0
[SKIP  ] bb_libsurfaceflinger_47adc8_c1 reference: unsupported insn 0x1e03a1c0
[SKIP  ] bb_libsurfaceflinger_47adc8_c2 reference: unsupported insn 0x1e03a1c0
[SKIP  ] bb_libsurfaceflinger_47aed8_c0 reference: unsupported insn 0x1e03a1c0
[SKIP  ] bb_libsurfaceflinger_47aed8_c1 reference: unsupported insn 0x1e03a1c0
[SKIP  ] bb_libsurfaceflinger_47aed8_c2 reference: unsupported insn 0x1e03a1c0
[SKIP  ] bb_libsurfaceflinger_47b14c_c0 reference: unsupported insn 0x1e270101
[SKIP  ] bb_libsurfaceflinger_47b14c_c1 reference: unsupported insn 0x1e270101
[SKIP  ] bb_libsurfaceflinger_47b14c_c2 reference: unsupported insn 0x1e270101
[SKIP  ] bb_libsurfaceflinger_47b16c_c0 reference: unsupported insn 0x1e26000a
[SKIP  ] bb_libsurfaceflinger_47b16c_c1 reference: unsupported insn 0x1e26000a
[SKIP  ] bb_libsurfaceflinger_47b16c_c2 reference: unsupported insn 0x1e26000a
[SKIP  ] bb_libsurfaceflinger_47b330_c0 reference: unsupported insn 0x2f00e402
[SKIP  ] bb_libsurfaceflinger_47b330_c1 reference: unsupported insn 0x2f00e402
[SKIP  ] bb_libsurfaceflinger_47b330_c2 reference: unsupported insn 0x2f00e402
[SKIP  ] bb_libsurfaceflinger_47b344_c0 reference: unsupported insn 0x2f00e402
[SKIP  ] bb_libsurfaceflinger_47b344_c1 reference: unsupported insn 0x2f00e402
[SKIP  ] bb_libsurfaceflinger_47b344_c2 reference: unsupported insn 0x2f00e402
[SKIP  ] bb_libsurfaceflinger_47b368_c0 reference: unsupported insn 0x2f00e402
[SKIP  ] bb_libsurfaceflinger_47b368_c1 reference: unsupported insn 0x2f00e402
[SKIP  ] bb_libsurfaceflinger_47b368_c2 reference: unsupported insn 0x2f00e402
[SKIP  ] bb_libsurfaceflinger_47b3fc_c0 reference: unsupported insn 0x1e270102
[SKIP  ] bb_libsurfaceflinger_47b3fc_c1 reference: unsupported insn 0x1e270102
[SKIP  ] bb_libsurfaceflinger_47b3fc_c2 reference: unsupported insn 0x1e270102
[SKIP  ] bb_libsurfaceflinger_47b5b0_c0 reference: unsupported insn 0x1e270143
[SKIP  ] bb_libsurfaceflinger_47b5b0_c1 reference: unsupported insn 0x1e270143
[SKIP  ] bb_libsurfaceflinger_47b5b0_c2 reference: unsupported insn 0x1e270143
[SKIP  ] bb_libsurfaceflinger_47b5f0_c0 reference: unsupported insn 0x1e270142
[SKIP  ] bb_libsurfaceflinger_47b5f0_c1 reference: unsupported insn 0x1e270142
[SKIP  ] bb_libsurfaceflinger_47b5f0_c2 reference: unsupported insn 0x1e270142
[SKIP  ] bb_libsurfaceflinger_47ba84_c0 reference: unsupported insn 0x1e2e1008
[SKIP  ] bb_libsurfaceflinger_47ba84_c1 reference: unsupported insn 0x1e2e1008
[SKIP  ] bb_libsurfaceflinger_47ba84_c2 reference: unsupported insn 0x1e2e1008
[SKIP  ] bb_libsurfaceflinger_47baf4_c0 reference: unsupported insn 0x1e270341
[SKIP  ] bb_libsurfaceflinger_47baf4_c1 reference: unsupported insn 0x1e270341
[SKIP  ] bb_libsurfaceflinger_47baf4_c2 reference: unsupported insn 0x1e270341
[PASS  ] bb_libsurfaceflinger_47be8c_c0 (433 bytes x86)
[PASS  ] bb_libsurfaceflinger_47be8c_c1 (433 bytes x86)
[PASS  ] bb_libsurfaceflinger_47be8c_c2 (433 bytes x86)
[SKIP  ] bb_libsurfaceflinger_47c5e0_c0 reference: unsupported insn 0x1e2e1000
[SKIP  ] bb_libsurfaceflinger_47c5e0_c1 reference: unsupported insn 0x1e2e1000
[SKIP  ] bb_libsurfaceflinger_47c5e0_c2 reference: unsupported insn 0x1e2e1000
[SKIP  ] bb_libsurfaceflinger_47d3d4_c0 reference: unsupported insn 0x2f00e401
[SKIP  ] bb_libsurfaceflinger_47d3d4_c1 reference: unsupported insn 0x2f00e401
[SKIP  ] bb_libsurfaceflinger_47d3d4_c2 reference: unsupported insn 0x2f00e401
[PASS  ] bb_libsurfaceflinger_47d9c0_c0 (491 bytes x86)
[PASS  ] bb_libsurfaceflinger_47d9c0_c1 (491 bytes x86)
[PASS  ] bb_libsurfaceflinger_47d9c0_c2 (491 bytes x86)
[SKIP  ] bb_libsurfaceflinger_47d9e0_c0 reference: unsupported insn 0x9e660000
[SKIP  ] bb_libsurfaceflinger_47d9e0_c1 reference: unsupported insn 0x9e660000
[SKIP  ] bb_libsurfaceflinger_47d9e0_c2 reference: unsupported insn 0x9e660000
[PASS  ] bb_libsurfaceflinger_47dbc8_c0 (161 bytes x86)
[PASS  ] bb_libsurfaceflinger_47dbc8_c1 (161 bytes x86)
[PASS  ] bb_libsurfaceflinger_47dbc8_c2 (161 bytes x86)
[PASS  ] bb_libsurfaceflinger_47dbe4_c0 (188 bytes x86)
[PASS  ] bb_libsurfaceflinger_47dbe4_c1 (188 bytes x86)
[PASS  ] bb_libsurfaceflinger_47dbe4_c2 (188 bytes x86)
[SKIP  ] bb_libsurfaceflinger_47dca8_c0 reference: unsupported insn 0x0ea00802
[SKIP  ] bb_libsurfaceflinger_47dca8_c1 reference: unsupported insn 0x0ea00802
[SKIP  ] bb_libsurfaceflinger_47dca8_c2 reference: unsupported insn 0x0ea00802
[SKIP  ] bb_libsurfaceflinger_47dcc8_c0 reference: unsupported insn 0x1e260029
[SKIP  ] bb_libsurfaceflinger_47dcc8_c1 reference: unsupported insn 0x1e260029
[SKIP  ] bb_libsurfaceflinger_47dcc8_c2 reference: unsupported insn 0x1e260029
[SKIP  ] bb_libsurfaceflinger_47de60_c0 reference: unsupported insn 0x1e2c1001
[SKIP  ] bb_libsurfaceflinger_47de60_c1 reference: unsupported insn 0x1e2c1001
[SKIP  ] bb_libsurfaceflinger_47de60_c2 reference: unsupported insn 0x1e2c1001
[PASS  ] bb_libsurfaceflinger_47e03c_c0 (384 bytes x86)
[PASS  ] bb_libsurfaceflinger_47e03c_c1 (384 bytes x86)
[PASS  ] bb_libsurfaceflinger_47e03c_c2 (384 bytes x86)
[SKIP  ] bb_libsurfaceflinger_47e05c_c0 reference: unsupported insn 0x0ea00802
[SKIP  ] bb_libsurfaceflinger_47e05c_c1 reference: unsupported insn 0x0ea00802
[SKIP  ] bb_libsurfaceflinger_47e05c_c2 reference: unsupported insn 0x0ea00802
[PASS  ] bb_libsurfaceflinger_47e1d8_c0 (509 bytes x86)
[PASS  ] bb_libsurfaceflinger_47e1d8_c1 (509 bytes x86)
[PASS  ] bb_libsurfaceflinger_47e1d8_c2 (509 bytes x86)
[PASS  ] bb_libsurfaceflinger_47e858_c0 (186 bytes x86)
[PASS  ] bb_libsurfaceflinger_47e858_c1 (186 bytes x86)
[PASS  ] bb_libsurfaceflinger_47e858_c2 (186 bytes x86)
[SKIP  ] bb_libsurfaceflinger_47ecb0_c0 reference: unsupported insn 0x1e6c1001
[SKIP  ] bb_libsurfaceflinger_47ecb0_c1 reference: unsupported insn 0x1e6c1001
[SKIP  ] bb_libsurfaceflinger_47ecb0_c2 reference: unsupported insn 0x1e6c1001
[SKIP  ] bb_libsurfaceflinger_47ecd0_c0 reference: unsupported insn 0x1e270102
[SKIP  ] bb_libsurfaceflinger_47ecd0_c1 reference: unsupported insn 0x1e270102
[SKIP  ] bb_libsurfaceflinger_47ecd0_c2 reference: unsupported insn 0x1e270102
[PASS  ] bb_libsurfaceflinger_47ed10_c0 (740 bytes x86)
[PASS  ] bb_libsurfaceflinger_47ed10_c1 (740 bytes x86)
[PASS  ] bb_libsurfaceflinger_47ed10_c2 (740 bytes x86)
[SKIP  ] bb_libsurfaceflinger_47f284_c0 reference: unsupported insn 0x4e21d803
[SKIP  ] bb_libsurfaceflinger_47f284_c1 reference: unsupported insn 0x4e21d803
[SKIP  ] bb_libsurfaceflinger_47f284_c2 reference: unsupported insn 0x4e21d803
[SKIP  ] bb_libsurfaceflinger_47f6bc_c0 reference: unsupported insn 0x0ea1b800
[SKIP  ] bb_libsurfaceflinger_47f6bc_c1 reference: unsupported insn 0x0ea1b800
[SKIP  ] bb_libsurfaceflinger_47f6bc_c2 reference: unsupported insn 0x0ea1b800
[SKIP  ] bb_libsurfaceflinger_47f9a4_c0 reference: unsupported insn 0x1e270104
[SKIP  ] bb_libsurfaceflinger_47f9a4_c1 reference: unsupported insn 0x1e270104
[SKIP  ] bb_libsurfaceflinger_47f9a4_c2 reference: unsupported insn 0x1e270104
[PASS  ] bb_libsurfaceflinger_47f9c4_c0 (766 bytes x86)
[PASS  ] bb_libsurfaceflinger_47f9c4_c1 (766 bytes x86)
[PASS  ] bb_libsurfaceflinger_47f9c4_c2 (766 bytes x86)
[PASS  ] bb_libsurfaceflinger_47fa38_c0 (678 bytes x86)
[PASS  ] bb_libsurfaceflinger_47fa38_c1 (678 bytes x86)
[PASS  ] bb_libsurfaceflinger_47fa38_c2 (678 bytes x86)
[SKIP  ] bb_libsurfaceflinger_47fa90_c0 reference: unsupported insn 0x1e270102
[SKIP  ] bb_libsurfaceflinger_47fa90_c1 reference: unsupported insn 0x1e270102
[SKIP  ] bb_libsurfaceflinger_47fa90_c2 reference: unsupported insn 0x1e270102
[PASS  ] bb_libsurfaceflinger_47fab0_c0 (717 bytes x86)
[PASS  ] bb_libsurfaceflinger_47fab0_c1 (717 bytes x86)
[PASS  ] bb_libsurfaceflinger_47fab0_c2 (717 bytes x86)
[SKIP  ] bb_libsurfaceflinger_480424_c0 reference: unsupported insn 0xfa40a940
[SKIP  ] bb_libsurfaceflinger_480424_c1 reference: unsupported insn 0xfa40a940
[SKIP  ] bb_libsurfaceflinger_480424_c2 reference: unsupported insn 0xfa40a940
[SKIP  ] bb_libsurfaceflinger_480dc0_c0 reference: unsupported insn 0x6f00e403
[SKIP  ] bb_libsurfaceflinger_480dc0_c1 reference: unsupported insn 0x6f00e403
[SKIP  ] bb_libsurfaceflinger_480dc0_c2 reference: unsupported insn 0x6f00e403
[SKIP  ] bb_libsurfaceflinger_480ea0_c0 reference: unsupported insn 0xd53bd057
[SKIP  ] bb_libsurfaceflinger_480ea0_c1 reference: unsupported insn 0xd53bd057
[SKIP  ] bb_libsurfaceflinger_480ea0_c2 reference: unsupported insn 0xd53bd057
[SKIP  ] bb_libsurfaceflinger_480ec0_c0 reference: unsupported insn 0x0ea00020
[SKIP  ] bb_libsurfaceflinger_480ec0_c1 reference: unsupported insn 0x0ea00020
[SKIP  ] bb_libsurfaceflinger_480ec0_c2 reference: unsupported insn 0x0ea00020
[SKIP  ] bb_libsurfaceflinger_481298_c0 reference: unsupported insn 0x1e260008
[SKIP  ] bb_libsurfaceflinger_481298_c1 reference: unsupported insn 0x1e260008
[SKIP  ] bb_libsurfaceflinger_481298_c2 reference: unsupported insn 0x1e260008
[SKIP  ] bb_libsurfaceflinger_481518_c0 reference: unsupported insn 0x1e270101
[SKIP  ] bb_libsurfaceflinger_481518_c1 reference: unsupported insn 0x1e270101
[SKIP  ] bb_libsurfaceflinger_481518_c2 reference: unsupported insn 0x1e270101
[PASS  ] bb_libsurfaceflinger_481538_c0 (234 bytes x86)
[PASS  ] bb_libsurfaceflinger_481538_c1 (234 bytes x86)
[PASS  ] bb_libsurfaceflinger_481538_c2 (234 bytes x86)
[PASS  ] bb_libsurfaceflinger_481688_c0 (310 bytes x86)
[PASS  ] bb_libsurfaceflinger_481688_c1 (310 bytes x86)
[PASS  ] bb_libsurfaceflinger_481688_c2 (310 bytes x86)
[PASS  ] bb_libsurfaceflinger_48298c_c0 (452 bytes x86)
[PASS  ] bb_libsurfaceflinger_48298c_c1 (452 bytes x86)
[PASS  ] bb_libsurfaceflinger_48298c_c2 (452 bytes x86)
[SKIP  ] bb_libsurfaceflinger_4829ac_c0 reference: unsupported insn 0x2e302044
[SKIP  ] bb_libsurfaceflinger_4829ac_c1 reference: unsupported insn 0x2e302044
[SKIP  ] bb_libsurfaceflinger_4829ac_c2 reference: unsupported insn 0x2e302044
[SKIP  ] bb_libsurfaceflinger_4829cc_c0 reference: unsupported insn 0x2e205a75
[SKIP  ] bb_libsurfaceflinger_4829cc_c1 reference: unsupported insn 0x2e205a75
[SKIP  ] bb_libsurfaceflinger_4829cc_c2 reference: unsupported insn 0x2e205a75
[SKIP  ] bb_libsurfaceflinger_482b50_c0 reference: unsupported insn 0x4f0087e0
[SKIP  ] bb_libsurfaceflinger_482b50_c1 reference: unsupported insn 0x4f0087e0
[SKIP  ] bb_libsurfaceflinger_482b50_c2 reference: unsupported insn 0x4f0087e0
[PASS  ] bb_libsurfaceflinger_482b90_c0 (448 bytes x86)
[PASS  ] bb_libsurfaceflinger_482b90_c1 (448 bytes x86)
[PASS  ] bb_libsurfaceflinger_482b90_c2 (448 bytes x86)
[SKIP  ] bb_libsurfaceflinger_482bb0_c0 reference: unsupported insn 0x2e322077
[SKIP  ] bb_libsurfaceflinger_482bb0_c1 reference: unsupported insn 0x2e322077
[SKIP  ] bb_libsurfaceflinger_482bb0_c2 reference: unsupported insn 0x2e322077
[SKIP  ] bb_libsurfaceflinger_482bd0_c0 reference: unsupported insn 0x2e33205b
[SKIP  ] bb_libsurfaceflinger_482bd0_c1 reference: unsupported insn 0x2e33205b
[SKIP  ] bb_libsurfaceflinger_482bd0_c2 reference: unsupported insn 0x2e33205b
[PASS  ] bb_libsurfaceflinger_482bf0_c0 (493 bytes x86)
[PASS  ] bb_libsurfaceflinger_482bf0_c1 (493 bytes x86)
[PASS  ] bb_libsurfaceflinger_482bf0_c2 (493 bytes x86)
[SKIP  ] bb_libsurfaceflinger_484490_c0 reference: unsupported insn 0x2f0737e1
[SKIP  ] bb_libsurfaceflinger_484490_c1 reference: unsupported insn 0x2f0737e1
[SKIP  ] bb_libsurfaceflinger_484490_c2 reference: unsupported insn 0x2f0737e1
[PASS  ] bb_libsurfaceflinger_484bdc_c0 (713 bytes x86)
[PASS  ] bb_libsurfaceflinger_484bdc_c1 (713 bytes x86)
[PASS  ] bb_libsurfaceflinger_484bdc_c2 (713 bytes x86)
[PASS  ] bb_libsurfaceflinger_484bfc_c0 (610 bytes x86)
[PASS  ] bb_libsurfaceflinger_484bfc_c1 (610 bytes x86)
[PASS  ] bb_libsurfaceflinger_484bfc_c2 (610 bytes x86)
[SKIP  ] bb_libsurfaceflinger_484fc4_c0 reference: unsupported insn 0x9e660004
[SKIP  ] bb_libsurfaceflinger_484fc4_c1 reference: unsupported insn 0x9e660004
[SKIP  ] bb_libsurfaceflinger_484fc4_c2 reference: unsupported insn 0x9e660004
[SKIP  ] bb_libsurfaceflinger_485060_c0 reference: unsupported insn 0x9e670080
[SKIP  ] bb_libsurfaceflinger_485060_c1 reference: unsupported insn 0x9e670080
[SKIP  ] bb_libsurfaceflinger_485060_c2 reference: unsupported insn 0x9e670080
[SKIP  ] bb_libsurfaceflinger_485080_c0 reference: unsupported insn 0x2e21c041
[SKIP  ] bb_libsurfaceflinger_485080_c1 reference: unsupported insn 0x2e21c041
[SKIP  ] bb_libsurfaceflinger_485080_c2 reference: unsupported insn 0x2e21c041
[SKIP  ] bb_libsurfaceflinger_4850a0_c0 reference: unsupported insn 0x2e258083
[SKIP  ] bb_libsurfaceflinger_4850a0_c1 reference: unsupported insn 0x2e258083
[SKIP  ] bb_libsurfaceflinger_4850a0_c2 reference: unsupported insn 0x2e258083
[PASS  ] bb_libsurfaceflinger_4850c0_c0 (435 bytes x86)
[PASS  ] bb_libsurfaceflinger_4850c0_c1 (435 bytes x86)
[PASS  ] bb_libsurfaceflinger_4850c0_c2 (435 bytes x86)
[SKIP  ] bb_libsurfaceflinger_4850e0_c0 reference: unsupported insn 0x1e270122
[SKIP  ] bb_libsurfaceflinger_4850e0_c1 reference: unsupported insn 0x1e270122
[SKIP  ] bb_libsurfaceflinger_4850e0_c2 reference: unsupported insn 0x1e270122
[PASS  ] bb_libsurfaceflinger_485100_c0 (365 bytes x86)
[PASS  ] bb_libsurfaceflinger_485100_c1 (365 bytes x86)
[PASS  ] bb_libsurfaceflinger_485100_c2 (365 bytes x86)
[PASS  ] bb_libsurfaceflinger_485120_c0 (381 bytes x86)
[PASS  ] bb_libsurfaceflinger_485120_c1 (381 bytes x86)
[PASS  ] bb_libsurfaceflinger_485120_c2 (381 bytes x86)
[PASS  ] bb_libsurfaceflinger_485140_c0 (381 bytes x86)
[PASS  ] bb_libsurfaceflinger_485140_c1 (381 bytes x86)
[PASS  ] bb_libsurfaceflinger_485140_c2 (381 bytes x86)
[PASS  ] bb_libsurfaceflinger_485160_c0 (397 bytes x86)
[PASS  ] bb_libsurfaceflinger_485160_c1 (397 bytes x86)
[PASS  ] bb_libsurfaceflinger_485160_c2 (397 bytes x86)
[PASS  ] bb_libsurfaceflinger_485180_c0 (378 bytes x86)
[PASS  ] bb_libsurfaceflinger_485180_c1 (378 bytes x86)
[PASS  ] bb_libsurfaceflinger_485180_c2 (378 bytes x86)
[SKIP  ] bb_libsurfaceflinger_4851a0_c0 reference: unsupported insn 0x9e660000
[SKIP  ] bb_libsurfaceflinger_4851a0_c1 reference: unsupported insn 0x9e660000
[SKIP  ] bb_libsurfaceflinger_4851a0_c2 reference: unsupported insn 0x9e660000
[SKIP  ] bb_libsurfaceflinger_485210_c0 reference: unsupported insn 0x6e205824
[SKIP  ] bb_libsurfaceflinger_485210_c1 reference: unsupported insn 0x6e205824
[SKIP  ] bb_libsurfaceflinger_485210_c2 reference: unsupported insn 0x6e205824
[SKIP  ] bb_libsurfaceflinger_485230_c0 reference: unsupported insn 0x9e660000
[SKIP  ] bb_libsurfaceflinger_485230_c1 reference: unsupported insn 0x9e660000
[SKIP  ] bb_libsurfaceflinger_485230_c2 reference: unsupported insn 0x9e660000
[PASS  ] bb_libsurfaceflinger_4852d0_c0 (322 bytes x86)
[PASS  ] bb_libsurfaceflinger_4852d0_c1 (322 bytes x86)
[PASS  ] bb_libsurfaceflinger_4852d0_c2 (322 bytes x86)
[PASS  ] bb_libsurfaceflinger_485350_c0 (138 bytes x86)
[PASS  ] bb_libsurfaceflinger_485350_c1 (138 bytes x86)
[PASS  ] bb_libsurfaceflinger_485350_c2 (138 bytes x86)
[PASS  ] bb_libsurfaceflinger_48537c_c0 (486 bytes x86)
[PASS  ] bb_libsurfaceflinger_48537c_c1 (486 bytes x86)
[PASS  ] bb_libsurfaceflinger_48537c_c2 (486 bytes x86)
[SKIP  ] bb_libsurfaceflinger_485478_c0 reference: unsupported insn 0x2e20c063
[SKIP  ] bb_libsurfaceflinger_485478_c1 reference: unsupported insn 0x2e20c063
[SKIP  ] bb_libsurfaceflinger_485478_c2 reference: unsupported insn 0x2e20c063
[SKIP  ] bb_libsurfaceflinger_4854b0_c0 reference: unsupported insn 0x1e270042
[SKIP  ] bb_libsurfaceflinger_4854b0_c1 reference: unsupported insn 0x1e270042
[SKIP  ] bb_libsurfaceflinger_4854b0_c2 reference: unsupported insn 0x1e270042
[SKIP  ] bb_libsurfaceflinger_4855f0_c0 reference: unsupported insn 0x2e2058f0
[SKIP  ] bb_libsurfaceflinger_4855f0_c1 reference: unsupported insn 0x2e2058f0
[SKIP  ] bb_libsurfaceflinger_4855f0_c2 reference: unsupported insn 0x2e2058f0
[SKIP  ] bb_libsurfaceflinger_485610_c0 reference: unsupported insn 0x2e304000
[SKIP  ] bb_libsurfaceflinger_485610_c1 reference: unsupported insn 0x2e304000
[SKIP  ] bb_libsurfaceflinger_485610_c2 reference: unsupported insn 0x2e304000
[PASS  ] bb_libsurfaceflinger_485770_c0 (401 bytes x86)
[PASS  ] bb_libsurfaceflinger_485770_c1 (401 bytes x86)
[PASS  ] bb_libsurfaceflinger_485770_c2 (401 bytes x86)
[PASS  ] bb_libsurfaceflinger_485790_c0 (269 bytes x86)
[PASS  ] bb_libsurfaceflinger_485790_c1 (269 bytes x86)
[PASS  ] bb_libsurfaceflinger_485790_c2 (269 bytes x86)
[PASS  ] bb_libsurfaceflinger_4857f0_c0 (600 bytes x86)
[PASS  ] bb_libsurfaceflinger_4857f0_c1 (600 bytes x86)
[PASS  ] bb_libsurfaceflinger_4857f0_c2 (600 bytes x86)
[PASS  ] bb_libsurfaceflinger_485810_c0 (139 bytes x86)
[PASS  ] bb_libsurfaceflinger_485810_c1 (139 bytes x86)
[PASS  ] bb_libsurfaceflinger_485810_c2 (139 bytes x86)
[SKIP  ] bb_libsurfaceflinger_485820_c0 reference: unsupported insn 0x6f00e400
[SKIP  ] bb_libsurfaceflinger_485820_c1 reference: unsupported insn 0x6f00e400
[SKIP  ] bb_libsurfaceflinger_485820_c2 reference: unsupported insn 0x6f00e400
[PASS  ] bb_libsurfaceflinger_485884_c0 (409 bytes x86)
[PASS  ] bb_libsurfaceflinger_485884_c1 (409 bytes x86)
[PASS  ] bb_libsurfaceflinger_485884_c2 (409 bytes x86)
[PASS  ] bb_libsurfaceflinger_4858a4_c0 (498 bytes x86)
[PASS  ] bb_libsurfaceflinger_4858a4_c1 (498 bytes x86)
[PASS  ] bb_libsurfaceflinger_4858a4_c2 (498 bytes x86)
[SKIP  ] bb_libsurfaceflinger_48599c_c0 reference: unsupported insn 0x6f00e414
[SKIP  ] bb_libsurfaceflinger_48599c_c1 reference: unsupported insn 0x6f00e414
[SKIP  ] bb_libsurfaceflinger_48599c_c2 reference: unsupported insn 0x6f00e414
[PASS  ] bb_libsurfaceflinger_4859bc_c0 (616 bytes x86)
[PASS  ] bb_libsurfaceflinger_4859bc_c1 (616 bytes x86)
[PASS  ] bb_libsurfaceflinger_4859bc_c2 (616 bytes x86)
[PASS  ] bb_libsurfaceflinger_485a30_c0 (406 bytes x86)
[PASS  ] bb_libsurfaceflinger_485a30_c1 (406 bytes x86)
[PASS  ] bb_libsurfaceflinger_485a30_c2 (406 bytes x86)
[PASS  ] bb_libsurfaceflinger_485a50_c0 (472 bytes x86)
[PASS  ] bb_libsurfaceflinger_485a50_c1 (472 bytes x86)
[PASS  ] bb_libsurfaceflinger_485a50_c2 (472 bytes x86)
[PASS  ] bb_libsurfaceflinger_485a70_c0 (501 bytes x86)
[PASS  ] bb_libsurfaceflinger_485a70_c1 (501 bytes x86)
[PASS  ] bb_libsurfaceflinger_485a70_c2 (501 bytes x86)
[SKIP  ] bb_libsurfaceflinger_485ddc_c0 reference: unsupported insn 0x1e270101
[SKIP  ] bb_libsurfaceflinger_485ddc_c1 reference: unsupported insn 0x1e270101
[SKIP  ] bb_libsurfaceflinger_485ddc_c2 reference: unsupported insn 0x1e270101
[PASS  ] bb_libsurfaceflinger_485dfc_c0 (170 bytes x86)
[PASS  ] bb_libsurfaceflinger_485dfc_c1 (170 bytes x86)
[PASS  ] bb_libsurfaceflinger_485dfc_c2 (170 bytes x86)
[SKIP  ] bb_libsurfaceflinger_487650_c0 reference: unsupported insn 0x9e660009
[SKIP  ] bb_libsurfaceflinger_487650_c1 reference: unsupported insn 0x9e660009
[SKIP  ] bb_libsurfaceflinger_487650_c2 reference: unsupported insn 0x9e660009
[PASS  ] bb_libsurfaceflinger_488300_c0 (447 bytes x86)
[PASS  ] bb_libsurfaceflinger_488300_c1 (447 bytes x86)
[PASS  ] bb_libsurfaceflinger_488300_c2 (447 bytes x86)
[PASS  ] bb_libsurfaceflinger_488e2c_c0 (426 bytes x86)
[PASS  ] bb_libsurfaceflinger_488e2c_c1 (426 bytes x86)
[PASS  ] bb_libsurfaceflinger_488e2c_c2 (426 bytes x86)
[PASS  ] bb_libsurfaceflinger_489ae8_c0 (305 bytes x86)
[PASS  ] bb_libsurfaceflinger_489ae8_c1 (305 bytes x86)
[PASS  ] bb_libsurfaceflinger_489ae8_c2 (305 bytes x86)
[SKIP  ] bb_libsurfaceflinger_489d24_c0 reference: unsupported insn 0x6e205841
[SKIP  ] bb_libsurfaceflinger_489d24_c1 reference: unsupported insn 0x6e205841
[SKIP  ] bb_libsurfaceflinger_489d24_c2 reference: unsupported insn 0x6e205841
[SKIP  ] bb_libsurfaceflinger_489d44_c0 reference: unsupported insn 0x1e260008
[SKIP  ] bb_libsurfaceflinger_489d44_c1 reference: unsupported insn 0x1e260008
[SKIP  ] bb_libsurfaceflinger_489d44_c2 reference: unsupported insn 0x1e260008
[PASS  ] bb_libsurfaceflinger_48a120_c0 (639 bytes x86)
[PASS  ] bb_libsurfaceflinger_48a120_c1 (639 bytes x86)
[PASS  ] bb_libsurfaceflinger_48a120_c2 (639 bytes x86)
[SKIP  ] bb_libsurfaceflinger_48a140_c0 reference: unsupported insn 0x1e2e1002
[SKIP  ] bb_libsurfaceflinger_48a140_c1 reference: unsupported insn 0x1e2e1002
[SKIP  ] bb_libsurfaceflinger_48a140_c2 reference: unsupported insn 0x1e2e1002
[PASS  ] bb_libsurfaceflinger_48a508_c0 (435 bytes x86)
[PASS  ] bb_libsurfaceflinger_48a508_c1 (435 bytes x86)
[PASS  ] bb_libsurfaceflinger_48a508_c2 (435 bytes x86)
[SKIP  ] bb_libsurfaceflinger_48b420_c0 reference: unsupported insn 0x1e270104
[SKIP  ] bb_libsurfaceflinger_48b420_c1 reference: unsupported insn 0x1e270104
[SKIP  ] bb_libsurfaceflinger_48b420_c2 reference: unsupported insn 0x1e270104
[PASS  ] bb_libsurfaceflinger_48b480_c0 (624 bytes x86)
[PASS  ] bb_libsurfaceflinger_48b480_c1 (624 bytes x86)
[PASS  ] bb_libsurfaceflinger_48b480_c2 (624 bytes x86)
[SKIP  ] bb_libsurfaceflinger_48b850_c0 reference: unsupported insn 0x1e260009
[SKIP  ] bb_libsurfaceflinger_48b850_c1 reference: unsupported insn 0x1e260009
[SKIP  ] bb_libsurfaceflinger_48b850_c2 reference: unsupported insn 0x1e260009
[SKIP  ] bb_libsurfaceflinger_48ba10_c0 reference: unsupported insn 0x1e260009
[SKIP  ] bb_libsurfaceflinger_48ba10_c1 reference: unsupported insn 0x1e260009
[SKIP  ] bb_libsurfaceflinger_48ba10_c2 reference: unsupported insn 0x1e260009
[SKIP  ] bb_libsurfaceflinger_48e36c_c0 reference: unsupported insn 0x00000000
[SKIP  ] bb_libsurfaceflinger_48e36c_c1 reference: unsupported insn 0x00000000
[SKIP  ] bb_libsurfaceflinger_48e36c_c2 reference: unsupported insn 0x00000000
[SKIP  ] bb_libsurfaceflinger_48e37c_c0 reference: unsupported insn 0x2f00e400
[SKIP  ] bb_libsurfaceflinger_48e37c_c1 reference: unsupported insn 0x2f00e400
[SKIP  ] bb_libsurfaceflinger_48e37c_c2 reference: unsupported insn 0x2f00e400
[SKIP  ] bb_libsurfaceflinger_48e5b0_c0 reference: unsupported insn 0x4fc09084
[SKIP  ] bb_libsurfaceflinger_48e5b0_c1 reference: unsupported insn 0x4fc09084
[SKIP  ] bb_libsurfaceflinger_48e5b0_c2 reference: unsupported insn 0x4fc09084
[PASS  ] bb_libsurfaceflinger_48e630_c0 (109 bytes x86)
[PASS  ] bb_libsurfaceflinger_48e630_c1 (109 bytes x86)
[PASS  ] bb_libsurfaceflinger_48e630_c2 (109 bytes x86)
[PASS  ] bb_libsurfaceflinger_48e65c_c0 (163 bytes x86)
[PASS  ] bb_libsurfaceflinger_48e65c_c1 (163 bytes x86)
[PASS  ] bb_libsurfaceflinger_48e65c_c2 (163 bytes x86)
[SKIP  ] bb_libsurfaceflinger_48e668_c0 reference: unsupported insn 0x9e670105
[SKIP  ] bb_libsurfaceflinger_48e668_c1 reference: unsupported insn 0x9e670105
[SKIP  ] bb_libsurfaceflinger_48e668_c2 reference: unsupported insn 0x9e670105
[SKIP  ] bb_libsurfaceflinger_48e69c_c0 reference: unsupported insn 0x9e670105
[SKIP  ] bb_libsurfaceflinger_48e69c_c1 reference: unsupported insn 0x9e670105
[SKIP  ] bb_libsurfaceflinger_48e69c_c2 reference: unsupported insn 0x9e670105
[PASS  ] bb_libsurfaceflinger_48e6b0_c0 (283 bytes x86)
[PASS  ] bb_libsurfaceflinger_48e6b0_c1 (283 bytes x86)
[PASS  ] bb_libsurfaceflinger_48e6b0_c2 (283 bytes x86)
[SKIP  ] bb_libsurfaceflinger_48e6c4_c0 reference: unsupported insn 0x9e670106
[SKIP  ] bb_libsurfaceflinger_48e6c4_c1 reference: unsupported insn 0x9e670106
[SKIP  ] bb_libsurfaceflinger_48e6c4_c2 reference: unsupported insn 0x9e670106
[SKIP  ] bb_libsurfaceflinger_48e6d4_c0 reference: unsupported insn 0x1e6e1004
[SKIP  ] bb_libsurfaceflinger_48e6d4_c1 reference: unsupported insn 0x1e6e1004
[SKIP  ] bb_libsurfaceflinger_48e6d4_c2 reference: unsupported insn 0x1e6e1004
[PASS  ] bb_libsurfaceflinger_48e6f4_c0 (433 bytes x86)
[PASS  ] bb_libsurfaceflinger_48e6f4_c1 (433 bytes x86)
[PASS  ] bb_libsurfaceflinger_48e6f4_c2 (433 bytes x86)
[SKIP  ] bb_libsurfaceflinger_48e714_c0 reference: unsupported insn 0x1e677002
[SKIP  ] bb_libsurfaceflinger_48e714_c1 reference: unsupported insn 0x1e677002
[SKIP  ] bb_libsurfaceflinger_48e714_c2 reference: unsupported insn 0x1e677002
[SKIP  ] bb_libsurfaceflinger_48e734_c0 reference: unsupported insn 0x9e670102
[SKIP  ] bb_libsurfaceflinger_48e734_c1 reference: unsupported insn 0x9e670102
[SKIP  ] bb_libsurfaceflinger_48e734_c2 reference: unsupported insn 0x9e670102
[SKIP  ] bb_libsurfaceflinger_48e754_c0 reference: unsupported insn 0x1e61100d
[SKIP  ] bb_libsurfaceflinger_48e754_c1 reference: unsupported insn 0x1e61100d
[SKIP  ] bb_libsurfaceflinger_48e754_c2 reference: unsupported insn 0x1e61100d
[SKIP  ] bb_libsurfaceflinger_48e768_c0 reference: unsupported insn 0x1e6e1001
[SKIP  ] bb_libsurfaceflinger_48e768_c1 reference: unsupported insn 0x1e6e1001
[SKIP  ] bb_libsurfaceflinger_48e768_c2 reference: unsupported insn 0x1e6e1001
[SKIP  ] bb_libsurfaceflinger_48e788_c0 reference: unsupported insn 0x1e701002
[SKIP  ] bb_libsurfaceflinger_48e788_c1 reference: unsupported insn 0x1e701002
[SKIP  ] bb_libsurfaceflinger_48e788_c2 reference: unsupported insn 0x1e701002
[PASS  ] bb_libsurfaceflinger_48e7c8_c0 (191 bytes x86)
[PASS  ] bb_libsurfaceflinger_48e7c8_c1 (191 bytes x86)
[PASS  ] bb_libsurfaceflinger_48e7c8_c2 (191 bytes x86)
[PASS  ] bb_libsurfaceflinger_48e804_c0 (191 bytes x86)
[PASS  ] bb_libsurfaceflinger_48e804_c1 (191 bytes x86)
[PASS  ] bb_libsurfaceflinger_48e804_c2 (191 bytes x86)
[SKIP  ] bb_libsurfaceflinger_48e830_c0 reference: unsupported insn 0x9e670105
[SKIP  ] bb_libsurfaceflinger_48e830_c1 reference: unsupported insn 0x9e670105
[SKIP  ] bb_libsurfaceflinger_48e830_c2 reference: unsupported insn 0x9e670105
[PASS  ] bb_libsurfaceflinger_48e8d4_c0 (144 bytes x86)
[PASS  ] bb_libsurfaceflinger_48e8d4_c1 (144 bytes x86)
[PASS  ] bb_libsurfaceflinger_48e8d4_c2 (144 bytes x86)
[SKIP  ] bb_libsurfaceflinger_48e90c_c0 reference: unsupported insn 0x9e66002c
[SKIP  ] bb_libsurfaceflinger_48e90c_c1 reference: unsupported insn 0x9e66002c
[SKIP  ] bb_libsurfaceflinger_48e90c_c2 reference: unsupported insn 0x9e66002c
[PASS  ] bb_libsurfaceflinger_48e92c_c0 (393 bytes x86)
[PASS  ] bb_libsurfaceflinger_48e92c_c1 (393 bytes x86)
[PASS  ] bb_libsurfaceflinger_48e92c_c2 (393 bytes x86)
[PASS  ] bb_libsurfaceflinger_48e95c_c0 (160 bytes x86)
[PASS  ] bb_libsurfaceflinger_48e95c_c1 (160 bytes x86)
[PASS  ] bb_libsurfaceflinger_48e95c_c2 (160 bytes x86)
[PASS  ] bb_libsurfaceflinger_48e96c_c0 (427 bytes x86)
[PASS  ] bb_libsurfaceflinger_48e96c_c1 (427 bytes x86)
[PASS  ] bb_libsurfaceflinger_48e96c_c2 (427 bytes x86)
[SKIP  ] bb_libsurfaceflinger_48e980_c0 reference: unsupported insn 0x9e670102
[SKIP  ] bb_libsurfaceflinger_48e980_c1 reference: unsupported insn 0x9e670102
[SKIP  ] bb_libsurfaceflinger_48e980_c2 reference: unsupported insn 0x9e670102
[SKIP  ] bb_libsurfaceflinger_48e9b0_c0 reference: unsupported insn 0x9e670103
[SKIP  ] bb_libsurfaceflinger_48e9b0_c1 reference: unsupported insn 0x9e670103
[SKIP  ] bb_libsurfaceflinger_48e9b0_c2 reference: unsupported insn 0x9e670103
[SKIP  ] bb_libsurfaceflinger_48e9cc_c0 reference: unsupported insn 0x1e7c1002
[SKIP  ] bb_libsurfaceflinger_48e9cc_c1 reference: unsupported insn 0x1e7c1002
[SKIP  ] bb_libsurfaceflinger_48e9cc_c2 reference: unsupported insn 0x1e7c1002
[SKIP  ] bb_libsurfaceflinger_48ea14_c0 reference: unsupported insn 0x9e660128
[SKIP  ] bb_libsurfaceflinger_48ea14_c1 reference: unsupported insn 0x9e660128
[SKIP  ] bb_libsurfaceflinger_48ea14_c2 reference: unsupported insn 0x9e660128
[SKIP  ] bb_libsurfaceflinger_48ea34_c0 reference: unsupported insn 0x9e670103
[SKIP  ] bb_libsurfaceflinger_48ea34_c1 reference: unsupported insn 0x9e670103
[SKIP  ] bb_libsurfaceflinger_48ea34_c2 reference: unsupported insn 0x9e670103
[SKIP  ] bb_libsurfaceflinger_48ea68_c0 reference: unsupported insn 0x9e670103
[SKIP  ] bb_libsurfaceflinger_48ea68_c1 reference: unsupported insn 0x9e670103
[SKIP  ] bb_libsurfaceflinger_48ea68_c2 reference: unsupported insn 0x9e670103
[SKIP  ] bb_libsurfaceflinger_48ea8c_c0 reference: unsupported insn 0x9e670101
[SKIP  ] bb_libsurfaceflinger_48ea8c_c1 reference: unsupported insn 0x9e670101
[SKIP  ] bb_libsurfaceflinger_48ea8c_c2 reference: unsupported insn 0x9e670101
[SKIP  ] bb_libsurfaceflinger_48eaac_c0 reference: unsupported insn 0x9e660008
[SKIP  ] bb_libsurfaceflinger_48eaac_c1 reference: unsupported insn 0x9e660008
[SKIP  ] bb_libsurfaceflinger_48eaac_c2 reference: unsupported insn 0x9e660008
[SKIP  ] bb_libsurfaceflinger_48eacc_c0 reference: unsupported insn 0x9e670103
[SKIP  ] bb_libsurfaceflinger_48eacc_c1 reference: unsupported insn 0x9e670103
[SKIP  ] bb_libsurfaceflinger_48eacc_c2 reference: unsupported insn 0x9e670103
[PASS  ] bb_libsurfaceflinger_48eaec_c0 (208 bytes x86)
[PASS  ] bb_libsurfaceflinger_48eaec_c1 (208 bytes x86)
[PASS  ] bb_libsurfaceflinger_48eaec_c2 (208 bytes x86)
[SKIP  ] bb_libsurfaceflinger_48eb7c_c0 reference: unsupported insn 0x1e6e1003
[SKIP  ] bb_libsurfaceflinger_48eb7c_c1 reference: unsupported insn 0x1e6e1003
[SKIP  ] bb_libsurfaceflinger_48eb7c_c2 reference: unsupported insn 0x1e6e1003
[SKIP  ] bb_libsurfaceflinger_48eb94_c0 reference: unsupported insn 0x9e66008d
[SKIP  ] bb_libsurfaceflinger_48eb94_c1 reference: unsupported insn 0x9e66008d
[SKIP  ] bb_libsurfaceflinger_48eb94_c2 reference: unsupported insn 0x9e66008d
[PASS  ] bb_libsurfaceflinger_48ebb4_c0 (393 bytes x86)
[PASS  ] bb_libsurfaceflinger_48ebb4_c1 (393 bytes x86)
[PASS  ] bb_libsurfaceflinger_48ebb4_c2 (393 bytes x86)
[SKIP  ] bb_libsurfaceflinger_48ebdc_c0 reference: unsupported insn 0x9e66008d
[SKIP  ] bb_libsurfaceflinger_48ebdc_c1 reference: unsupported insn 0x9e66008d
[SKIP  ] bb_libsurfaceflinger_48ebdc_c2 reference: unsupported insn 0x9e66008d
[SKIP  ] bb_libsurfaceflinger_48ebfc_c0 reference: unsupported insn 0x7ee4d464
[SKIP  ] bb_libsurfaceflinger_48ebfc_c1 reference: unsupported insn 0x7ee4d464
[SKIP  ] bb_libsurfaceflinger_48ebfc_c2 reference: unsupported insn 0x7ee4d464
[SKIP  ] bb_libsurfaceflinger_48ec50_c0 reference: unsupported insn 0x9e670185
[SKIP  ] bb_libsurfaceflinger_48ec50_c1 reference: unsupported insn 0x9e670185
[SKIP  ] bb_libsurfaceflinger_48ec50_c2 reference: unsupported insn 0x9e670185
[SKIP  ] bb_libsurfaceflinger_48ec60_c0 reference: unsupported insn 0x2f00e403
[SKIP  ] bb_libsurfaceflinger_48ec60_c1 reference: unsupported insn 0x2f00e403
[SKIP  ] bb_libsurfaceflinger_48ec60_c2 reference: unsupported insn 0x2f00e403
[SKIP  ] bb_libsurfaceflinger_48ec78_c0 reference: unsupported insn 0x9e670185
[SKIP  ] bb_libsurfaceflinger_48ec78_c1 reference: unsupported insn 0x9e670185
[SKIP  ] bb_libsurfaceflinger_48ec78_c2 reference: unsupported insn 0x9e670185
[SKIP  ] bb_libsurfaceflinger_48ed00_c0 reference: unsupported insn 0xd53bd055
[SKIP  ] bb_libsurfaceflinger_48ed00_c1 reference: unsupported insn 0xd53bd055
[SKIP  ] bb_libsurfaceflinger_48ed00_c2 reference: unsupported insn 0xd53bd055
[SKIP  ] bb_libsurfaceflinger_48ed34_c0 reference: unsupported insn 0x9e670101
[SKIP  ] bb_libsurfaceflinger_48ed34_c1 reference: unsupported insn 0x9e670101
[SKIP  ] bb_libsurfaceflinger_48ed34_c2 reference: unsupported insn 0x9e670101
[SKIP  ] bb_libsurfaceflinger_48ed4c_c0 reference: unsupported insn 0x9e670101
[SKIP  ] bb_libsurfaceflinger_48ed4c_c1 reference: unsupported insn 0x9e670101
[SKIP  ] bb_libsurfaceflinger_48ed4c_c2 reference: unsupported insn 0x9e670101
[SKIP  ] bb_libsurfaceflinger_48ed64_c0 reference: unsupported insn 0x9e670101
[SKIP  ] bb_libsurfaceflinger_48ed64_c1 reference: unsupported insn 0x9e670101
[SKIP  ] bb_libsurfaceflinger_48ed64_c2 reference: unsupported insn 0x9e670101
[PASS  ] bb_libsurfaceflinger_48ed9c_c0 (83 bytes x86)
[PASS  ] bb_libsurfaceflinger_48ed9c_c1 (83 bytes x86)
[PASS  ] bb_libsurfaceflinger_48ed9c_c2 (83 bytes x86)
[SKIP  ] bb_libsurfaceflinger_48ef9c_c0 reference: unsupported insn 0x9e670111
[SKIP  ] bb_libsurfaceflinger_48ef9c_c1 reference: unsupported insn 0x9e670111
[SKIP  ] bb_libsurfaceflinger_48ef9c_c2 reference: unsupported insn 0x9e670111
[SKIP  ] bb_libsurfaceflinger_48efb4_c0 reference: unsupported insn 0x9e670113
[SKIP  ] bb_libsurfaceflinger_48efb4_c1 reference: unsupported insn 0x9e670113
[SKIP  ] bb_libsurfaceflinger_48efb4_c2 reference: unsupported insn 0x9e670113
[SKIP  ] bb_libsurfaceflinger_48eff8_c0 reference: unsupported insn 0x1e6c1011
[SKIP  ] bb_libsurfaceflinger_48eff8_c1 reference: unsupported insn 0x1e6c1011
[SKIP  ] bb_libsurfaceflinger_48eff8_c2 reference: unsupported insn 0x1e6c1011
[PASS  ] bb_libsurfaceflinger_48f020_c0 (787 bytes x86)
[PASS  ] bb_libsurfaceflinger_48f020_c1 (787 bytes x86)
[PASS  ] bb_libsurfaceflinger_48f020_c2 (787 bytes x86)
[PASS  ] bb_libsurfaceflinger_48f040_c0 (295 bytes x86)
[PASS  ] bb_libsurfaceflinger_48f040_c1 (295 bytes x86)
[PASS  ] bb_libsurfaceflinger_48f040_c2 (295 bytes x86)
[SKIP  ] bb_libsurfaceflinger_48f05c_c0 reference: unsupported insn 0x00000000
[SKIP  ] bb_libsurfaceflinger_48f05c_c1 reference: unsupported insn 0x00000000
[SKIP  ] bb_libsurfaceflinger_48f05c_c2 reference: unsupported insn 0x00000000
[PASS  ] bb_libsurfaceflinger_48f07c_c0 (624 bytes x86)
[PASS  ] bb_libsurfaceflinger_48f07c_c1 (624 bytes x86)
[PASS  ] bb_libsurfaceflinger_48f07c_c2 (624 bytes x86)
[SKIP  ] bb_libsurfaceflinger_48f0b0_c0 reference: unsupported insn 0x9e670101
[SKIP  ] bb_libsurfaceflinger_48f0b0_c1 reference: unsupported insn 0x9e670101
[SKIP  ] bb_libsurfaceflinger_48f0b0_c2 reference: unsupported insn 0x9e670101
[PASS  ] bb_libsurfaceflinger_48f0d0_c0 (109 bytes x86)
[PASS  ] bb_libsurfaceflinger_48f0d0_c1 (109 bytes x86)
[PASS  ] bb_libsurfaceflinger_48f0d0_c2 (109 bytes x86)
[PASS  ] bb_libsurfaceflinger_48f0e4_c0 (514 bytes x86)
[PASS  ] bb_libsurfaceflinger_48f0e4_c1 (514 bytes x86)
[PASS  ] bb_libsurfaceflinger_48f0e4_c2 (514 bytes x86)
[SKIP  ] bb_libsurfaceflinger_48f140_c0 reference: unsupported insn 0x1e7c1003
[SKIP  ] bb_libsurfaceflinger_48f140_c1 reference: unsupported insn 0x1e7c1003
[SKIP  ] bb_libsurfaceflinger_48f140_c2 reference: unsupported insn 0x1e7c1003
[SKIP  ] bb_libsurfaceflinger_48f14c_c0 reference: unsupported insn 0x9e660009
[SKIP  ] bb_libsurfaceflinger_48f14c_c1 reference: unsupported insn 0x9e660009
[SKIP  ] bb_libsurfaceflinger_48f14c_c2 reference: unsupported insn 0x9e660009
[SKIP  ] bb_libsurfaceflinger_48f180_c0 reference: unsupported insn 0x2f00e403
[SKIP  ] bb_libsurfaceflinger_48f180_c1 reference: unsupported insn 0x2f00e403
[SKIP  ] bb_libsurfaceflinger_48f180_c2 reference: unsupported insn 0x2f00e403
[SKIP  ] bb_libsurfaceflinger_48f1a0_c0 reference: unsupported insn 0x1e635424
[SKIP  ] bb_libsurfaceflinger_48f1a0_c1 reference: unsupported insn 0x1e635424
[SKIP  ] bb_libsurfaceflinger_48f1a0_c2 reference: unsupported insn 0x1e635424
[SKIP  ] bb_libsurfaceflinger_48f1d8_c0 reference: unsupported insn 0x9e670103
[SKIP  ] bb_libsurfaceflinger_48f1d8_c1 reference: unsupported insn 0x9e670103
[SKIP  ] bb_libsurfaceflinger_48f1d8_c2 reference: unsupported insn 0x9e670103
[SKIP  ] bb_libsurfaceflinger_48f26c_c0 reference: unsupported insn 0x9e670103
[SKIP  ] bb_libsurfaceflinger_48f26c_c1 reference: unsupported insn 0x9e670103
[SKIP  ] bb_libsurfaceflinger_48f26c_c2 reference: unsupported insn 0x9e670103
[SKIP  ] bb_libsurfaceflinger_48f280_c0 reference: unsupported insn 0x9e670102
[SKIP  ] bb_libsurfaceflinger_48f280_c1 reference: unsupported insn 0x9e670102
[SKIP  ] bb_libsurfaceflinger_48f280_c2 reference: unsupported insn 0x9e670102
[SKIP  ] bb_libsurfaceflinger_48f2a4_c0 reference: unsupported insn 0x9e670101
[SKIP  ] bb_libsurfaceflinger_48f2a4_c1 reference: unsupported insn 0x9e670101
[SKIP  ] bb_libsurfaceflinger_48f2a4_c2 reference: unsupported insn 0x9e670101
[SKIP  ] bb_libsurfaceflinger_48fa58_c0 reference: unsupported insn 0x2e205823
[SKIP  ] bb_libsurfaceflinger_48fa58_c1 reference: unsupported insn 0x2e205823
[SKIP  ] bb_libsurfaceflinger_48fa58_c2 reference: unsupported insn 0x2e205823
[SKIP  ] bb_libsurfaceflinger_48fe14_c0 reference: unsupported insn 0x1e2600c8
[SKIP  ] bb_libsurfaceflinger_48fe14_c1 reference: unsupported insn 0x1e2600c8
[SKIP  ] bb_libsurfaceflinger_48fe14_c2 reference: unsupported insn 0x1e2600c8
[PASS  ] bb_libsurfaceflinger_48fe28_c0 (355 bytes x86)
[PASS  ] bb_libsurfaceflinger_48fe28_c1 (355 bytes x86)
[PASS  ] bb_libsurfaceflinger_48fe28_c2 (355 bytes x86)
[SKIP  ] bb_libsurfaceflinger_48fe68_c0 reference: unsupported insn 0x1e260208
[SKIP  ] bb_libsurfaceflinger_48fe68_c1 reference: unsupported insn 0x1e260208
[SKIP  ] bb_libsurfaceflinger_48fe68_c2 reference: unsupported insn 0x1e260208
[PASS  ] bb_libsurfaceflinger_48fe90_c0 (355 bytes x86)
[PASS  ] bb_libsurfaceflinger_48fe90_c1 (355 bytes x86)
[PASS  ] bb_libsurfaceflinger_48fe90_c2 (355 bytes x86)
[SKIP  ] bb_libsurfaceflinger_48fed0_c0 reference: unsupported insn 0x1e260248
[SKIP  ] bb_libsurfaceflinger_48fed0_c1 reference: unsupported insn 0x1e260248
[SKIP  ] bb_libsurfaceflinger_48fed0_c2 reference: unsupported insn 0x1e260248
[PASS  ] bb_libsurfaceflinger_48fef4_c0 (355 bytes x86)
[PASS  ] bb_libsurfaceflinger_48fef4_c1 (355 bytes x86)
[PASS  ] bb_libsurfaceflinger_48fef4_c2 (355 bytes x86)
[PASS  ] bb_libsurfaceflinger_48ff14_c0 (494 bytes x86)
[PASS  ] bb_libsurfaceflinger_48ff14_c1 (494 bytes x86)
[PASS  ] bb_libsurfaceflinger_48ff14_c2 (494 bytes x86)
[SKIP  ] bb_libsurfaceflinger_48ff34_c0 reference: unsupported insn 0x1e2600a8
[SKIP  ] bb_libsurfaceflinger_48ff34_c1 reference: unsupported insn 0x1e2600a8
[SKIP  ] bb_libsurfaceflinger_48ff34_c2 reference: unsupported insn 0x1e2600a8
[PASS  ] bb_libsurfaceflinger_48ff44_c0 (355 bytes x86)
[PASS  ] bb_libsurfaceflinger_48ff44_c1 (355 bytes x86)
[PASS  ] bb_libsurfaceflinger_48ff44_c2 (355 bytes x86)
[PASS  ] bb_libsurfaceflinger_48ff64_c0 (469 bytes x86)
[PASS  ] bb_libsurfaceflinger_48ff64_c1 (469 bytes x86)
[PASS  ] bb_libsurfaceflinger_48ff64_c2 (469 bytes x86)
[PASS  ] bb_libsurfaceflinger_4907c0_c0 (215 bytes x86)
[PASS  ] bb_libsurfaceflinger_4907c0_c1 (215 bytes x86)
[PASS  ] bb_libsurfaceflinger_4907c0_c2 (215 bytes x86)
[SKIP  ] bb_libsurfaceflinger_4907f8_c0 reference: unsupported insn 0x1e18f809
[SKIP  ] bb_libsurfaceflinger_4907f8_c1 reference: unsupported insn 0x1e18f809
[SKIP  ] bb_libsurfaceflinger_4907f8_c2 reference: unsupported insn 0x1e18f809
[PASS  ] bb_libsurfaceflinger_4911bc_c0 (166 bytes x86)
[PASS  ] bb_libsurfaceflinger_4911bc_c1 (166 bytes x86)
[PASS  ] bb_libsurfaceflinger_4911bc_c2 (166 bytes x86)
[SKIP  ] bb_libsurfaceflinger_4911e0_c0 reference: unsupported insn 0x2f00e401
[SKIP  ] bb_libsurfaceflinger_4911e0_c1 reference: unsupported insn 0x2f00e401
[SKIP  ] bb_libsurfaceflinger_4911e0_c2 reference: unsupported insn 0x2f00e401
[SKIP  ] bb_libsurfaceflinger_4915a8_c0 reference: unsupported insn 0x1e260008
[SKIP  ] bb_libsurfaceflinger_4915a8_c1 reference: unsupported insn 0x1e260008
[SKIP  ] bb_libsurfaceflinger_4915a8_c2 reference: unsupported insn 0x1e260008
[PASS  ] bb_libsurfaceflinger_4915bc_c0 (100 bytes x86)
[PASS  ] bb_libsurfaceflinger_4915bc_c1 (100 bytes x86)
[PASS  ] bb_libsurfaceflinger_4915bc_c2 (100 bytes x86)
[SKIP  ] bb_libsurfaceflinger_4919e0_c0 reference: unsupported insn 0x1e270080
[SKIP  ] bb_libsurfaceflinger_4919e0_c1 reference: unsupported insn 0x1e270080
[SKIP  ] bb_libsurfaceflinger_4919e0_c2 reference: unsupported insn 0x1e270080
[SKIP  ] bb_libsurfaceflinger_491a00_c0 reference: unsupported insn 0x2e21c004
[SKIP  ] bb_libsurfaceflinger_491a00_c1 reference: unsupported insn 0x2e21c004
[SKIP  ] bb_libsurfaceflinger_491a00_c2 reference: unsupported insn 0x2e21c004
[SKIP  ] bb_libsurfaceflinger_492170_c0 reference: unsupported insn 0x1e260029
[SKIP  ] bb_libsurfaceflinger_492170_c1 reference: unsupported insn 0x1e260029
[SKIP  ] bb_libsurfaceflinger_492170_c2 reference: unsupported insn 0x1e260029
[SKIP  ] bb_libsurfaceflinger_492184_c0 reference: unsupported insn 0x1e260009
[SKIP  ] bb_libsurfaceflinger_492184_c1 reference: unsupported insn 0x1e260009
[SKIP  ] bb_libsurfaceflinger_492184_c2 reference: unsupported insn 0x1e260009
[SKIP  ] bb_libsurfaceflinger_49421c_c0 reference: unsupported insn 0x1e270103
[SKIP  ] bb_libsurfaceflinger_49421c_c1 reference: unsupported insn 0x1e270103
[SKIP  ] bb_libsurfaceflinger_49421c_c2 reference: unsupported insn 0x1e270103
[PASS  ] bb_libsurfaceflinger_494264_c0 (130 bytes x86)
[PASS  ] bb_libsurfaceflinger_494264_c1 (130 bytes x86)
[PASS  ] bb_libsurfaceflinger_494264_c2 (130 bytes x86)
[SKIP  ] bb_libsurfaceflinger_4944a0_c0 reference: unsupported insn 0x4e61d842
[SKIP  ] bb_libsurfaceflinger_4944a0_c1 reference: unsupported insn 0x4e61d842
[SKIP  ] bb_libsurfaceflinger_4944a0_c2 reference: unsupported insn 0x4e61d842
[SKIP  ] bb_libsurfaceflinger_4944c0_c0 reference: unsupported insn 0x0e617821
[SKIP  ] bb_libsurfaceflinger_4944c0_c1 reference: unsupported insn 0x0e617821
[SKIP  ] bb_libsurfaceflinger_4944c0_c2 reference: unsupported insn 0x0e617821
[PASS  ] bb_libsurfaceflinger_4944e0_c0 (464 bytes x86)
[PASS  ] bb_libsurfaceflinger_4944e0_c1 (464 bytes x86)
[PASS  ] bb_libsurfaceflinger_4944e0_c2 (464 bytes x86)
[SKIP  ] bb_libsurfaceflinger_494520_c0 reference: unsupported insn 0x5e180406
[SKIP  ] bb_libsurfaceflinger_494520_c1 reference: unsupported insn 0x5e180406
[SKIP  ] bb_libsurfaceflinger_494520_c2 reference: unsupported insn 0x5e180406
[PASS  ] bb_libsurfaceflinger_494700_c0 (355 bytes x86)
[PASS  ] bb_libsurfaceflinger_494700_c1 (355 bytes x86)
[PASS  ] bb_libsurfaceflinger_494700_c2 (355 bytes x86)
[SKIP  ] bb_libsurfaceflinger_494770_c0 reference: unsupported insn 0x1e260068
[SKIP  ] bb_libsurfaceflinger_494770_c1 reference: unsupported insn 0x1e260068
[SKIP  ] bb_libsurfaceflinger_494770_c2 reference: unsupported insn 0x1e260068
[PASS  ] bb_libsurfaceflinger_49478c_c0 (355 bytes x86)
[PASS  ] bb_libsurfaceflinger_49478c_c1 (355 bytes x86)
[PASS  ] bb_libsurfaceflinger_49478c_c2 (355 bytes x86)
[SKIP  ] bb_libsurfaceflinger_494900_c0 reference: unsupported insn 0x0e616800
[SKIP  ] bb_libsurfaceflinger_494900_c1 reference: unsupported insn 0x0e616800
[SKIP  ] bb_libsurfaceflinger_494900_c2 reference: unsupported insn 0x0e616800
[SKIP  ] bb_libsurfaceflinger_494920_c0 reference: unsupported insn 0x1e260028
[SKIP  ] bb_libsurfaceflinger_494920_c1 reference: unsupported insn 0x1e260028
[SKIP  ] bb_libsurfaceflinger_494920_c2 reference: unsupported insn 0x1e260028
[SKIP  ] bb_libsurfaceflinger_494970_c0 reference: unsupported insn 0x2f016621
[SKIP  ] bb_libsurfaceflinger_494970_c1 reference: unsupported insn 0x2f016621
[SKIP  ] bb_libsurfaceflinger_494970_c2 reference: unsupported insn 0x2f016621
[SKIP  ] bb_libsurfaceflinger_494b58_c0 reference: unsupported insn 0x5e0c0422
[SKIP  ] bb_libsurfaceflinger_494b58_c1 reference: unsupported insn 0x5e0c0422
[SKIP  ] bb_libsurfaceflinger_494b58_c2 reference: unsupported insn 0x5e0c0422
[SKIP  ] bb_libsurfaceflinger_494b6c_c0 reference: unsupported insn 0x5e0c0401
[SKIP  ] bb_libsurfaceflinger_494b6c_c1 reference: unsupported insn 0x5e0c0401
[SKIP  ] bb_libsurfaceflinger_494b6c_c2 reference: unsupported insn 0x5e0c0401
[SKIP  ] bb_libsurfaceflinger_494ba4_c0 reference: unsupported insn 0x5e1c0401
[SKIP  ] bb_libsurfaceflinger_494ba4_c1 reference: unsupported insn 0x5e1c0401
[SKIP  ] bb_libsurfaceflinger_494ba4_c2 reference: unsupported insn 0x5e1c0401
[SKIP  ] bb_libsurfaceflinger_494bc0_c0 reference: unsupported insn 0x5e0c0401
[SKIP  ] bb_libsurfaceflinger_494bc0_c1 reference: unsupported insn 0x5e0c0401
[SKIP  ] bb_libsurfaceflinger_494bc0_c2 reference: unsupported insn 0x5e0c0401
[SKIP  ] bb_libsurfaceflinger_494cf8_c0 reference: unsupported insn 0x0e617800
[SKIP  ] bb_libsurfaceflinger_494cf8_c1 reference: unsupported insn 0x0e617800
[SKIP  ] bb_libsurfaceflinger_494cf8_c2 reference: unsupported insn 0x0e617800
[SKIP  ] bb_libsurfaceflinger_494d18_c0 reference: unsupported insn 0x0e617842
[SKIP  ] bb_libsurfaceflinger_494d18_c1 reference: unsupported insn 0x0e617842
[SKIP  ] bb_libsurfaceflinger_494d18_c2 reference: unsupported insn 0x0e617842
[PASS  ] bb_libsurfaceflinger_494d38_c0 (442 bytes x86)
[PASS  ] bb_libsurfaceflinger_494d38_c1 (442 bytes x86)
[PASS  ] bb_libsurfaceflinger_494d38_c2 (442 bytes x86)
[PASS  ] bb_libsurfaceflinger_494d58_c0 (566 bytes x86)
[PASS  ] bb_libsurfaceflinger_494d58_c1 (566 bytes x86)
[PASS  ] bb_libsurfaceflinger_494d58_c2 (566 bytes x86)
[SKIP  ] bb_libsurfaceflinger_495530_c0 reference: unsupported insn 0x9e670000
[SKIP  ] bb_libsurfaceflinger_495530_c1 reference: unsupported insn 0x9e670000
[SKIP  ] bb_libsurfaceflinger_495530_c2 reference: unsupported insn 0x9e670000
[SKIP  ] bb_libsurfaceflinger_4955c4_c0 reference: unsupported insn 0x9e670001
[SKIP  ] bb_libsurfaceflinger_4955c4_c1 reference: unsupported insn 0x9e670001
[SKIP  ] bb_libsurfaceflinger_4955c4_c2 reference: unsupported insn 0x9e670001
[SKIP  ] bb_libsurfaceflinger_49573c_c0 reference: unsupported insn 0x5e1c04e7
[SKIP  ] bb_libsurfaceflinger_49573c_c1 reference: unsupported insn 0x5e1c04e7
[SKIP  ] bb_libsurfaceflinger_49573c_c2 reference: unsupported insn 0x5e1c04e7
[PASS  ] bb_libsurfaceflinger_49575c_c0 (463 bytes x86)
[PASS  ] bb_libsurfaceflinger_49575c_c1 (463 bytes x86)
[PASS  ] bb_libsurfaceflinger_49575c_c2 (463 bytes x86)
[SKIP  ] bb_libsurfaceflinger_495870_c0 reference: unsupported insn 0x7ea4d444
[SKIP  ] bb_libsurfaceflinger_495870_c1 reference: unsupported insn 0x7ea4d444
[SKIP  ] bb_libsurfaceflinger_495870_c2 reference: unsupported insn 0x7ea4d444
[SKIP  ] bb_libsurfaceflinger_4958ec_c0 reference: unsupported insn 0x1e2e1004
[SKIP  ] bb_libsurfaceflinger_4958ec_c1 reference: unsupported insn 0x1e2e1004
[SKIP  ] bb_libsurfaceflinger_4958ec_c2 reference: unsupported insn 0x1e2e1004
[SKIP  ] bb_libsurfaceflinger_495cfc_c0 reference: unsupported insn 0x1e700049
[SKIP  ] bb_libsurfaceflinger_495cfc_c1 reference: unsupported insn 0x1e700049
[SKIP  ] bb_libsurfaceflinger_495cfc_c2 reference: unsupported insn 0x1e700049
[SKIP  ] bb_libsurfaceflinger_495d44_c0 reference: unsupported insn 0x1e70006a
[SKIP  ] bb_libsurfaceflinger_495d44_c1 reference: unsupported insn 0x1e70006a
[SKIP  ] bb_libsurfaceflinger_495d44_c2 reference: unsupported insn 0x1e70006a
[SKIP  ] bb_libsurfaceflinger_495d6c_c0 reference: unsupported insn 0x1e2e1003
[SKIP  ] bb_libsurfaceflinger_495d6c_c1 reference: unsupported insn 0x1e2e1003
[SKIP  ] bb_libsurfaceflinger_495d6c_c2 reference: unsupported insn 0x1e2e1003
[SKIP  ] bb_libsurfaceflinger_495d80_c0 reference: unsupported insn 0x1e3e1010
[SKIP  ] bb_libsurfaceflinger_495d80_c1 reference: unsupported insn 0x1e3e1010
[SKIP  ] bb_libsurfaceflinger_495d80_c2 reference: unsupported insn 0x1e3e1010
[PASS  ] bb_libsurfaceflinger_495da0_c0 (177 bytes x86)
[PASS  ] bb_libsurfaceflinger_495da0_c1 (177 bytes x86)
[PASS  ] bb_libsurfaceflinger_495da0_c2 (177 bytes x86)
[PASS  ] bb_libsurfaceflinger_495dfc_c0 (632 bytes x86)
[PASS  ] bb_libsurfaceflinger_495dfc_c1 (632 bytes x86)
[PASS  ] bb_libsurfaceflinger_495dfc_c2 (632 bytes x86)
[PASS  ] bb_libsurfaceflinger_495e1c_c0 (170 bytes x86)
[PASS  ] bb_libsurfaceflinger_495e1c_c1 (170 bytes x86)
[PASS  ] bb_libsurfaceflinger_495e1c_c2 (170 bytes x86)
[SKIP  ] bb_libsurfaceflinger_496f40_c0 reference: unsupported insn 0x1e3e1000
[SKIP  ] bb_libsurfaceflinger_496f40_c1 reference: unsupported insn 0x1e3e1000
[SKIP  ] bb_libsurfaceflinger_496f40_c2 reference: unsupported insn 0x1e3e1000
[SKIP  ] bb_libsurfaceflinger_4970ec_c0 reference: unsupported insn 0x0ea02042
[SKIP  ] bb_libsurfaceflinger_4970ec_c1 reference: unsupported insn 0x0ea02042
[SKIP  ] bb_libsurfaceflinger_4970ec_c2 reference: unsupported insn 0x0ea02042
[SKIP  ] bb_libsurfaceflinger_497280_c0 reference: unsupported insn 0x0f0167e0
[SKIP  ] bb_libsurfaceflinger_497280_c1 reference: unsupported insn 0x0f0167e0
[SKIP  ] bb_libsurfaceflinger_497280_c2 reference: unsupported insn 0x0f0167e0
[SKIP  ] bb_libsurfaceflinger_497e2c_c0 reference: unsupported insn 0x4e21d800
[SKIP  ] bb_libsurfaceflinger_497e2c_c1 reference: unsupported insn 0x4e21d800
[SKIP  ] bb_libsurfaceflinger_497e2c_c2 reference: unsupported insn 0x4e21d800
[SKIP  ] bb_libsurfaceflinger_4987e4_c0 reference: unsupported insn 0x9e670383
[SKIP  ] bb_libsurfaceflinger_4987e4_c1 reference: unsupported insn 0x9e670383
[SKIP  ] bb_libsurfaceflinger_4987e4_c2 reference: unsupported insn 0x9e670383
[PASS  ] bb_libsurfaceflinger_498804_c0 (467 bytes x86)
[PASS  ] bb_libsurfaceflinger_498804_c1 (467 bytes x86)
[PASS  ] bb_libsurfaceflinger_498804_c2 (467 bytes x86)
[PASS  ] bb_libsurfaceflinger_498824_c0 (429 bytes x86)
[PASS  ] bb_libsurfaceflinger_498824_c1 (429 bytes x86)
[PASS  ] bb_libsurfaceflinger_498824_c2 (429 bytes x86)
[SKIP  ] bb_libsurfaceflinger_499390_c0 reference: unsupported insn 0x1e6e1000
[SKIP  ] bb_libsurfaceflinger_499390_c1 reference: unsupported insn 0x1e6e1000
[SKIP  ] bb_libsurfaceflinger_499390_c2 reference: unsupported insn 0x1e6e1000
[PASS  ] bb_libsurfaceflinger_4996f0_c0 (224 bytes x86)
[PASS  ] bb_libsurfaceflinger_4996f0_c1 (224 bytes x86)
[PASS  ] bb_libsurfaceflinger_4996f0_c2 (224 bytes x86)
[PASS  ] bb_libsurfaceflinger_499700_c0 (154 bytes x86)
[PASS  ] bb_libsurfaceflinger_499700_c1 (154 bytes x86)
[PASS  ] bb_libsurfaceflinger_499700_c2 (154 bytes x86)
[SKIP  ] bb_libsurfaceflinger_49a200_c0 reference: unsupported insn 0x5e0c0401
[SKIP  ] bb_libsurfaceflinger_49a200_c1 reference: unsupported insn 0x5e0c0401
[SKIP  ] bb_libsurfaceflinger_49a200_c2 reference: unsupported insn 0x5e0c0401
[SKIP  ] bb_libsurfaceflinger_49a3ec_c0 reference: unsupported insn 0x5e0c0401
[SKIP  ] bb_libsurfaceflinger_49a3ec_c1 reference: unsupported insn 0x5e0c0401
[SKIP  ] bb_libsurfaceflinger_49a3ec_c2 reference: unsupported insn 0x5e0c0401
[SKIP  ] bb_libsurfaceflinger_49a450_c0 reference: unsupported insn 0x4f839025
[SKIP  ] bb_libsurfaceflinger_49a450_c1 reference: unsupported insn 0x4f839025
[SKIP  ] bb_libsurfaceflinger_49a450_c2 reference: unsupported insn 0x4f839025
[SKIP  ] bb_libsurfaceflinger_49a490_c0 reference: unsupported insn 0x5e0c0401
[SKIP  ] bb_libsurfaceflinger_49a490_c1 reference: unsupported insn 0x5e0c0401
[SKIP  ] bb_libsurfaceflinger_49a490_c2 reference: unsupported insn 0x5e0c0401
[SKIP  ] bb_libsurfaceflinger_49a614_c0 reference: unsupported insn 0x1e270103
[SKIP  ] bb_libsurfaceflinger_49a614_c1 reference: unsupported insn 0x1e270103
[SKIP  ] bb_libsurfaceflinger_49a614_c2 reference: unsupported insn 0x1e270103
[SKIP  ] bb_libsurfaceflinger_49ac00_c0 reference: unsupported insn 0xd53bd05a
[SKIP  ] bb_libsurfaceflinger_49ac00_c1 reference: unsupported insn 0xd53bd05a
[SKIP  ] bb_libsurfaceflinger_49ac00_c2 reference: unsupported insn 0xd53bd05a
[SKIP  ] bb_libsurfaceflinger_49b250_c0 reference: unsupported insn 0x1e260009
[SKIP  ] bb_libsurfaceflinger_49b250_c1 reference: unsupported insn 0x1e260009
[SKIP  ] bb_libsurfaceflinger_49b250_c2 reference: unsupported insn 0x1e260009
[PASS  ] bb_libsurfaceflinger_49b7a8_c0 (81 bytes x86)
[PASS  ] bb_libsurfaceflinger_49b7a8_c1 (81 bytes x86)
[PASS  ] bb_libsurfaceflinger_49b7a8_c2 (81 bytes x86)
[PASS  ] bb_libsurfaceflinger_49bc84_c0 (287 bytes x86)
[PASS  ] bb_libsurfaceflinger_49bc84_c1 (287 bytes x86)
[PASS  ] bb_libsurfaceflinger_49bc84_c2 (287 bytes x86)
[PASS  ] bb_libsurfaceflinger_49bcd8_c0 (233 bytes x86)
[PASS  ] bb_libsurfaceflinger_49bcd8_c1 (233 bytes x86)
[PASS  ] bb_libsurfaceflinger_49bcd8_c2 (233 bytes x86)
[PASS  ] bb_libsurfaceflinger_49bf18_c0 (179 bytes x86)
[PASS  ] bb_libsurfaceflinger_49bf18_c1 (179 bytes x86)
[PASS  ] bb_libsurfaceflinger_49bf18_c2 (179 bytes x86)
[PASS  ] bb_libsurfaceflinger_49bf24_c0 (299 bytes x86)
[PASS  ] bb_libsurfaceflinger_49bf24_c1 (299 bytes x86)
[PASS  ] bb_libsurfaceflinger_49bf24_c2 (299 bytes x86)
[PASS  ] bb_libsurfaceflinger_49bf70_c0 (255 bytes x86)
[PASS  ] bb_libsurfaceflinger_49bf70_c1 (255 bytes x86)
[PASS  ] bb_libsurfaceflinger_49bf70_c2 (255 bytes x86)
[PASS  ] bb_libsurfaceflinger_49c1e0_c0 (179 bytes x86)
[PASS  ] bb_libsurfaceflinger_49c1e0_c1 (179 bytes x86)
[PASS  ] bb_libsurfaceflinger_49c1e0_c2 (179 bytes x86)
[PASS  ] bb_libsurfaceflinger_49c3c0_c0 (130 bytes x86)
[PASS  ] bb_libsurfaceflinger_49c3c0_c1 (130 bytes x86)
[PASS  ] bb_libsurfaceflinger_49c3c0_c2 (130 bytes x86)
[PASS  ] bb_libsurfaceflinger_49c3d8_c0 (301 bytes x86)
[PASS  ] bb_libsurfaceflinger_49c3d8_c1 (301 bytes x86)
[PASS  ] bb_libsurfaceflinger_49c3d8_c2 (301 bytes x86)
[PASS  ] bb_libsurfaceflinger_49c470_c0 (84 bytes x86)
[PASS  ] bb_libsurfaceflinger_49c470_c1 (84 bytes x86)
[PASS  ] bb_libsurfaceflinger_49c470_c2 (84 bytes x86)
[PASS  ] bb_libsurfaceflinger_49c4cc_c0 (380 bytes x86)
[PASS  ] bb_libsurfaceflinger_49c4cc_c1 (380 bytes x86)
[PASS  ] bb_libsurfaceflinger_49c4cc_c2 (380 bytes x86)
[SKIP  ] bb_libsurfaceflinger_49c4e4_c0 reference: unsupported insn 0x1e260109
[SKIP  ] bb_libsurfaceflinger_49c4e4_c1 reference: unsupported insn 0x1e260109
[SKIP  ] bb_libsurfaceflinger_49c4e4_c2 reference: unsupported insn 0x1e260109
[SKIP  ] bb_libsurfaceflinger_49d9b0_c0 reference: unsupported insn 0x1e3c1009
[SKIP  ] bb_libsurfaceflinger_49d9b0_c1 reference: unsupported insn 0x1e3c1009
[SKIP  ] bb_libsurfaceflinger_49d9b0_c2 reference: unsupported insn 0x1e3c1009
[PASS  ] bb_libsurfaceflinger_49d9d0_c0 (109 bytes x86)
[PASS  ] bb_libsurfaceflinger_49d9d0_c1 (109 bytes x86)
[PASS  ] bb_libsurfaceflinger_49d9d0_c2 (109 bytes x86)
[SKIP  ] bb_libsurfaceflinger_49da10_c0 reference: unsupported insn 0x1e2f1002
[SKIP  ] bb_libsurfaceflinger_49da10_c1 reference: unsupported insn 0x1e2f1002
[SKIP  ] bb_libsurfaceflinger_49da10_c2 reference: unsupported insn 0x1e2f1002
[SKIP  ] bb_libsurfaceflinger_49da20_c0 reference: unsupported insn 0x1e3f1001
[SKIP  ] bb_libsurfaceflinger_49da20_c1 reference: unsupported insn 0x1e3f1001
[SKIP  ] bb_libsurfaceflinger_49da20_c2 reference: unsupported insn 0x1e3f1001
[SKIP  ] bb_libsurfaceflinger_49da38_c0 reference: unsupported insn 0x1e2c1003
[SKIP  ] bb_libsurfaceflinger_49da38_c1 reference: unsupported insn 0x1e2c1003
[SKIP  ] bb_libsurfaceflinger_49da38_c2 reference: unsupported insn 0x1e2c1003
[SKIP  ] bb_libsurfaceflinger_49da4c_c0 reference: unsupported insn 0x1e231003
[SKIP  ] bb_libsurfaceflinger_49da4c_c1 reference: unsupported insn 0x1e231003
[SKIP  ] bb_libsurfaceflinger_49da4c_c2 reference: unsupported insn 0x1e231003
[SKIP  ] bb_libsurfaceflinger_49da6c_c0 reference: unsupported insn 0x1e2c5001
[SKIP  ] bb_libsurfaceflinger_49da6c_c1 reference: unsupported insn 0x1e2c5001
[SKIP  ] bb_libsurfaceflinger_49da6c_c2 reference: unsupported insn 0x1e2c5001
[SKIP  ] bb_libsurfaceflinger_49da80_c0 reference: unsupported insn 0x1e3c1003
[SKIP  ] bb_libsurfaceflinger_49da80_c1 reference: unsupported insn 0x1e3c1003
[SKIP  ] bb_libsurfaceflinger_49da80_c2 reference: unsupported insn 0x1e3c1003
[SKIP  ] bb_libsurfaceflinger_49da8c_c0 reference: unsupported insn 0x1e211001
[SKIP  ] bb_libsurfaceflinger_49da8c_c1 reference: unsupported insn 0x1e211001
[SKIP  ] bb_libsurfaceflinger_49da8c_c2 reference: unsupported insn 0x1e211001
[SKIP  ] bb_libsurfaceflinger_49daa8_c0 reference: unsupported insn 0x1e331003
[SKIP  ] bb_libsurfaceflinger_49daa8_c1 reference: unsupported insn 0x1e331003
[SKIP  ] bb_libsurfaceflinger_49daa8_c2 reference: unsupported insn 0x1e331003
[SKIP  ] bb_libsurfaceflinger_49dac8_c0 reference: unsupported insn 0x1e2b9001
[SKIP  ] bb_libsurfaceflinger_49dac8_c1 reference: unsupported insn 0x1e2b9001
[SKIP  ] bb_libsurfaceflinger_49dac8_c2 reference: unsupported insn 0x1e2b9001
[SKIP  ] bb_libsurfaceflinger_49db0c_c0 reference: unsupported insn 0x1e231000
[SKIP  ] bb_libsurfaceflinger_49db0c_c1 reference: unsupported insn 0x1e231000
[SKIP  ] bb_libsurfaceflinger_49db0c_c2 reference: unsupported insn 0x1e231000
[SKIP  ] bb_libsurfaceflinger_49db2c_c0 reference: unsupported insn 0x1e270101
[SKIP  ] bb_libsurfaceflinger_49db2c_c1 reference: unsupported insn 0x1e270101
[SKIP  ] bb_libsurfaceflinger_49db2c_c2 reference: unsupported insn 0x1e270101
[PASS  ] bb_libsurfaceflinger_49db4c_c0 (234 bytes x86)
[PASS  ] bb_libsurfaceflinger_49db4c_c1 (234 bytes x86)
[PASS  ] bb_libsurfaceflinger_49db4c_c2 (234 bytes x86)
[PASS  ] bb_libsurfaceflinger_49db58_c0 (392 bytes x86)
[PASS  ] bb_libsurfaceflinger_49db58_c1 (392 bytes x86)
[PASS  ] bb_libsurfaceflinger_49db58_c2 (392 bytes x86)
[SKIP  ] bb_libsurfaceflinger_49db78_c0 reference: unsupported insn 0x1e2c100b
[SKIP  ] bb_libsurfaceflinger_49db78_c1 reference: unsupported insn 0x1e2c100b
[SKIP  ] bb_libsurfaceflinger_49db78_c2 reference: unsupported insn 0x1e2c100b
[PASS  ] bb_libsurfaceflinger_49db94_c0 (252 bytes x86)
[PASS  ] bb_libsurfaceflinger_49db94_c1 (252 bytes x86)
[PASS  ] bb_libsurfaceflinger_49db94_c2 (252 bytes x86)
[PASS  ] bb_libsurfaceflinger_49dbac_c0 (137 bytes x86)
[PASS  ] bb_libsurfaceflinger_49dbac_c1 (137 bytes x86)
[PASS  ] bb_libsurfaceflinger_49dbac_c2 (137 bytes x86)
[SKIP  ] bb_libsurfaceflinger_49dbbc_c0 reference: unsupported insn 0x1e270381
[SKIP  ] bb_libsurfaceflinger_49dbbc_c1 reference: unsupported insn 0x1e270381
[SKIP  ] bb_libsurfaceflinger_49dbbc_c2 reference: unsupported insn 0x1e270381
[SKIP  ] bb_libsurfaceflinger_49dc80_c0 reference: unsupported insn 0x1e231000
[SKIP  ] bb_libsurfaceflinger_49dc80_c1 reference: unsupported insn 0x1e231000
[SKIP  ] bb_libsurfaceflinger_49dc80_c2 reference: unsupported insn 0x1e231000
[SKIP  ] bb_libsurfaceflinger_49dcf8_c0 reference: unsupported insn 0x6f03f400
[SKIP  ] bb_libsurfaceflinger_49dcf8_c1 reference: unsupported insn 0x6f03f400
[SKIP  ] bb_libsurfaceflinger_49dcf8_c2 reference: unsupported insn 0x6f03f400
[SKIP  ] bb_libsurfaceflinger_49dd58_c0 reference: unsupported insn 0x2f016621
[SKIP  ] bb_libsurfaceflinger_49dd58_c1 reference: unsupported insn 0x2f016621
[SKIP  ] bb_libsurfaceflinger_49dd58_c2 reference: unsupported insn 0x2f016621

summary: 2139 PASS, 0 FAIL, 3855 SKIP, 6 DBTERR
